review_id,sentence_id,domain,sentence_text,target,category,polarity,annotation_status,has_opinion_annotation,has_aspect_category,has_target
1004293,1004293:0,restaurant,"Judging from previous posts this used to be a good place, but not any longer.",place,RESTAURANT#GENERAL,negative,annotated,True,True,True
1004293,1004293:1,restaurant,"We, there were four of us, arrived at noon - the place was empty - and the staff acted like we were imposing on them and they were very rude.",staff,SERVICE#GENERAL,negative,annotated,True,True,True
1004293,1004293:2,restaurant,"They never brought us complimentary noodles, ignored repeated requests for sugar, and threw our dishes on the table.",NULL,SERVICE#GENERAL,negative,annotated,True,True,False
1004293,1004293:3,restaurant,The food was lousy - too sweet or too salty and the portions tiny.,food,FOOD#QUALITY,negative,annotated,True,True,True
1004293,1004293:3,restaurant,The food was lousy - too sweet or too salty and the portions tiny.,portions,FOOD#STYLE_OPTIONS,negative,annotated,True,True,True
1004293,1004293:4,restaurant,"After all that, they complained to me about the small tip.",NULL,SERVICE#GENERAL,negative,annotated,True,True,False
1004293,1004293:5,restaurant,Avoid this place!,place,RESTAURANT#GENERAL,negative,annotated,True,True,True
1014458,1014458:0,restaurant,"I have eaten at Saul, many times, the food is always consistently, outrageously good.",food,FOOD#QUALITY,positive,annotated,True,True,True
1014458,1014458:1,restaurant,Saul is the best restaurant on Smith Street and in Brooklyn.,Saul,RESTAURANT#GENERAL,positive,annotated,True,True,True
1014458,1014458:2,restaurant,The duck confit is always amazing and the foie gras terrine with figs was out of this world.,foie gras terrine with figs,FOOD#QUALITY,positive,annotated,True,True,True
1014458,1014458:2,restaurant,The duck confit is always amazing and the foie gras terrine with figs was out of this world.,duck confit,FOOD#QUALITY,positive,annotated,True,True,True
1014458,1014458:3,restaurant,The wine list is interesting and has many good values.,wine list,DRINKS#STYLE_OPTIONS,positive,annotated,True,True,True
1014458,1014458:3,restaurant,The wine list is interesting and has many good values.,wine list,DRINKS#PRICES,positive,annotated,True,True,True
1014458,1014458:4,restaurant,"For the price, you cannot eat this well in Manhattan.",NULL,RESTAURANT#PRICES,positive,annotated,True,True,False
1014458,1014458:4,restaurant,"For the price, you cannot eat this well in Manhattan.",NULL,FOOD#QUALITY,positive,annotated,True,True,False
1016296,1016296:0,restaurant,I was very disappointed with this restaurant.,restaurant,RESTAURANT#GENERAL,negative,annotated,True,True,True
1016296,1016296:1,restaurant,Ive asked a cart attendant for a lotus leaf wrapped rice and she replied back rice and just walked away.,cart attendant,SERVICE#GENERAL,negative,annotated,True,True,True
1016296,1016296:2,restaurant,I had to ask her three times before she finally came back with the dish Ive requested.,NULL,SERVICE#GENERAL,negative,annotated,True,True,False
1016296,1016296:3,restaurant,"Food was okay, nothing great.",Food,FOOD#QUALITY,neutral,annotated,True,True,True
1016296,1016296:4,restaurant,Chow fun was dry; pork shu mai was more than usually greasy and had to share a table with loud and rude family.,Chow fun,FOOD#QUALITY,negative,annotated,True,True,True
1016296,1016296:4,restaurant,Chow fun was dry; pork shu mai was more than usually greasy and had to share a table with loud and rude family.,pork shu mai,FOOD#QUALITY,negative,annotated,True,True,True
1016296,1016296:4,restaurant,Chow fun was dry; pork shu mai was more than usually greasy and had to share a table with loud and rude family.,NULL,AMBIENCE#GENERAL,negative,annotated,True,True,False
1016296,1016296:5,restaurant,I/we will never go back to this place again.,place,RESTAURANT#GENERAL,negative,annotated,True,True,True
1028246,1028246:0,restaurant,"Went on a 3 day oyster binge, with Fish bringing up the closing, and I am so glad this was the place it O trip ended, because it was so great!",Fish,RESTAURANT#GENERAL,positive,annotated,True,True,True
1028246,1028246:1,restaurant,"Service was devine, oysters where a sensual as they come, and the price can't be beat!!!",Service,SERVICE#GENERAL,positive,annotated,True,True,True
1028246,1028246:1,restaurant,"Service was devine, oysters where a sensual as they come, and the price can't be beat!!!",oysters,FOOD#QUALITY,positive,annotated,True,True,True
1028246,1028246:1,restaurant,"Service was devine, oysters where a sensual as they come, and the price can't be beat!!!",NULL,RESTAURANT#PRICES,positive,annotated,True,True,False
1028246,1028246:2,restaurant,You can't go wrong here.,NULL,RESTAURANT#GENERAL,positive,annotated,True,True,False
1032695,1032695:0,restaurant,Every time in New York I make it a point to visit Restaurant Saul on Smith Street.,Restaurant Saul,RESTAURANT#GENERAL,positive,annotated,True,True,True
1032695,1032695:1,restaurant,"Everything is always cooked to perfection, the service is excellent, the decor cool and understated.",NULL,FOOD#QUALITY,positive,annotated,True,True,False
1032695,1032695:1,restaurant,"Everything is always cooked to perfection, the service is excellent, the decor cool and understated.",service,SERVICE#GENERAL,positive,annotated,True,True,True
1032695,1032695:1,restaurant,"Everything is always cooked to perfection, the service is excellent, the decor cool and understated.",decor,AMBIENCE#GENERAL,positive,annotated,True,True,True
1032695,1032695:2,restaurant,I had the duck breast special on my last visit and it was incredible.,duck breast special,FOOD#QUALITY,positive,annotated,True,True,True
1032695,1032695:3,restaurant,Can't wait wait for my next visit.,NULL,RESTAURANT#GENERAL,positive,annotated,True,True,False
1041457,1041457:0,restaurant,"I had my eyes on this place, promising myself I will one day 'give it a try.'",,,,non_annotated,False,False,False
1041457,1041457:1,restaurant,And I hate to say this but I doubt I'll ever go back.,NULL,RESTAURANT#GENERAL,negative,annotated,True,True,False
1041457,1041457:2,restaurant,"The food is very average...the Thai fusion stuff is a bit too sweet, every thing they serve is too sweet here.",food,FOOD#QUALITY,negative,annotated,True,True,True
1041457,1041457:2,restaurant,"The food is very average...the Thai fusion stuff is a bit too sweet, every thing they serve is too sweet here.",Thai fusion stuff,FOOD#QUALITY,negative,annotated,True,True,True
1041457,1041457:2,restaurant,"The food is very average...the Thai fusion stuff is a bit too sweet, every thing they serve is too sweet here.",NULL,FOOD#QUALITY,negative,annotated,True,True,False
1041457,1041457:3,restaurant,The only thing I moderately enjoyed was their Grilled Chicken special with Edamame Puree.,Grilled Chicken special with Edamame Puree,FOOD#QUALITY,positive,annotated,True,True,True
1041457,1041457:4,restaurant,I had never had Edamame pureed before but I thought it was innovative and tasty (could've used a bit more salt).,Edamame pureed,FOOD#QUALITY,positive,annotated,True,True,True
1041457,1041457:4,restaurant,I had never had Edamame pureed before but I thought it was innovative and tasty (could've used a bit more salt).,Edamame pureed,FOOD#STYLE_OPTIONS,positive,annotated,True,True,True
1041457,1041457:5,restaurant,"Anyways, if you're in the neighborhood to eat good food, I wouldn't waste my time trying to find something, rather go across the street to Tamari.",,,,non_annotated,False,False,False
1041457,1041457:6,restaurant,"The decor is night tho...but they REALLY need to clean that vent in the ceiling...its quite un-appetizing, and kills your effort to make this place look sleek and modern.",place,AMBIENCE#GENERAL,negative,annotated,True,True,True
1041457,1041457:6,restaurant,"The decor is night tho...but they REALLY need to clean that vent in the ceiling...its quite un-appetizing, and kills your effort to make this place look sleek and modern.",decor,AMBIENCE#GENERAL,positive,annotated,True,True,True
1041457,1041457:6,restaurant,"The decor is night tho...but they REALLY need to clean that vent in the ceiling...its quite un-appetizing, and kills your effort to make this place look sleek and modern.",vent,AMBIENCE#GENERAL,negative,annotated,True,True,True
1053543,1053543:0,restaurant,We ate outside at Haru's Sake bar because Haru's restaurant next door was overflowing.,,,,non_annotated,False,False,False
1053543,1053543:1,restaurant,What's the difference between the two?,,,,non_annotated,False,False,False
1053543,1053543:2,restaurant,"Their sake list was extensive, but we were looking for Purple Haze, which wasn't listed but made for us upon request!",sake list,DRINKS#STYLE_OPTIONS,positive,annotated,True,True,True
1053543,1053543:2,restaurant,"Their sake list was extensive, but we were looking for Purple Haze, which wasn't listed but made for us upon request!",NULL,SERVICE#GENERAL,positive,annotated,True,True,False
1053543,1053543:3,restaurant,"The spicy tuna roll was unusually good and the rock shrimp tempura was awesome, great appetizer to share!",spicy tuna roll,FOOD#QUALITY,positive,annotated,True,True,True
1053543,1053543:3,restaurant,"The spicy tuna roll was unusually good and the rock shrimp tempura was awesome, great appetizer to share!",rock shrimp tempura,FOOD#QUALITY,positive,annotated,True,True,True
1053543,1053543:4,restaurant,We went around 9:30 on a Friday and it had died down a bit by then so the service was great!,service,SERVICE#GENERAL,positive,annotated,True,True,True
1055910,1055910:0,restaurant,we love th pink pony.,pink pony,RESTAURANT#GENERAL,positive,annotated,True,True,True
1055910,1055910:1,restaurant,THe perfect spot.,spot,RESTAURANT#GENERAL,positive,annotated,True,True,True
1055910,1055910:2,restaurant,Food-awesome.,Food,FOOD#QUALITY,positive,annotated,True,True,True
1055910,1055910:3,restaurant,Service- friendly and attentive.,Service,SERVICE#GENERAL,positive,annotated,True,True,True
1055910,1055910:4,restaurant,Ambiance- relaxed and stylish.,Ambiance,AMBIENCE#GENERAL,positive,annotated,True,True,True
1055910,1055910:5,restaurant,"Don't judge this place prima facie, you have to try it to believe it, a home away from home for the literate heart.",place,RESTAURANT#GENERAL,positive,annotated,True,True,True
1058221,1058221:0,restaurant,"i have eaten here a handful of times, for no reason besides sheer convenience.",,,,non_annotated,False,False,False
1058221,1058221:1,restaurant,"(i hang out, and live, in the neighborhood..)",,,,non_annotated,False,False,False
1058221,1058221:2,restaurant,the food is decent.,food,FOOD#QUALITY,neutral,annotated,True,True,True
1058221,1058221:3,restaurant,"however, it's the service that leaves a bad taste in my mouth.",service,SERVICE#GENERAL,negative,annotated,True,True,True
1058221,1058221:4,restaurant,"i happen to have a policy that goes along with a little bit of self-respect, which includes not letting a waiter intimidate me, i.e. make me feel bad asking for trivialities like water, or the check.",waiter,SERVICE#GENERAL,negative,annotated,True,True,True
1058221,1058221:5,restaurant,"i know, you were too busy showing off your vintage tee shirt and looking bored, but my agenda is i'm here to eat and enjoy the company of friends, seeking a pleasant experience.",NULL,SERVICE#GENERAL,negative,annotated,True,True,False
1058221,1058221:6,restaurant,"well, i didn't find it there, and trust, i have told everyone i can think of about my experience.",NULL,RESTAURANT#GENERAL,negative,annotated,True,True,False
1058221,1058221:7,restaurant,the last time i walked by it looked pretty empty. hmmm.,NULL,RESTAURANT#MISCELLANEOUS,negative,annotated,True,True,False
1062641,1062641:0,restaurant,This place has got to be the best japanese restaurant in the new york area.,place,RESTAURANT#GENERAL,positive,annotated,True,True,True
1062641,1062641:1,restaurant,I had a great experience.,NULL,RESTAURANT#GENERAL,positive,annotated,True,True,False
1062641,1062641:2,restaurant,Food is great.,Food,FOOD#QUALITY,positive,annotated,True,True,True
1062641,1062641:3,restaurant,Service is top notch.,Service,SERVICE#GENERAL,positive,annotated,True,True,True
1062641,1062641:4,restaurant,I have been going back again and again.,NULL,RESTAURANT#GENERAL,positive,annotated,True,True,False
1064477,1064477:0,restaurant,"I tend to judge a sushi restaurant by its sea urchin, which was heavenly at sushi rose.",sea urchin,FOOD#QUALITY,positive,annotated,True,True,True
1064477,1064477:1,restaurant,"It melted in my little mouth and the perfect consistency-not too fishy, creamy, and slightly buttery.",NULL,FOOD#QUALITY,positive,annotated,True,True,False
1064477,1064477:2,restaurant,The sushi seemed pretty fresh and was adequately proportioned.,sushi,FOOD#QUALITY,positive,annotated,True,True,True
1064477,1064477:2,restaurant,The sushi seemed pretty fresh and was adequately proportioned.,sushi,FOOD#STYLE_OPTIONS,positive,annotated,True,True,True
1064477,1064477:3,restaurant,The rice to fish ration was also good--they didn't try to overpack the rice.,rice to fish ration,FOOD#STYLE_OPTIONS,positive,annotated,True,True,True
1064477,1064477:4,restaurant,We took advanatage of the half price sushi deal on saturday so it was well worth it.,half price sushi deal,FOOD#QUALITY,positive,annotated,True,True,True
1074868,1074868:0,restaurant,I went to this restaurant with a woman that I met recently.,,,,non_annotated,False,False,False
1074868,1074868:1,restaurant,She lives nearby but had never gone to this establishment thinking that it might be too touristy.,,,,non_annotated,False,False,False
1074868,1074868:2,restaurant,Surprisingly nothing could be further from the truth.,NULL,RESTAURANT#MISCELLANEOUS,positive,annotated,True,True,False
1074868,1074868:3,restaurant,"In the evening, this place attracted a well dressed, with it, NY crowd.",crowd,RESTAURANT#MISCELLANEOUS,positive,annotated,True,True,True
1074868,1074868:4,restaurant,The food was well prepared and the service impecable.,food,FOOD#QUALITY,positive,annotated,True,True,True
1074868,1074868:4,restaurant,The food was well prepared and the service impecable.,service,SERVICE#GENERAL,positive,annotated,True,True,True
1074868,1074868:5,restaurant,I'm going back.,NULL,RESTAURANT#GENERAL,positive,annotated,True,True,False
1084394,1084394:0,restaurant,"Having hunted around for a quiet, romantic, yet not hideously expensive restaurant I stumbled across reviews for La Lanterna and gave it a shot.",,,,non_annotated,False,False,False
1084394,1084394:1,restaurant,Quite simply it's like stepping out of Manhattan and into a haven of tranquility.,NULL,AMBIENCE#GENERAL,positive,annotated,True,True,False
1084394,1084394:2,restaurant,"The service was attentive, yet unimposing, the food was far better than many notorious restaurants in Midtown and the wine list is extensive and well priced.",,,,non_annotated,False,False,False
1084394,1084394:3,restaurant,The Prix Fixe menu is worth every penny and you get more than enough (both in quantity AND quality).,Prix Fixe menu,FOOD#QUALITY,positive,annotated,True,True,True
1084394,1084394:3,restaurant,The Prix Fixe menu is worth every penny and you get more than enough (both in quantity AND quality).,Prix Fixe menu,FOOD#STYLE_OPTIONS,positive,annotated,True,True,True
1084394,1084394:3,restaurant,The Prix Fixe menu is worth every penny and you get more than enough (both in quantity AND quality).,Prix Fixe menu,FOOD#PRICES,positive,annotated,True,True,True
1084394,1084394:4,restaurant,I will be going back and heartily recommend it!,NULL,RESTAURANT#GENERAL,positive,annotated,True,True,False
1086415,1086415:0,restaurant,"I've had the lunch buffet at Chennai a couple of times, when I have been in the neighborhood.",,,,non_annotated,False,False,False
1086415,1086415:1,restaurant,"It is terrific, as is the value.",NULL,FOOD#QUALITY,positive,annotated,True,True,False
1086415,1086415:1,restaurant,"It is terrific, as is the value.",NULL,FOOD#PRICES,positive,annotated,True,True,False
1086415,1086415:2,restaurant,"$6 and there is much tasty food, all of it fresh and continually refilled.",food,FOOD#STYLE_OPTIONS,positive,annotated,True,True,True
1086415,1086415:2,restaurant,"$6 and there is much tasty food, all of it fresh and continually refilled.",food,FOOD#QUALITY,positive,annotated,True,True,True
1086415,1086415:2,restaurant,"$6 and there is much tasty food, all of it fresh and continually refilled.",food,FOOD#PRICES,positive,annotated,True,True,True
1086415,1086415:3,restaurant,"I am not a vegetarian but, almost all the dishes were great.",dishes,FOOD#QUALITY,positive,annotated,True,True,True
1086415,1086415:4,restaurant,"Frankly, when you compare what you can have here for lunch, versus McDs or so many other sandwich shops in the city, there is no comparison.",,,,non_annotated,False,False,False
1086415,1086415:5,restaurant,Go hungry and enjoy.,NULL,RESTAURANT#GENERAL,positive,annotated,True,True,False
1086478,1086478:0,restaurant,"The food here is rather good, but only if you like to wait for it.",food,FOOD#QUALITY,positive,annotated,True,True,True
1086478,1086478:0,restaurant,"The food here is rather good, but only if you like to wait for it.",NULL,SERVICE#GENERAL,negative,annotated,True,True,False
1086478,1086478:1,restaurant,"I like the somosas, chai, and the chole, but the dhosas and dhal were kinda dissapointing.",somosas,FOOD#QUALITY,positive,annotated,True,True,True
1086478,1086478:1,restaurant,"I like the somosas, chai, and the chole, but the dhosas and dhal were kinda dissapointing.",chai,FOOD#QUALITY,positive,annotated,True,True,True
1086478,1086478:1,restaurant,"I like the somosas, chai, and the chole, but the dhosas and dhal were kinda dissapointing.",chole,FOOD#QUALITY,positive,annotated,True,True,True
1086478,1086478:1,restaurant,"I like the somosas, chai, and the chole, but the dhosas and dhal were kinda dissapointing.",dhosas,FOOD#QUALITY,negative,annotated,True,True,True
1086478,1086478:1,restaurant,"I like the somosas, chai, and the chole, but the dhosas and dhal were kinda dissapointing.",dhal,FOOD#QUALITY,negative,annotated,True,True,True
1086478,1086478:2,restaurant,"The service varys from day to day- sometimes they're very nice, and sometimes not.",service,SERVICE#GENERAL,negative,annotated,True,True,True
1086478,1086478:3,restaurant,"The kitchen however, is almost always slow.",kitchen,SERVICE#GENERAL,negative,annotated,True,True,True
1086478,1086478:4,restaurant,"Also, specify if you like your food spicy- its rather bland if you don't.",food,FOOD#QUALITY,negative,annotated,True,True,True
1086478,1086478:5,restaurant,"The ambience is pretty and nice for conversation, so a casual lunch here would probably be best.",ambience,AMBIENCE#GENERAL,positive,annotated,True,True,True
1086478,1086478:5,restaurant,"The ambience is pretty and nice for conversation, so a casual lunch here would probably be best.",NULL,RESTAURANT#MISCELLANEOUS,positive,annotated,True,True,False
1090587,1090587:0,restaurant,Just went here for my girlfriends 23rd bday.,,,,non_annotated,False,False,False
1090587,1090587:1,restaurant,If you've ever been along the river in Weehawken you have an idea of the top of view the chart house has to offer.,view,LOCATION#GENERAL,positive,annotated,True,True,True
1090587,1090587:2,restaurant,Add to that great service and great food at a reasonable price and you have yourself the beginning of a great evening.,service,SERVICE#GENERAL,positive,annotated,True,True,True
1090587,1090587:2,restaurant,Add to that great service and great food at a reasonable price and you have yourself the beginning of a great evening.,food,FOOD#QUALITY,positive,annotated,True,True,True
1090587,1090587:2,restaurant,Add to that great service and great food at a reasonable price and you have yourself the beginning of a great evening.,food,FOOD#PRICES,positive,annotated,True,True,True
1090587,1090587:3,restaurant,The lava cake dessert was incredible and I recommend it.,lava cake dessert,FOOD#QUALITY,positive,annotated,True,True,True
1102681,1102681:0,restaurant,"Once you step into Cosette, you're miraculously in a small, off-the-beaten path Parisian bistro.",Cosette,AMBIENCE#GENERAL,positive,annotated,True,True,True
1102681,1102681:1,restaurant,"This tiny restaurant is as cozy as it gets, with that certain Parisian flair.",restaurant,AMBIENCE#GENERAL,positive,annotated,True,True,True
1102681,1102681:2,restaurant,"The food was average to above-average; the French Onion soup filling yet not overly impressive, and the desserts not brilliant in any way.",food,FOOD#QUALITY,positive,annotated,True,True,True
1102681,1102681:2,restaurant,"The food was average to above-average; the French Onion soup filling yet not overly impressive, and the desserts not brilliant in any way.",French Onion soup,FOOD#QUALITY,negative,annotated,True,True,True
1102681,1102681:2,restaurant,"The food was average to above-average; the French Onion soup filling yet not overly impressive, and the desserts not brilliant in any way.",French Onion soup,FOOD#STYLE_OPTIONS,positive,annotated,True,True,True
1102681,1102681:2,restaurant,"The food was average to above-average; the French Onion soup filling yet not overly impressive, and the desserts not brilliant in any way.",desserts,FOOD#QUALITY,negative,annotated,True,True,True
1102681,1102681:3,restaurant,"However, go for the ambience, and consider the food just a companion for a trip across the world!",ambience,AMBIENCE#GENERAL,positive,annotated,True,True,True
1102681,1102681:3,restaurant,"However, go for the ambience, and consider the food just a companion for a trip across the world!",food,FOOD#QUALITY,neutral,annotated,True,True,True
1118167,1118167:0,restaurant,"I have never eaten in the restaurant, however, upon reading the reviews I got take out last week.",,,,non_annotated,False,False,False
1118167,1118167:1,restaurant,IT WAS HORRIBLE.,NULL,RESTAURANT#GENERAL,negative,annotated,True,True,False
1118167,1118167:2,restaurant,The pizza was delivered cold and the cheese wasn't even fully melted!,pizza,FOOD#QUALITY,negative,annotated,True,True,True
1118167,1118167:2,restaurant,The pizza was delivered cold and the cheese wasn't even fully melted!,cheese,FOOD#QUALITY,negative,annotated,True,True,True
1118167,1118167:3,restaurant,It looked like shredded cheese partly done - still in strips.,NULL,FOOD#QUALITY,negative,annotated,True,True,False
1118167,1118167:4,restaurant,I have eaten at many pizza places around NYC and this is hands down the worst.,,,,non_annotated,False,False,False
1119578,1119578:0,restaurant,This has got to be one of the most overrated restaurants in Brooklyn.,NULL,RESTAURANT#GENERAL,negative,annotated,True,True,False
1119578,1119578:1,restaurant,The pizza is overpriced and soggy.,pizza,FOOD#QUALITY,negative,annotated,True,True,True
1119578,1119578:1,restaurant,The pizza is overpriced and soggy.,pizza,FOOD#PRICES,negative,annotated,True,True,True
1119578,1119578:2,restaurant,"Yes, they use fancy ingredients, but even fancy ingredients don't make for good pizza unless someone knows how to get the crust right.",ingredients,FOOD#QUALITY,positive,annotated,True,True,True
1119578,1119578:2,restaurant,"Yes, they use fancy ingredients, but even fancy ingredients don't make for good pizza unless someone knows how to get the crust right.",pizza,FOOD#QUALITY,negative,annotated,True,True,True
1119578,1119578:2,restaurant,"Yes, they use fancy ingredients, but even fancy ingredients don't make for good pizza unless someone knows how to get the crust right.",crust,FOOD#QUALITY,negative,annotated,True,True,True
1119578,1119578:3,restaurant,"A big disappointment, all around.",NULL,RESTAURANT#GENERAL,negative,annotated,True,True,False
1123262,1123262:0,restaurant,I think I've had some the best meals of my life at minnow.,meals,FOOD#QUALITY,positive,annotated,True,True,True
1123262,1123262:1,restaurant,"The seafood is amazing, there's a good wine list, and the ever-changing menu always offers some great surprises.",seafood,FOOD#QUALITY,positive,annotated,True,True,True
1123262,1123262:1,restaurant,"The seafood is amazing, there's a good wine list, and the ever-changing menu always offers some great surprises.",wine list,DRINKS#STYLE_OPTIONS,positive,annotated,True,True,True
1123262,1123262:1,restaurant,"The seafood is amazing, there's a good wine list, and the ever-changing menu always offers some great surprises.",menu,FOOD#STYLE_OPTIONS,positive,annotated,True,True,True
1123262,1123262:2,restaurant,The combination of super-fresh ingredients in the dishes are unusual but really delicious.,ingredients,FOOD#QUALITY,positive,annotated,True,True,True
1123262,1123262:3,restaurant,Worth the trip from Manhattan.,NULL,RESTAURANT#GENERAL,positive,annotated,True,True,False
1125006,1125006:0,restaurant,Was there Friday night.,,,,non_annotated,False,False,False
1125006,1125006:1,restaurant,Best Pastrami I ever had and great portion without being ridiculous.,Pastrami,FOOD#QUALITY,positive,annotated,True,True,True
1125006,1125006:1,restaurant,Best Pastrami I ever had and great portion without being ridiculous.,portion,FOOD#STYLE_OPTIONS,positive,annotated,True,True,True
1125006,1125006:2,restaurant,And I've been to many NYC delis.,,,,non_annotated,False,False,False
1125006,1125006:3,restaurant,My wife had the fried shrimp which are huge and loved it.,fried shrimp,FOOD#STYLE_OPTIONS,positive,annotated,True,True,True
1125006,1125006:3,restaurant,My wife had the fried shrimp which are huge and loved it.,fried shrimp,FOOD#QUALITY,positive,annotated,True,True,True
1125006,1125006:4,restaurant,Price no more than a Jersey deli but way better.,,,,non_annotated,False,False,False
1125284,1125284:0,restaurant,"As a Japanese native, I've lived in the Tristate area for over 8 years, but I was just so amazed at this place.",place,RESTAURANT#GENERAL,positive,annotated,True,True,True
1125284,1125284:1,restaurant,This place is the most Japanese it can ever get.,place,RESTAURANT#MISCELLANEOUS,positive,annotated,True,True,True
1125284,1125284:2,restaurant,"The signs, the specials menus, food, and even all the waitstaff are ALL TOTALLY Japanese.",signs,RESTAURANT#MISCELLANEOUS,positive,annotated,True,True,True
1125284,1125284:2,restaurant,"The signs, the specials menus, food, and even all the waitstaff are ALL TOTALLY Japanese.",specials menus,FOOD#STYLE_OPTIONS,positive,annotated,True,True,True
1125284,1125284:2,restaurant,"The signs, the specials menus, food, and even all the waitstaff are ALL TOTALLY Japanese.",food,FOOD#QUALITY,positive,annotated,True,True,True
1125284,1125284:2,restaurant,"The signs, the specials menus, food, and even all the waitstaff are ALL TOTALLY Japanese.",waitstaff,SERVICE#GENERAL,positive,annotated,True,True,True
1125284,1125284:3,restaurant,This place is worth an one-hour drive.,place,RESTAURANT#GENERAL,positive,annotated,True,True,True
1125284,1125284:4,restaurant,"I am so coming back here again, as much as I can.",NULL,RESTAURANT#GENERAL,positive,annotated,True,True,False
1126814,1126814:0,restaurant,"Leon is an East Village gem: casual but hip, with well prepared basic French bistro fare, good specials, a warm and lively atmosphere.",Leon,RESTAURANT#GENERAL,positive,annotated,True,True,True
1126814,1126814:0,restaurant,"Leon is an East Village gem: casual but hip, with well prepared basic French bistro fare, good specials, a warm and lively atmosphere.",Leon,AMBIENCE#GENERAL,positive,annotated,True,True,True
1126814,1126814:0,restaurant,"Leon is an East Village gem: casual but hip, with well prepared basic French bistro fare, good specials, a warm and lively atmosphere.",specials,FOOD#QUALITY,positive,annotated,True,True,True
1126814,1126814:0,restaurant,"Leon is an East Village gem: casual but hip, with well prepared basic French bistro fare, good specials, a warm and lively atmosphere.",atmosphere,AMBIENCE#GENERAL,positive,annotated,True,True,True
1126814,1126814:0,restaurant,"Leon is an East Village gem: casual but hip, with well prepared basic French bistro fare, good specials, a warm and lively atmosphere.",French bistro fare,FOOD#QUALITY,positive,annotated,True,True,True
1126814,1126814:1,restaurant,"My wife and I always enjoy the young, not always well trained but nevertheless friendly, staff, all of whom have a story.",staff,SERVICE#GENERAL,positive,annotated,True,True,True
1126814,1126814:2,restaurant,Sit outside in the warm weather; inside for cozy winter.,,,,non_annotated,False,False,False
1126814,1126814:3,restaurant,Decent wine at reasonable prices.,wine,DRINKS#QUALITY,neutral,annotated,True,True,True
1126814,1126814:3,restaurant,Decent wine at reasonable prices.,wine,DRINKS#PRICES,positive,annotated,True,True,True
1126814,1126814:4,restaurant,Have been dozens of times and never failed to enjoy the experience.,NULL,RESTAURANT#GENERAL,positive,annotated,True,True,False
1126814,1126814:5,restaurant,"Our teenage kids love it, too.",NULL,RESTAURANT#GENERAL,positive,annotated,True,True,False
1126886,1126886:0,restaurant,"Everytime I decide to try another place on the UES, I get angry that I didn't just go to Zucchero Pomodori.",Zucchero Pomodori,RESTAURANT#GENERAL,positive,annotated,True,True,True
1126886,1126886:1,restaurant,This is by far my favorite place in the neighborhood.,place,RESTAURANT#GENERAL,positive,annotated,True,True,True
1126886,1126886:2,restaurant,"The service is excellent, the decor is great, and the food is delicious and comes in large portions.",service,SERVICE#GENERAL,positive,annotated,True,True,True
1126886,1126886:2,restaurant,"The service is excellent, the decor is great, and the food is delicious and comes in large portions.",decor,AMBIENCE#GENERAL,positive,annotated,True,True,True
1126886,1126886:2,restaurant,"The service is excellent, the decor is great, and the food is delicious and comes in large portions.",food,FOOD#QUALITY,positive,annotated,True,True,True
1126886,1126886:2,restaurant,"The service is excellent, the decor is great, and the food is delicious and comes in large portions.",portions,FOOD#STYLE_OPTIONS,positive,annotated,True,True,True
1126886,1126886:3,restaurant,"You'll pay at least double at any other Italian restaurant in the city, and most still don't compare.",,,,non_annotated,False,False,False
1126886,1126886:4,restaurant,I'm partial to the Gnocchi.,Gnocchi,RESTAURANT#GENERAL,positive,annotated,True,True,True
1131595,1131595:0,restaurant,This place is incredibly tiny.,place,AMBIENCE#GENERAL,negative,annotated,True,True,True
1131595,1131595:1,restaurant,They refuse to seat parties of 3 or more on weekends.,NULL,SERVICE#GENERAL,negative,annotated,True,True,False
1131595,1131595:2,restaurant,The hostess is rude to the point of being offensive.,hostess,SERVICE#GENERAL,negative,annotated,True,True,True
1131595,1131595:3,restaurant,The food was bland oily.,food,FOOD#QUALITY,negative,annotated,True,True,True
1131595,1131595:4,restaurant,I just don't understand all the hype...,NULL,RESTAURANT#GENERAL,negative,annotated,True,True,False
1138996,1138996:0,restaurant,We went to Ino for Valentines.,,,,non_annotated,False,False,False
1138996,1138996:1,restaurant,"We have been to this place many times, and always have great food, wine, and service.",food,FOOD#QUALITY,positive,annotated,True,True,True
1138996,1138996:1,restaurant,"We have been to this place many times, and always have great food, wine, and service.",wine,DRINKS#QUALITY,positive,annotated,True,True,True
1138996,1138996:1,restaurant,"We have been to this place many times, and always have great food, wine, and service.",service,SERVICE#GENERAL,positive,annotated,True,True,True
1138996,1138996:2,restaurant,"We were worried we would have trouble getting in, but somehow managed to have a short wait.",wait,SERVICE#GENERAL,positive,annotated,True,True,True
1138996,1138996:3,restaurant,As always we had a great glass of wine while we waited.,glass of wine,DRINKS#QUALITY,positive,annotated,True,True,True
1138996,1138996:4,restaurant,"When we sat, we got great and fast service.",service,SERVICE#GENERAL,positive,annotated,True,True,True
1138996,1138996:5,restaurant,The people that work there are always so friendly you forget you are in New York sometimes.,people,SERVICE#GENERAL,positive,annotated,True,True,True
1138996,1138996:6,restaurant,Make sure you try this place as often as you can.,place,RESTAURANT#GENERAL,positive,annotated,True,True,True
1145510,1145510:0,restaurant,This is a fun restaurant to go to.,restaurant,RESTAURANT#GENERAL,positive,annotated,True,True,True
1145510,1145510:1,restaurant,The pizza is yummy and I like the atmoshpere.,pizza,FOOD#QUALITY,positive,annotated,True,True,True
1145510,1145510:1,restaurant,The pizza is yummy and I like the atmoshpere.,atmoshpere,AMBIENCE#GENERAL,positive,annotated,True,True,True
1145510,1145510:2,restaurant,But the pizza is way to expensive.,pizza,FOOD#PRICES,negative,annotated,True,True,True
1145510,1145510:3,restaurant,"A large is $20, and toppings are about $3 each.",,,,non_annotated,False,False,False
1147082,1147082:0,restaurant,I went there for lunch and it was not as good as I expected from the reviews I read.,lunch,FOOD#QUALITY,negative,annotated,True,True,True
1147082,1147082:1,restaurant,Sauce was watery and the food didn't have much flavor.,Sauce,FOOD#QUALITY,negative,annotated,True,True,True
1147082,1147082:1,restaurant,Sauce was watery and the food didn't have much flavor.,food,FOOD#QUALITY,negative,annotated,True,True,True
1147082,1147082:2,restaurant,"If you like the food and the value you get from some of Chinatown restaurants, this is not the place for you.",,,,non_annotated,False,False,False
1147082,1147082:3,restaurant,I don't think I would go again.,NULL,RESTAURANT#GENERAL,negative,annotated,True,True,False
1147211,1147211:0,restaurant,This place is great.,place,RESTAURANT#GENERAL,positive,annotated,True,True,True
1147211,1147211:1,restaurant,I had a huge group for my birthday and we were well taken care of.,NULL,SERVICE#GENERAL,positive,annotated,True,True,False
1147211,1147211:2,restaurant,The waitress was very patient with us and the food is phenomenal!,waitress,SERVICE#GENERAL,positive,annotated,True,True,True
1147211,1147211:2,restaurant,The waitress was very patient with us and the food is phenomenal!,food,FOOD#QUALITY,positive,annotated,True,True,True
1147211,1147211:3,restaurant,"Service was prompt, friendly and great.",Service,SERVICE#GENERAL,positive,annotated,True,True,True
1147211,1147211:4,restaurant,Slightly on the pricey side but worth it!,NULL,RESTAURANT#PRICES,negative,annotated,True,True,False
1147211,1147211:4,restaurant,Slightly on the pricey side but worth it!,NULL,RESTAURANT#GENERAL,positive,annotated,True,True,False
1153034,1153034:0,restaurant,Great pizza and fantastic service.,pizza,FOOD#QUALITY,positive,annotated,True,True,True
1153034,1153034:0,restaurant,Great pizza and fantastic service.,service,SERVICE#GENERAL,positive,annotated,True,True,True
1153034,1153034:1,restaurant,"There was a small wait, but shorter than I expected.",wait,SERVICE#GENERAL,positive,annotated,True,True,True
1153034,1153034:2,restaurant,Located at the end of a magnificent block.,NULL,LOCATION#GENERAL,positive,annotated,True,True,False
1153034,1153034:3,restaurant,Very cozy and warm inside.....,NULL,AMBIENCE#GENERAL,positive,annotated,True,True,False
1153034,1153034:4,restaurant,I will be back!,NULL,RESTAURANT#GENERAL,positive,annotated,True,True,False
1154550,1154550:0,restaurant,This is the best sushi in new york city - hands down.,sushi,FOOD#QUALITY,positive,annotated,True,True,True
1154550,1154550:1,restaurant,The place is small and cramped but the food is fantastic.,place,AMBIENCE#GENERAL,negative,annotated,True,True,True
1154550,1154550:1,restaurant,The place is small and cramped but the food is fantastic.,food,FOOD#QUALITY,positive,annotated,True,True,True
1154550,1154550:2,restaurant,Get the tuna of gari.,tuna of gari,FOOD#QUALITY,positive,annotated,True,True,True
1154550,1154550:3,restaurant,The one on the east side is much better than the one on the west side.,,,,non_annotated,False,False,False
1162037,1162037:0,restaurant,"Planet Thailand has always been a hit with me , I go there usually for the sushi, which is great , the thai food is excellent too .",sushi,FOOD#QUALITY,positive,annotated,True,True,True
1162037,1162037:0,restaurant,"Planet Thailand has always been a hit with me , I go there usually for the sushi, which is great , the thai food is excellent too .",thai food,FOOD#QUALITY,positive,annotated,True,True,True
1162037,1162037:0,restaurant,"Planet Thailand has always been a hit with me , I go there usually for the sushi, which is great , the thai food is excellent too .",Planet Thailand,RESTAURANT#GENERAL,positive,annotated,True,True,True
1162037,1162037:1,restaurant,"With the great variety on the menu , I eat here often and never get bored .",menu,FOOD#STYLE_OPTIONS,positive,annotated,True,True,True
1162037,1162037:2,restaurant,"The atmosphere isn't the greatest , but I suppose that's how they keep the prices down .",atmosphere,AMBIENCE#GENERAL,negative,annotated,True,True,True
1162037,1162037:2,restaurant,"The atmosphere isn't the greatest , but I suppose that's how they keep the prices down .",NULL,RESTAURANT#PRICES,positive,annotated,True,True,False
1162037,1162037:3,restaurant,It's all about the food !!,food,FOOD#QUALITY,positive,annotated,True,True,True
1167434,1167434:0,restaurant,I went there with my friend last saturday.,,,,non_annotated,False,False,False
1167434,1167434:1,restaurant,first it took us a long time to find the place.,place,RESTAURANT#MISCELLANEOUS,negative,annotated,True,True,True
1167434,1167434:2,restaurant,"we were tired and cold when we got to the restaurant, then we sat down to begin ordering appetizers.",,,,non_annotated,False,False,False
1167434,1167434:3,restaurant,"but when we looked at the menu, there weren't a lot of choices, most of them were dumplings in the appetizer section.",menu,FOOD#STYLE_OPTIONS,negative,annotated,True,True,True
1167434,1167434:4,restaurant,then we ordered a dinosaur rolls and white tuna sashimi.,,,,non_annotated,False,False,False
1167434,1167434:5,restaurant,"those rolls were big, but not good and sashimi wasn't fresh.",rolls,FOOD#STYLE_OPTIONS,neutral,annotated,True,True,True
1167434,1167434:5,restaurant,"those rolls were big, but not good and sashimi wasn't fresh.",rolls,FOOD#QUALITY,negative,annotated,True,True,True
1167434,1167434:5,restaurant,"those rolls were big, but not good and sashimi wasn't fresh.",sashimi,FOOD#QUALITY,negative,annotated,True,True,True
1167434,1167434:6,restaurant,"they were dry and disgusting, i didn't even finish my first piece.",NULL,FOOD#QUALITY,negative,annotated,True,True,False
1175958,1175958:0,restaurant,Hurley's is like Cheers where everyone knows your name and they are ACTUALLY glad you came.,NULL,SERVICE#GENERAL,positive,annotated,True,True,False
1175958,1175958:1,restaurant,"Try the crunchy tuna, it is to die for.",crunchy tuna,FOOD#QUALITY,positive,annotated,True,True,True
1175958,1175958:2,restaurant,"Try everything for that matter, it is all good.",NULL,FOOD#QUALITY,positive,annotated,True,True,False
1175958,1175958:3,restaurant,I have been going there since it opened and I can't get enough.,NULL,RESTAURANT#GENERAL,positive,annotated,True,True,False
1189674,1189674:0,restaurant,First went here to enjoy their garden terrace.,garden terrace,AMBIENCE#GENERAL,positive,annotated,True,True,True
1189674,1189674:1,restaurant,"The food was amazing, and the service was prompt and helpful, but not over-bearing or rushed.",food,FOOD#QUALITY,positive,annotated,True,True,True
1189674,1189674:1,restaurant,"The food was amazing, and the service was prompt and helpful, but not over-bearing or rushed.",service,SERVICE#GENERAL,positive,annotated,True,True,True
1189674,1189674:2,restaurant,"The Steak Tartare is a great bet, they fix it for you at the table.",Steak Tartare,FOOD#STYLE_OPTIONS,positive,annotated,True,True,True
1189674,1189674:3,restaurant,"Admittedly some nights inside the restaurant were rather warm, but the open kitchen is part of the charm.",open kitchen,AMBIENCE#GENERAL,positive,annotated,True,True,True
1189674,1189674:3,restaurant,"Admittedly some nights inside the restaurant were rather warm, but the open kitchen is part of the charm.",restaurant,AMBIENCE#GENERAL,negative,annotated,True,True,True
1189674,1189674:4,restaurant,"Great wine selection, Gigondas is worth the price, and the house champagne is a great value.",wine selection,DRINKS#STYLE_OPTIONS,positive,annotated,True,True,True
1189674,1189674:4,restaurant,"Great wine selection, Gigondas is worth the price, and the house champagne is a great value.",Gigondas,DRINKS#QUALITY,positive,annotated,True,True,True
1189674,1189674:4,restaurant,"Great wine selection, Gigondas is worth the price, and the house champagne is a great value.",house champagne,DRINKS#PRICES,positive,annotated,True,True,True
1189674,1189674:5,restaurant,"It may be a bit packed on weekends, but the vibe is good and it is the best French food you will find in the area.",NULL,AMBIENCE#GENERAL,neutral,annotated,True,True,False
1189674,1189674:5,restaurant,"It may be a bit packed on weekends, but the vibe is good and it is the best French food you will find in the area.",vibe,AMBIENCE#GENERAL,positive,annotated,True,True,True
1189674,1189674:5,restaurant,"It may be a bit packed on weekends, but the vibe is good and it is the best French food you will find in the area.",French food,FOOD#QUALITY,positive,annotated,True,True,True
1189674,1189674:6,restaurant,"Have recommended the place to friends, always gets good response.",place,RESTAURANT#MISCELLANEOUS,positive,annotated,True,True,True
1199292,1199292:0,restaurant,"Pizza - the only pizza in NYC that should not have additional toppings - the crust tastes like the best, freshly baked bread!",crust,FOOD#QUALITY,positive,annotated,True,True,True
1199292,1199292:0,restaurant,"Pizza - the only pizza in NYC that should not have additional toppings - the crust tastes like the best, freshly baked bread!",pizza,FOOD#QUALITY,positive,annotated,True,True,True
1199292,1199292:1,restaurant,Veal Parmigana - Better than Patsy's!,,,,non_annotated,False,False,False
1199292,1199292:2,restaurant,Much more reasonably priced too!,,,,non_annotated,False,False,False
1199292,1199292:3,restaurant,I take all my NYC guests to VT's.,VT's,RESTAURANT#MISCELLANEOUS,positive,annotated,True,True,True
1199480,1199480:0,restaurant,"Not sure where the previous reviewer, lonk, dined, but Saul is in a great neighborhood and has great food!",neighborhood,LOCATION#GENERAL,positive,annotated,True,True,True
1199480,1199480:0,restaurant,"Not sure where the previous reviewer, lonk, dined, but Saul is in a great neighborhood and has great food!",food,FOOD#QUALITY,positive,annotated,True,True,True
1199480,1199480:1,restaurant,I've been there three times and have always had wonderful experiences.,NULL,RESTAURANT#GENERAL,positive,annotated,True,True,False
1199480,1199480:2,restaurant,I'd highly recommend it for a special occasion -- it provides and intimate setting and nice service.,setting,AMBIENCE#GENERAL,positive,annotated,True,True,True
1199480,1199480:2,restaurant,I'd highly recommend it for a special occasion -- it provides and intimate setting and nice service.,service,SERVICE#GENERAL,positive,annotated,True,True,True
1199480,1199480:2,restaurant,I'd highly recommend it for a special occasion -- it provides and intimate setting and nice service.,NULL,RESTAURANT#MISCELLANEOUS,positive,annotated,True,True,False
1205520,1205520:0,restaurant,I'm not sure where the other reviewers ate but it seems as if we visited two different restaurants because my friends and I all enjoy Mizu very much... and we're repeat customers.,Mizu,RESTAURANT#GENERAL,positive,annotated,True,True,True
1205520,1205520:1,restaurant,Even after they overcharged me the last time I was there.,NULL,SERVICE#GENERAL,negative,annotated,True,True,False
1205520,1205520:2,restaurant,Make sure you have the Spicy Scallop roll.. .,Spicy Scallop roll,FOOD#QUALITY,positive,annotated,True,True,True
1205520,1205520:3,restaurant,it's delicious!,NULL,FOOD#QUALITY,positive,annotated,True,True,False
1212346,1212346:0,restaurant,"Moules were excellent, lobster ravioli was VERY salty!",Moules,FOOD#QUALITY,positive,annotated,True,True,True
1212346,1212346:0,restaurant,"Moules were excellent, lobster ravioli was VERY salty!",lobster ravioli,FOOD#QUALITY,negative,annotated,True,True,True
1212346,1212346:1,restaurant,"Took my mom for Mother's Day, and the maitre d' was pretty rude.",maitre d',SERVICE#GENERAL,negative,annotated,True,True,True
1212346,1212346:2,restaurant,"Told us to sit anywhere, and when we sat he said the table was reserved.",NULL,SERVICE#GENERAL,negative,annotated,True,True,False
1212346,1212346:3,restaurant,Stepped on my foot on the SECOND time he reached over me to adjust lighting.,NULL,SERVICE#GENERAL,negative,annotated,True,True,False
1212346,1212346:4,restaurant,Tiny dessert was $8.00...just plain overpriced for what it is.,dessert,FOOD#QUALITY,negative,annotated,True,True,True
1212346,1212346:4,restaurant,Tiny dessert was $8.00...just plain overpriced for what it is.,dessert,FOOD#STYLE_OPTIONS,negative,annotated,True,True,True
1212346,1212346:4,restaurant,Tiny dessert was $8.00...just plain overpriced for what it is.,dessert,FOOD#PRICES,negative,annotated,True,True,True
1221938,1221938:0,restaurant,The drinks are always welll made and wine selection is fairly priced.,drinks,DRINKS#QUALITY,positive,annotated,True,True,True
1221938,1221938:0,restaurant,The drinks are always welll made and wine selection is fairly priced.,wine selection,DRINKS#PRICES,positive,annotated,True,True,True
1221938,1221938:1,restaurant,Try their chef's specials-- they are to die for.,chef's specials,FOOD#QUALITY,positive,annotated,True,True,True
1221938,1221938:2,restaurant,"Service is not exactly five star, but thats not really a big deal.",Service,SERVICE#GENERAL,neutral,annotated,True,True,True
1221938,1221938:3,restaurant,Downstairs lounge is always a good attraction,Downstairs lounge,AMBIENCE#GENERAL,positive,annotated,True,True,True
1225162,1225162:0,restaurant,"Raga's is a romantic, cozy restaurant.",Raga's,AMBIENCE#GENERAL,positive,annotated,True,True,True
1225162,1225162:1,restaurant,The exotic food is beautifully presented and is a delight in delicious combinations.,exotic food,FOOD#STYLE_OPTIONS,positive,annotated,True,True,True
1225162,1225162:1,restaurant,The exotic food is beautifully presented and is a delight in delicious combinations.,exotic food,FOOD#QUALITY,positive,annotated,True,True,True
1225162,1225162:2,restaurant,It is also extremely well priced.,NULL,FOOD#PRICES,positive,annotated,True,True,False
1225162,1225162:3,restaurant,The staff is incredibly helpful and attentive.,staff,SERVICE#GENERAL,positive,annotated,True,True,True
1225162,1225162:4,restaurant,The bar is very well stocked with interesting beers and well priced wines.,bar,DRINKS#STYLE_OPTIONS,positive,annotated,True,True,True
1225162,1225162:4,restaurant,The bar is very well stocked with interesting beers and well priced wines.,beers,DRINKS#STYLE_OPTIONS,positive,annotated,True,True,True
1225162,1225162:4,restaurant,The bar is very well stocked with interesting beers and well priced wines.,wines,DRINKS#PRICES,positive,annotated,True,True,True
1225162,1225162:5,restaurant,This is one of my favorite restaurants and it is not to be missed.,NULL,RESTAURANT#GENERAL,positive,annotated,True,True,False
1225162,1225162:6,restaurant,Your friends will thank you for introducing them to this gem!,NULL,RESTAURANT#GENERAL,positive,annotated,True,True,False
1227999,1227999:0,restaurant,"When we stumbled on Leon, we thought that we had found quite the gem BUT, we were certainly wrong.",Leon,RESTAURANT#GENERAL,negative,annotated,True,True,True
1227999,1227999:1,restaurant,"The waitress moved our table practically into the bathroom and when we asked to cancel our dinner orders because we did not want to eat sitting on the toilet, we were told no...",waitress,SERVICE#GENERAL,negative,annotated,True,True,True
1227999,1227999:2,restaurant,"Then, to top things off, she dropped used silverware on my boyfriend's jacket and did not stop to apologize or clean the mess that was left on clothes.",NULL,SERVICE#GENERAL,negative,annotated,True,True,False
1227999,1227999:3,restaurant,Such a disappointment...,NULL,SERVICE#GENERAL,negative,annotated,True,True,False
1227999,1227999:4,restaurant,"Rude service, medicore food...there are tons of restaurants in NY...stay away from this one",service,SERVICE#GENERAL,negative,annotated,True,True,True
1227999,1227999:4,restaurant,"Rude service, medicore food...there are tons of restaurants in NY...stay away from this one",food,FOOD#QUALITY,neutral,annotated,True,True,True
1227999,1227999:4,restaurant,"Rude service, medicore food...there are tons of restaurants in NY...stay away from this one",NULL,RESTAURANT#GENERAL,negative,annotated,True,True,False
1230993,1230993:0,restaurant,I had a grat time at Jekyll and Hyde!,Jekyll and Hyde,RESTAURANT#GENERAL,positive,annotated,True,True,True
1230993,1230993:1,restaurant,I loved everythig about it-especially the shows and actors.,NULL,RESTAURANT#GENERAL,positive,annotated,True,True,False
1230993,1230993:1,restaurant,I loved everythig about it-especially the shows and actors.,shows,AMBIENCE#GENERAL,positive,annotated,True,True,True
1230993,1230993:1,restaurant,I loved everythig about it-especially the shows and actors.,actors,AMBIENCE#GENERAL,positive,annotated,True,True,True
1230993,1230993:2,restaurant,Our server was very helpful and friendly.,server,SERVICE#GENERAL,positive,annotated,True,True,True
1230993,1230993:3,restaurant,I am bringing my whole family back next time.,NULL,RESTAURANT#MISCELLANEOUS,positive,annotated,True,True,False
1230993,1230993:4,restaurant,The food was good too.,food,FOOD#QUALITY,positive,annotated,True,True,True
1232468,1232468:0,restaurant,The tuna and wasabe potatoes are excellent.,tuna,FOOD#QUALITY,positive,annotated,True,True,True
1232468,1232468:0,restaurant,The tuna and wasabe potatoes are excellent.,wasabe potatoes,FOOD#QUALITY,positive,annotated,True,True,True
1232468,1232468:1,restaurant,The outdoor atmosphere of sitting on the sidewalk watching the world go by 50 feet away on 6th avenue on a cool evening was wonderful.,outdoor atmosphere,LOCATION#GENERAL,positive,annotated,True,True,True
1232468,1232468:2,restaurant,"Inside is a little cramped, but to be expected.",NULL,AMBIENCE#GENERAL,neutral,annotated,True,True,False
1232468,1232468:3,restaurant,Service was prompt and courteous.,Service,SERVICE#GENERAL,positive,annotated,True,True,True
1232468,1232468:4,restaurant,This was a repeat visit and we'll definitely be back again.,NULL,RESTAURANT#GENERAL,positive,annotated,True,True,False
1241906,1241906:0,restaurant,"Great service, great food.",service,SERVICE#GENERAL,positive,annotated,True,True,True
1241906,1241906:0,restaurant,"Great service, great food.",food,FOOD#QUALITY,positive,annotated,True,True,True
1241906,1241906:1,restaurant,Prices are in line.,NULL,RESTAURANT#PRICES,neutral,annotated,True,True,False
1241906,1241906:2,restaurant,"Compared to other shabu restaurants around town, this places wins hands-down.",,,,non_annotated,False,False,False
1241906,1241906:3,restaurant,But too far east!,NULL,LOCATION#GENERAL,negative,annotated,True,True,False
1253117,1253117:0,restaurant,I live a block away and go to Patsy's frequently.,,,,non_annotated,False,False,False
1253117,1253117:1,restaurant,"The pizza is delicious - they use fresh mozzarella instead of the cheap, frozen, shredded cheese common to most pizzaria's.",pizza,FOOD#QUALITY,positive,annotated,True,True,True
1253117,1253117:1,restaurant,"The pizza is delicious - they use fresh mozzarella instead of the cheap, frozen, shredded cheese common to most pizzaria's.",fresh mozzarella,FOOD#QUALITY,positive,annotated,True,True,True
1253117,1253117:2,restaurant,"Two complaints- their appetizer selection stinks, it would be nice to get some mozzarella sticks on the menu.",appetizer selection,FOOD#STYLE_OPTIONS,negative,annotated,True,True,True
1253117,1253117:3,restaurant,"Also, because it is so thin, it gets cold very quickly and its not that filling.",NULL,FOOD#QUALITY,negative,annotated,True,True,False
1253117,1253117:3,restaurant,"Also, because it is so thin, it gets cold very quickly and its not that filling.",NULL,FOOD#STYLE_OPTIONS,negative,annotated,True,True,False
1253117,1253117:4,restaurant,So eat fast and order a lot.,,,,non_annotated,False,False,False
1253117,1253117:5,restaurant,Wait staff is blantently unappreciative of your business but its the best pie on the UWS!,Wait staff,SERVICE#GENERAL,negative,annotated,True,True,True
1253117,1253117:5,restaurant,Wait staff is blantently unappreciative of your business but its the best pie on the UWS!,pie,FOOD#QUALITY,positive,annotated,True,True,True
1256373,1256373:0,restaurant,By far the best salad I have had in a fast food restaurant.,salad,FOOD#QUALITY,positive,annotated,True,True,True
1256373,1256373:1,restaurant,fine dining restaurant quality.,dining,FOOD#QUALITY,positive,annotated,True,True,True
1256373,1256373:2,restaurant,Over 100 different choices to create your own.,NULL,FOOD#STYLE_OPTIONS,positive,annotated,True,True,False
1256373,1256373:3,restaurant,A must try!,NULL,RESTAURANT#GENERAL,positive,annotated,True,True,False
1264954,1264954:0,restaurant,"On a recent Sunday afternoon, a friend and I accidently found this great restaurant on our way to see the pulitzer prize winning play DOUBT.",restaurant,RESTAURANT#GENERAL,positive,annotated,True,True,True
1264954,1264954:1,restaurant,"This was the perfect quiet, relaxing, and delicious accompaniment to our afternoon of theater.",NULL,FOOD#QUALITY,positive,annotated,True,True,False
1264954,1264954:1,restaurant,"This was the perfect quiet, relaxing, and delicious accompaniment to our afternoon of theater.",NULL,AMBIENCE#GENERAL,positive,annotated,True,True,False
1264954,1264954:2,restaurant,"The chicken pot pie is excpetiona, the cheeseburger huge and delictable, and the service professional wan warm.",chicken pot pie,FOOD#QUALITY,positive,annotated,True,True,True
1264954,1264954:2,restaurant,"The chicken pot pie is excpetiona, the cheeseburger huge and delictable, and the service professional wan warm.",cheeseburger,FOOD#STYLE_OPTIONS,positive,annotated,True,True,True
1264954,1264954:2,restaurant,"The chicken pot pie is excpetiona, the cheeseburger huge and delictable, and the service professional wan warm.",cheeseburger,FOOD#QUALITY,positive,annotated,True,True,True
1264954,1264954:2,restaurant,"The chicken pot pie is excpetiona, the cheeseburger huge and delictable, and the service professional wan warm.",service,SERVICE#GENERAL,positive,annotated,True,True,True
1264954,1264954:3,restaurant,"With so many poor experiences to be had in the theater district, is truly an excellent find!",NULL,RESTAURANT#GENERAL,positive,annotated,True,True,False
1264954,1264954:4,restaurant,We will return many times for this oasis in mid-town.,NULL,RESTAURANT#GENERAL,positive,annotated,True,True,False
1269216,1269216:0,restaurant,I grew up on these bagels.,,,,non_annotated,False,False,False
1269216,1269216:1,restaurant,The staff is no nonsense.,staff,SERVICE#GENERAL,positive,annotated,True,True,True
1269216,1269216:2,restaurant,The food options rule.,food,FOOD#STYLE_OPTIONS,positive,annotated,True,True,True
1269216,1269216:3,restaurant,When I lived upstate for a while I would buy freeze the bagels and they would still be better than any else.,bagels,FOOD#QUALITY,positive,annotated,True,True,True
1269216,1269216:4,restaurant,Worth visiting the 1st Ave spot because it is the original store.,1st Ave spot,RESTAURANT#MISCELLANEOUS,positive,annotated,True,True,True
1275154,1275154:0,restaurant,I stumbled upon this second floor walk-up two Fridays ago when I was with two friends in town from L.A.,,,,non_annotated,False,False,False
1275154,1275154:1,restaurant,"Being serious sushi lovers, we sat at the sushi bar to be closer to the action.",,,,non_annotated,False,False,False
1275154,1275154:2,restaurant,I asked the chef what he recommends and he asked me if I like Uni. (,,,,non_annotated,False,False,False
1275154,1275154:3,restaurant,"For those of you who don't know, Uni is Sea Urchin in Japanese, which happens to be my favorite.)",,,,non_annotated,False,False,False
1275154,1275154:4,restaurant,"He served me an Uni Hand roll, which I never had before, and let me tell you...IT WAS HEAVEN!",Uni Hand roll,FOOD#QUALITY,positive,annotated,True,True,True
1275154,1275154:5,restaurant,"Aside from the Sea Urchin, the chef recommended an assortment of fish including Fatty Yellow Tail, Boton Shrimp, Blue Fin Torro (Fatty Tuna), Sea Eel, etc.",,,,non_annotated,False,False,False
1275154,1275154:6,restaurant,The sake menu should not be overlooked!,sake menu,DRINKS#STYLE_OPTIONS,positive,annotated,True,True,True
1275154,1275154:7,restaurant,"All in all, this midtown gem instantly became one of my favorite sushi restaurants in the city.",NULL,RESTAURANT#GENERAL,positive,annotated,True,True,False
1275154,1275154:8,restaurant,Try the lobster teriyaki and the rose special roll.,lobster teriyaki,FOOD#QUALITY,positive,annotated,True,True,True
1275154,1275154:8,restaurant,Try the lobster teriyaki and the rose special roll.,rose special roll,FOOD#QUALITY,positive,annotated,True,True,True
1280166,1280166:0,restaurant,We visited Orsay during NY Restaurant Week and tried their $35 menu.,,,,non_annotated,False,False,False
1280166,1280166:1,restaurant,"Service was very good - prompt, attentive and non-intrusive.",Service,SERVICE#GENERAL,positive,annotated,True,True,True
1280166,1280166:2,restaurant,"Food was very good as well, considering that we tried the budget selection (though I wish the pork belly that I ordered was roasted a bit longer, so that fat was more of a melt-in-your-mouth experience).",Food,FOOD#QUALITY,positive,annotated,True,True,True
1280166,1280166:2,restaurant,"Food was very good as well, considering that we tried the budget selection (though I wish the pork belly that I ordered was roasted a bit longer, so that fat was more of a melt-in-your-mouth experience).",pork belly,FOOD#QUALITY,negative,annotated,True,True,True
1280166,1280166:3,restaurant,Wine list selection is good and wine-by-the-glass was generously filled to the top.,Wine list selection,DRINKS#STYLE_OPTIONS,positive,annotated,True,True,True
1280166,1280166:3,restaurant,Wine list selection is good and wine-by-the-glass was generously filled to the top.,wine-by-the-glass,DRINKS#STYLE_OPTIONS,positive,annotated,True,True,True
1280166,1280166:4,restaurant,Traditional French decour was pleasant though the hall was rather noisy - the restaurant was full and we had to raise our voices to be able to maintain a conversation.,Traditional French decour,AMBIENCE#GENERAL,positive,annotated,True,True,True
1280166,1280166:4,restaurant,Traditional French decour was pleasant though the hall was rather noisy - the restaurant was full and we had to raise our voices to be able to maintain a conversation.,hall,AMBIENCE#GENERAL,negative,annotated,True,True,True
1280179,1280179:0,restaurant,"I've been to at Cafe Spice probably 5-8 times, it is probably still the best Indian restaurant around Union Square.",Cafe Spice,RESTAURANT#GENERAL,positive,annotated,True,True,True
1280179,1280179:1,restaurant,"To sum it up: Service varies from good to mediorce, depending on which waiter you get; generally it is just average Ok.",Service,SERVICE#GENERAL,neutral,annotated,True,True,True
1280179,1280179:2,restaurant,"Seating is always prompt, though the restaurant does fill up in the evening.",Seating,SERVICE#GENERAL,positive,annotated,True,True,True
1280179,1280179:3,restaurant,"Food is usually very good, though ocasionally I wondered about freshmess of raw vegatables in side orders.",Food,FOOD#QUALITY,positive,annotated,True,True,True
1280179,1280179:3,restaurant,"Food is usually very good, though ocasionally I wondered about freshmess of raw vegatables in side orders.",raw vegatables in side orders,FOOD#QUALITY,negative,annotated,True,True,True
1280179,1280179:4,restaurant,"As many other reviewers noticed, your order is often slow to arrive - this is particularly true in the evening but is not a problem during lunch time.",NULL,SERVICE#GENERAL,neutral,annotated,True,True,False
1280179,1280179:5,restaurant,"The decor is vibrant and eye-pleasing with several semi-private boths on the right side of the dining hall, which are great for a date.",decor,AMBIENCE#GENERAL,positive,annotated,True,True,True
1280179,1280179:5,restaurant,"The decor is vibrant and eye-pleasing with several semi-private boths on the right side of the dining hall, which are great for a date.",semi-private boths,AMBIENCE#GENERAL,positive,annotated,True,True,True
1286916,1286916:0,restaurant,I have NEVER been disappointed in the Red Eye.,Red Eye,RESTAURANT#GENERAL,positive,annotated,True,True,True
1286916,1286916:1,restaurant,"The first time I went, and was completely taken by the live jazz band and atmosphere, I ordered the Lobster Cobb Salad.",live jazz band,AMBIENCE#GENERAL,positive,annotated,True,True,True
1286916,1286916:1,restaurant,"The first time I went, and was completely taken by the live jazz band and atmosphere, I ordered the Lobster Cobb Salad.",atmosphere,AMBIENCE#GENERAL,positive,annotated,True,True,True
1286916,1286916:2,restaurant,I've never ordered anything else from their menu...there's no need to.,,,,non_annotated,False,False,False
1286916,1286916:3,restaurant,It's simply the best meal in NYC.,meal,FOOD#QUALITY,positive,annotated,True,True,True
1286916,1286916:4,restaurant,You cannot go wrong at the Red Eye Grill.,Red Eye Grill,RESTAURANT#GENERAL,positive,annotated,True,True,True
1287538,1287538:0,restaurant,"If we were to move from the upper east side, we would genuinely miss this restaurant.",restaurant,RESTAURANT#GENERAL,positive,annotated,True,True,True
1287538,1287538:1,restaurant,We've lived in the area for more than 8 years.,,,,non_annotated,False,False,False
1287538,1287538:2,restaurant,The restaurant is cute but not upscale.,restaurant,RESTAURANT#GENERAL,neutral,annotated,True,True,True
1287538,1287538:3,restaurant,The food is a diamond in rough -- the food is delicious and homemade with the perfect balance of herbs and tomatoes.,food,FOOD#QUALITY,positive,annotated,True,True,True
1287538,1287538:3,restaurant,The food is a diamond in rough -- the food is delicious and homemade with the perfect balance of herbs and tomatoes.,balance of herbs and tomatoes,FOOD#QUALITY,positive,annotated,True,True,True
1287538,1287538:4,restaurant,I would highly recommend it.,NULL,RESTAURANT#GENERAL,positive,annotated,True,True,False
1287538,1287538:5,restaurant,It's one of our favorite places to eat in NY.,NULL,RESTAURANT#GENERAL,positive,annotated,True,True,False
1289424,1289424:0,restaurant,We had a great time at the Jekyll and hyde Pub last night.,Jekyll and hyde Pub,RESTAURANT#GENERAL,positive,annotated,True,True,True
1289424,1289424:1,restaurant,We were walking around the village and went into this place just for some drinks.,,,,non_annotated,False,False,False
1289424,1289424:2,restaurant,After really enjoying ourselves at the bar we sat down at a table and had dinner.,bar,RESTAURANT#MISCELLANEOUS,positive,annotated,True,True,True
1289424,1289424:3,restaurant,The server was really cool and served us our food and drinks with a smile.,server,SERVICE#GENERAL,positive,annotated,True,True,True
1289424,1289424:4,restaurant,The place's decor and hidden bathrooms made for a good laugh.,decor,AMBIENCE#GENERAL,positive,annotated,True,True,True
1289424,1289424:4,restaurant,The place's decor and hidden bathrooms made for a good laugh.,hidden bathrooms,AMBIENCE#GENERAL,positive,annotated,True,True,True
1289424,1289424:5,restaurant,I highly recommend visiting this restaurant and having dinner and drinks!,restaurant,RESTAURANT#GENERAL,positive,annotated,True,True,True
1293334,1293334:0,restaurant,"If you are the type of person who likes being scared and entertained, this is a great place to go and eat.",place,RESTAURANT#MISCELLANEOUS,positive,annotated,True,True,True
1293334,1293334:1,restaurant,"My husband and I thougt it would be great to go to the Jekyll and Hyde Pub for our anniversary, and to our surprise it was fantastic.",Jekyll and Hyde Pub,RESTAURANT#GENERAL,positive,annotated,True,True,True
1293334,1293334:2,restaurant,"The have over 100 different beers to offer thier guest so that made my husband very happy and the food was delicious, if I must recommend a dish it must be the pumkin tortelini.",beers,DRINKS#STYLE_OPTIONS,positive,annotated,True,True,True
1293334,1293334:2,restaurant,"The have over 100 different beers to offer thier guest so that made my husband very happy and the food was delicious, if I must recommend a dish it must be the pumkin tortelini.",food,FOOD#QUALITY,positive,annotated,True,True,True
1293334,1293334:2,restaurant,"The have over 100 different beers to offer thier guest so that made my husband very happy and the food was delicious, if I must recommend a dish it must be the pumkin tortelini.",pumkin tortelini,FOOD#QUALITY,positive,annotated,True,True,True
1293334,1293334:3,restaurant,The entertainment was great they have shows that go on through out the dinner.,entertainment,AMBIENCE#GENERAL,positive,annotated,True,True,True
1293334,1293334:4,restaurant,"Please take my advice, go and try this place.",place,RESTAURANT#GENERAL,positive,annotated,True,True,True
1293334,1293334:5,restaurant,Its located in greenewich village.,,,,non_annotated,False,False,False
1293334,1293334:6,restaurant,You will not be disapointed at all.,NULL,RESTAURANT#GENERAL,positive,annotated,True,True,False
1297844,1297844:0,restaurant,Our first time in New York and we had to try a New York Bagel.,,,,non_annotated,False,False,False
1297844,1297844:1,restaurant,We were not dissappointed in the least bit by this little gem.,NULL,RESTAURANT#GENERAL,positive,annotated,True,True,False
1297844,1297844:2,restaurant,The bagel was huge.,bagel,FOOD#STYLE_OPTIONS,positive,annotated,True,True,True
1297844,1297844:3,restaurant,They were served warm and had a soft fluffy interior.,NULL,FOOD#QUALITY,positive,annotated,True,True,False
1297844,1297844:4,restaurant,The workers there also absolutely load the bagel with cream cheese (gets a little messy).,bagel,FOOD#STYLE_OPTIONS,negative,annotated,True,True,True
1297844,1297844:5,restaurant,I loved it and would HIGHLY RECOMMEND.,NULL,RESTAURANT#GENERAL,positive,annotated,True,True,False
1300636,1300636:0,restaurant,This was my frist time at Cafe St. Bart's and I must say how delicous the food and the service was.,food,FOOD#QUALITY,positive,annotated,True,True,True
1300636,1300636:0,restaurant,This was my frist time at Cafe St. Bart's and I must say how delicous the food and the service was.,service,SERVICE#GENERAL,positive,annotated,True,True,True
1300636,1300636:1,restaurant,"When I called this morning, I didn't think I would be able to get in at 12, but I was able to get in, along with four other guests.",,,,non_annotated,False,False,False
1300636,1300636:2,restaurant,I have to highly recommend the lobster roll - not to much mayo; you can tell it was a fresh lobster.,lobster roll,FOOD#QUALITY,positive,annotated,True,True,True
1300636,1300636:2,restaurant,I have to highly recommend the lobster roll - not to much mayo; you can tell it was a fresh lobster.,lobster,FOOD#QUALITY,positive,annotated,True,True,True
1300636,1300636:3,restaurant,"Other guests enjoyed pizza, santa fe chopped salad and fish and chips.",pizza,FOOD#QUALITY,positive,annotated,True,True,True
1300636,1300636:3,restaurant,"Other guests enjoyed pizza, santa fe chopped salad and fish and chips.",santa fe chopped salad,FOOD#QUALITY,positive,annotated,True,True,True
1300636,1300636:3,restaurant,"Other guests enjoyed pizza, santa fe chopped salad and fish and chips.",fish and chips,FOOD#QUALITY,positive,annotated,True,True,True
1300636,1300636:4,restaurant,"I highly recommend Cafe St. Bart's for their food, the ambience and wonderful service.",food,FOOD#QUALITY,positive,annotated,True,True,True
1300636,1300636:4,restaurant,"I highly recommend Cafe St. Bart's for their food, the ambience and wonderful service.",ambience,AMBIENCE#GENERAL,positive,annotated,True,True,True
1300636,1300636:4,restaurant,"I highly recommend Cafe St. Bart's for their food, the ambience and wonderful service.",service,SERVICE#GENERAL,positive,annotated,True,True,True
1303888,1303888:0,restaurant,All the staff is absolutely professional!!,staff,SERVICE#GENERAL,positive,annotated,True,True,True
1303888,1303888:1,restaurant,I sometimes see the waiters don't have enough knowledge of their dishes.,,,,non_annotated,False,False,False
1303888,1303888:2,restaurant,But they do.,,,,non_annotated,False,False,False
1303888,1303888:3,restaurant,"(that is A MUST, but not every restaurant can do...)",NULL,SERVICE#GENERAL,positive,annotated,True,True,False
1303888,1303888:4,restaurant,"If you want to dine with large party, I recommend to make reservation BASEMENT.",,,,non_annotated,False,False,False
1303888,1303888:5,restaurant,"There's nice and quiet, small but enough for 6 (or more).",NULL,AMBIENCE#GENERAL,positive,annotated,True,True,False
1303984,1303984:0,restaurant,This restaurant was way overhyped.,restaurant,RESTAURANT#GENERAL,negative,annotated,True,True,True
1303984,1303984:1,restaurant,My chow fun and chow see was really bland and oily.,chow fun and chow see,FOOD#QUALITY,negative,annotated,True,True,True
1303984,1303984:2,restaurant,Okay-i don't mind the oily part (cause most are cooked that way) but it was way too bland.,NULL,FOOD#QUALITY,negative,annotated,True,True,False
1303984,1303984:3,restaurant,The scallion pancakes and fried dumplings were nothing out of the ordinary.,scallion pancakes,FOOD#QUALITY,neutral,annotated,True,True,True
1303984,1303984:3,restaurant,The scallion pancakes and fried dumplings were nothing out of the ordinary.,fried dumplings,FOOD#QUALITY,neutral,annotated,True,True,True
1308557,1308557:0,restaurant,The service was the only thing good about this restaurant.,service,SERVICE#GENERAL,positive,annotated,True,True,True
1308557,1308557:0,restaurant,The service was the only thing good about this restaurant.,restaurant,RESTAURANT#GENERAL,negative,annotated,True,True,True
1308557,1308557:1,restaurant,"It's boring on the inside, and our sushi was pretty below average... the tuna was soggy and the other rolls had no flavor.",NULL,AMBIENCE#GENERAL,negative,annotated,True,True,False
1308557,1308557:1,restaurant,"It's boring on the inside, and our sushi was pretty below average... the tuna was soggy and the other rolls had no flavor.",sushi,FOOD#QUALITY,negative,annotated,True,True,True
1308557,1308557:1,restaurant,"It's boring on the inside, and our sushi was pretty below average... the tuna was soggy and the other rolls had no flavor.",tuna,FOOD#QUALITY,negative,annotated,True,True,True
1308557,1308557:1,restaurant,"It's boring on the inside, and our sushi was pretty below average... the tuna was soggy and the other rolls had no flavor.",rolls,FOOD#QUALITY,negative,annotated,True,True,True
1308557,1308557:2,restaurant,I definitely wouldn't go back.,NULL,RESTAURANT#GENERAL,negative,annotated,True,True,False
1310217,1310217:0,restaurant,There are many Thai places in the city but so far Toons is #1.,,,,non_annotated,False,False,False
1310217,1310217:1,restaurant,Their pad penang is delicious and everything else is fantastic.,pad penang,FOOD#QUALITY,positive,annotated,True,True,True
1310217,1310217:1,restaurant,Their pad penang is delicious and everything else is fantastic.,NULL,FOOD#QUALITY,positive,annotated,True,True,False
1310217,1310217:2,restaurant,The price is reasonable although the service is poor.,NULL,RESTAURANT#PRICES,positive,annotated,True,True,False
1310217,1310217:2,restaurant,The price is reasonable although the service is poor.,service,SERVICE#GENERAL,negative,annotated,True,True,True
1318537,1318537:0,restaurant,fresh restaurant was amazing........ food was delicious and of course fresh.,fresh restaurant,RESTAURANT#GENERAL,positive,annotated,True,True,True
1318537,1318537:0,restaurant,fresh restaurant was amazing........ food was delicious and of course fresh.,food,FOOD#QUALITY,positive,annotated,True,True,True
1318537,1318537:1,restaurant,"great for a romantic evening, or a fun evening with friends...",NULL,AMBIENCE#GENERAL,positive,annotated,True,True,False
1318537,1318537:1,restaurant,"great for a romantic evening, or a fun evening with friends...",NULL,RESTAURANT#MISCELLANEOUS,positive,annotated,True,True,False
1318537,1318537:2,restaurant,I will be going back very soon.,NULL,RESTAURANT#GENERAL,positive,annotated,True,True,False
1318537,1318537:3,restaurant,keep up the good work.,NULL,RESTAURANT#GENERAL,positive,annotated,True,True,False
1318537,1318537:4,restaurant,Hats off to the chef.,chef,FOOD#QUALITY,positive,annotated,True,True,True
1328078,1328078:0,restaurant,"I am not the most experienced person when it comes to Thai food, but my friend who took me there is.",,,,non_annotated,False,False,False
1328078,1328078:1,restaurant,He has visited Thailand and is quite expert on the cuisine.,,,,non_annotated,False,False,False
1328078,1328078:2,restaurant,It was wonderful.,NULL,RESTAURANT#GENERAL,positive,annotated,True,True,False
1328078,1328078:3,restaurant,"the salads are delicious, both refreshing and very spicy.",salads,FOOD#QUALITY,positive,annotated,True,True,True
1328078,1328078:4,restaurant,We had Pam's special fried fish and it was amazing.,Pam's special fried fish,FOOD#QUALITY,positive,annotated,True,True,True
1328078,1328078:5,restaurant,too large for just two people but nothing was left.,NULL,FOOD#STYLE_OPTIONS,negative,annotated,True,True,False
1328078,1328078:5,restaurant,too large for just two people but nothing was left.,NULL,FOOD#QUALITY,positive,annotated,True,True,False
1328078,1328078:6,restaurant,Unbelievable.,,,,non_annotated,False,False,False
1335154,1335154:0,restaurant,Had a late night dinner on a Saturday night.,,,,non_annotated,False,False,False
1335154,1335154:1,restaurant,"Great vibe, lots of people.",vibe,AMBIENCE#GENERAL,positive,annotated,True,True,True
1335154,1335154:2,restaurant,"My husband and I both ordered the Steak, medium.",,,,non_annotated,False,False,False
1335154,1335154:3,restaurant,"My husbands was perfect, my was well done and dry.",NULL,FOOD#QUALITY,positive,annotated,True,True,False
1335154,1335154:3,restaurant,"My husbands was perfect, my was well done and dry.",NULL,FOOD#QUALITY,negative,annotated,True,True,False
1335154,1335154:4,restaurant,"I didn't complain, I liked the atmosphere so much.",atmosphere,AMBIENCE#GENERAL,positive,annotated,True,True,True
1335154,1335154:5,restaurant,Will give it another chance before I write it off.,,,,non_annotated,False,False,False
1335656,1335656:0,restaurant,Visited there while on vacation and reading the reviews.,,,,non_annotated,False,False,False
1335656,1335656:1,restaurant,On a hot day it was fabulous to stop in and enjoy lunch.,NULL,RESTAURANT#GENERAL,positive,annotated,True,True,False
1335656,1335656:2,restaurant,"Ambience is so cute and quaint, good for business although we were there on vacation.",Ambience,AMBIENCE#GENERAL,positive,annotated,True,True,True
1335656,1335656:2,restaurant,"Ambience is so cute and quaint, good for business although we were there on vacation.",NULL,RESTAURANT#MISCELLANEOUS,positive,annotated,True,True,False
1335656,1335656:3,restaurant,Salads were fantastic.,Salads,FOOD#QUALITY,positive,annotated,True,True,True
1335656,1335656:4,restaurant,Although we were looking for regular lettuce and some walnuts the salads we got were great.,salads,FOOD#QUALITY,positive,annotated,True,True,True
1335656,1335656:5,restaurant,Ingredients are organic which is a real plus for me.,Ingredients,FOOD#QUALITY,positive,annotated,True,True,True
1335656,1335656:6,restaurant,We will be back.,NULL,RESTAURANT#GENERAL,positive,annotated,True,True,False
1338124,1338124:0,restaurant,"This is some really good, inexpensive sushi.",sushi,FOOD#QUALITY,positive,annotated,True,True,True
1338124,1338124:0,restaurant,"This is some really good, inexpensive sushi.",sushi,FOOD#PRICES,positive,annotated,True,True,True
1338124,1338124:1,restaurant,"It costs $2 extra to turn a regular roll into an inside-out roll, but the roll more than triples in size, and that's not just from the rice.",,,,non_annotated,False,False,False
1338124,1338124:2,restaurant,The spicy Tuna roll is huge and probably the best that I've had at this price range.,spicy Tuna roll,FOOD#STYLE_OPTIONS,positive,annotated,True,True,True
1338124,1338124:2,restaurant,The spicy Tuna roll is huge and probably the best that I've had at this price range.,spicy Tuna roll,FOOD#QUALITY,positive,annotated,True,True,True
1338124,1338124:2,restaurant,The spicy Tuna roll is huge and probably the best that I've had at this price range.,spicy Tuna roll,FOOD#PRICES,positive,annotated,True,True,True
1338124,1338124:3,restaurant,The Yellowtail was particularly good as well.,Yellowtail,FOOD#QUALITY,positive,annotated,True,True,True
1338124,1338124:4,restaurant,"I have reservations about the all you can eat deal, however -- the choices are fairly limited and you can probably order more food than you can eat for less than $18 by just going off the menu.",all you can eat deal,FOOD#STYLE_OPTIONS,negative,annotated,True,True,True
1338124,1338124:4,restaurant,"I have reservations about the all you can eat deal, however -- the choices are fairly limited and you can probably order more food than you can eat for less than $18 by just going off the menu.",all you can eat deal,FOOD#PRICES,negative,annotated,True,True,True
1338124,1338124:5,restaurant,"In any event, this is a place I'll be sure to stop by again when I'm in this part of town.",place,RESTAURANT#GENERAL,positive,annotated,True,True,True
1340075,1340075:0,restaurant,Big Wong gets big Ups for a fine establishment.,Big Wong,RESTAURANT#GENERAL,positive,annotated,True,True,True
1340075,1340075:1,restaurant,"They have it all -- great price, food, and service.",NULL,RESTAURANT#GENERAL,positive,annotated,True,True,False
1340075,1340075:1,restaurant,"They have it all -- great price, food, and service.",NULL,RESTAURANT#PRICES,positive,annotated,True,True,False
1340075,1340075:1,restaurant,"They have it all -- great price, food, and service.",food,FOOD#QUALITY,positive,annotated,True,True,True
1340075,1340075:1,restaurant,"They have it all -- great price, food, and service.",service,SERVICE#GENERAL,positive,annotated,True,True,True
1340075,1340075:2,restaurant,The atmosphere is noisy and the waiters are literally walking around doing things as fast as they can.,atmosphere,AMBIENCE#GENERAL,negative,annotated,True,True,True
1340075,1340075:2,restaurant,The atmosphere is noisy and the waiters are literally walking around doing things as fast as they can.,waiters,SERVICE#GENERAL,positive,annotated,True,True,True
1340075,1340075:3,restaurant,The food is prepared quickly and efficiently.,NULL,SERVICE#GENERAL,positive,annotated,True,True,False
1340075,1340075:4,restaurant,"And it all comes at a very reasonable price (congee, noodles, and rice dishes are no more than $3-6 each).",NULL,FOOD#PRICES,positive,annotated,True,True,False
1340075,1340075:4,restaurant,"And it all comes at a very reasonable price (congee, noodles, and rice dishes are no more than $3-6 each).",congee,FOOD#PRICES,positive,annotated,True,True,True
1340075,1340075:4,restaurant,"And it all comes at a very reasonable price (congee, noodles, and rice dishes are no more than $3-6 each).",noodles,FOOD#PRICES,positive,annotated,True,True,True
1340075,1340075:4,restaurant,"And it all comes at a very reasonable price (congee, noodles, and rice dishes are no more than $3-6 each).",rice dishes,FOOD#PRICES,positive,annotated,True,True,True
1340075,1340075:5,restaurant,The takeout is great too since they give high quality tupperware as well.,takeout,SERVICE#GENERAL,positive,annotated,True,True,True
1340075,1340075:6,restaurant,This place is always very crowded and popular.,place,RESTAURANT#MISCELLANEOUS,positive,annotated,True,True,True
1341354,1341354:0,restaurant,Went here on a friend's reccomendation.,,,,non_annotated,False,False,False
1341354,1341354:1,restaurant,Enjoyed a very nice Caesar Salad while my wife had arugula and goat cheese....both very tasty.,Caesar Salad,FOOD#QUALITY,positive,annotated,True,True,True
1341354,1341354:1,restaurant,Enjoyed a very nice Caesar Salad while my wife had arugula and goat cheese....both very tasty.,arugula and goat cheese,FOOD#QUALITY,positive,annotated,True,True,True
1341354,1341354:2,restaurant,We both opted for a pasta dish and they were served timely and fresh.,NULL,SERVICE#GENERAL,positive,annotated,True,True,False
1341354,1341354:2,restaurant,We both opted for a pasta dish and they were served timely and fresh.,pasta dish,FOOD#QUALITY,positive,annotated,True,True,True
1341354,1341354:3,restaurant,"We concluded with tiramisu chocolate cake, both were delicious.",tiramisu chocolate cake,FOOD#QUALITY,positive,annotated,True,True,True
1341354,1341354:4,restaurant,We'd go back again,NULL,RESTAURANT#GENERAL,positive,annotated,True,True,False
1347423,1347423:0,restaurant,I recently went to this restaurant with some co-workers for lunch and had an amazing time.,restaurant,RESTAURANT#GENERAL,positive,annotated,True,True,True
1347423,1347423:1,restaurant,"The staff was accomodating, the food was absolutely delicious and the place is lovely.",staff,SERVICE#GENERAL,positive,annotated,True,True,True
1347423,1347423:1,restaurant,"The staff was accomodating, the food was absolutely delicious and the place is lovely.",food,FOOD#QUALITY,positive,annotated,True,True,True
1347423,1347423:1,restaurant,"The staff was accomodating, the food was absolutely delicious and the place is lovely.",place,AMBIENCE#GENERAL,positive,annotated,True,True,True
1347423,1347423:2,restaurant,We even had a visit from the Manager who wanted to make sure we were enjoying ourselves.,Manager,SERVICE#GENERAL,positive,annotated,True,True,True
1347423,1347423:3,restaurant,"Yes, the prices are high, but I felt it was worth it.",NULL,RESTAURANT#PRICES,negative,annotated,True,True,False
1347423,1347423:3,restaurant,"Yes, the prices are high, but I felt it was worth it.",NULL,RESTAURANT#GENERAL,positive,annotated,True,True,False
1347423,1347423:4,restaurant,We all felt it was worth it.,NULL,RESTAURANT#GENERAL,positive,annotated,True,True,False
1349391,1349391:0,restaurant,sometimes i get good food and ok service.,food,FOOD#QUALITY,positive,annotated,True,True,True
1349391,1349391:0,restaurant,sometimes i get good food and ok service.,service,SERVICE#GENERAL,neutral,annotated,True,True,True
1349391,1349391:1,restaurant,"sometimes i get bad food and bad service, sometimes i get good good and bad service.",food,FOOD#QUALITY,negative,annotated,True,True,True
1349391,1349391:1,restaurant,"sometimes i get bad food and bad service, sometimes i get good good and bad service.",service,SERVICE#GENERAL,negative,annotated,True,True,True
1349391,1349391:1,restaurant,"sometimes i get bad food and bad service, sometimes i get good good and bad service.",good,FOOD#QUALITY,positive,annotated,True,True,True
1349391,1349391:2,restaurant,it is not consistent.,NULL,RESTAURANT#GENERAL,negative,annotated,True,True,False
1349391,1349391:3,restaurant,really depends on your luck!,,,,non_annotated,False,False,False
1352948,1352948:0,restaurant,The place is a BISTRO which means: simple dishes and wine served efficiently in a bustling atmosphere.,dishes,FOOD#STYLE_OPTIONS,positive,annotated,True,True,True
1352948,1352948:0,restaurant,The place is a BISTRO which means: simple dishes and wine served efficiently in a bustling atmosphere.,wine,DRINKS#STYLE_OPTIONS,positive,annotated,True,True,True
1352948,1352948:0,restaurant,The place is a BISTRO which means: simple dishes and wine served efficiently in a bustling atmosphere.,NULL,SERVICE#GENERAL,positive,annotated,True,True,False
1352948,1352948:0,restaurant,The place is a BISTRO which means: simple dishes and wine served efficiently in a bustling atmosphere.,atmosphere,AMBIENCE#GENERAL,positive,annotated,True,True,True
1352948,1352948:1,restaurant,And where does Patis go wrong; no where.,Patis,RESTAURANT#GENERAL,positive,annotated,True,True,True
1352948,1352948:2,restaurant,"You are not eating haut cuisine with subtle hints of whatever but: Cassuolet, Steake Fritte, Tripe Stew, etc; simple stuff.",NULL,FOOD#STYLE_OPTIONS,positive,annotated,True,True,False
1352948,1352948:2,restaurant,"You are not eating haut cuisine with subtle hints of whatever but: Cassuolet, Steake Fritte, Tripe Stew, etc; simple stuff.",NULL,FOOD#QUALITY,positive,annotated,True,True,False
1352948,1352948:3,restaurant,And evaluated on those terms Pastis is simply wonderful.,Pastis,RESTAURANT#GENERAL,positive,annotated,True,True,True
1353599,1353599:0,restaurant,Right off the L in Brooklyn this is a nice cozy place with good pizza.,pizza,FOOD#QUALITY,positive,annotated,True,True,True
1353599,1353599:0,restaurant,Right off the L in Brooklyn this is a nice cozy place with good pizza.,place,AMBIENCE#GENERAL,positive,annotated,True,True,True
1353599,1353599:1,restaurant,Mine was a little burnt but still delicious with goat cheese and panchetta (raddichio was kind of bitter though).,raddichio,FOOD#QUALITY,negative,annotated,True,True,True
1353599,1353599:1,restaurant,Mine was a little burnt but still delicious with goat cheese and panchetta (raddichio was kind of bitter though).,NULL,FOOD#QUALITY,positive,annotated,True,True,False
1353599,1353599:2,restaurant,My friend got the mushroom pizza which tasted better.,mushroom pizza,FOOD#QUALITY,positive,annotated,True,True,True
1353599,1353599:3,restaurant,The sangria was pretty tasty and good on a hot muggy day.,sangria,DRINKS#QUALITY,positive,annotated,True,True,True
1353599,1353599:4,restaurant,Kind of a small place but I guess if they are not too busy might be able to fit a group or kids.,place,RESTAURANT#MISCELLANEOUS,neutral,annotated,True,True,True
1353599,1353599:5,restaurant,Overall I would recommend it and go back again.,NULL,RESTAURANT#GENERAL,positive,annotated,True,True,False
1353599,1353599:6,restaurant,Coming from Boston this place is like Emma's Pizza in Kendall Square in Cambridge (although they have more funky toppings!),,,,non_annotated,False,False,False
1357554,1357554:0,restaurant,I started out with a Bombay beer which was big enough for two.,Bombay beer,DRINKS#STYLE_OPTIONS,positive,annotated,True,True,True
1357554,1357554:1,restaurant,For dinner I had the chicken tikka-masala and some garlic naan.,,,,non_annotated,False,False,False
1357554,1357554:2,restaurant,MMmmm... it was delicious.,NULL,FOOD#QUALITY,positive,annotated,True,True,False
1357554,1357554:3,restaurant,"Service was slow, but the people were friendly.",Service,SERVICE#GENERAL,negative,annotated,True,True,True
1357554,1357554:3,restaurant,"Service was slow, but the people were friendly.",people,SERVICE#GENERAL,positive,annotated,True,True,True
1357554,1357554:4,restaurant,It's a nice place to relax and have conversation.,place,AMBIENCE#GENERAL,positive,annotated,True,True,True
1357554,1357554:5,restaurant,I can't wait to go back.,NULL,RESTAURANT#GENERAL,positive,annotated,True,True,False
1367358,1367358:0,restaurant,We have lived in Chelsea for two years and have never noticed this restaurant.,,,,non_annotated,False,False,False
1367358,1367358:1,restaurant,The food is authentic Italian - delicious!,food,FOOD#QUALITY,positive,annotated,True,True,True
1367358,1367358:2,restaurant,"Pizza is terrific, as is homemade pasta.",Pizza,FOOD#QUALITY,positive,annotated,True,True,True
1367358,1367358:2,restaurant,"Pizza is terrific, as is homemade pasta.",homemade pasta,FOOD#QUALITY,positive,annotated,True,True,True
1367358,1367358:3,restaurant,"Ambience is delightful, service impeccable.",Ambience,AMBIENCE#GENERAL,positive,annotated,True,True,True
1367358,1367358:3,restaurant,"Ambience is delightful, service impeccable.",service,SERVICE#GENERAL,positive,annotated,True,True,True
1380450,1380450:0,restaurant,I'm still mad that i had to pay for lousy food.,food,FOOD#QUALITY,negative,annotated,True,True,True
1380450,1380450:1,restaurant,The hanger steak was like rubber and the tuna was flavorless not to mention it tasted like it had just been thawed.,hanger steak,FOOD#QUALITY,negative,annotated,True,True,True
1380450,1380450:1,restaurant,The hanger steak was like rubber and the tuna was flavorless not to mention it tasted like it had just been thawed.,tuna,FOOD#QUALITY,negative,annotated,True,True,True
1380450,1380450:2,restaurant,Service was also horrible and the ambience is not that great.,Service,SERVICE#GENERAL,negative,annotated,True,True,True
1380450,1380450:2,restaurant,Service was also horrible and the ambience is not that great.,ambience,AMBIENCE#GENERAL,negative,annotated,True,True,True
1380450,1380450:3,restaurant,DO not try unless you're just going there to hang out like the rest of the hipsters who apparently have no sense of taste.,NULL,RESTAURANT#MISCELLANEOUS,negative,annotated,True,True,False
1387314,1387314:0,restaurant,I go and eat out at many different restaurants and this is one place you have go and try.,place,RESTAURANT#GENERAL,positive,annotated,True,True,True
1387314,1387314:1,restaurant,This is my first time writing a review for a restaurant because the food and service was excellent.,food,FOOD#QUALITY,positive,annotated,True,True,True
1387314,1387314:1,restaurant,This is my first time writing a review for a restaurant because the food and service was excellent.,service,SERVICE#GENERAL,positive,annotated,True,True,True
1387314,1387314:2,restaurant,The filet mignon dish was superb!,filet mignon dish,FOOD#QUALITY,positive,annotated,True,True,True
1387314,1387314:3,restaurant,I would defiantly come back here again as one of my top choices.,NULL,RESTAURANT#GENERAL,positive,annotated,True,True,False
1387314,1387314:4,restaurant,It's a small cute restaurant.,restaurant,RESTAURANT#GENERAL,positive,annotated,True,True,True
1390357,1390357:0,restaurant,I absolutely love this place!!!,place,RESTAURANT#GENERAL,positive,annotated,True,True,True
1390357,1390357:1,restaurant,"From the street it looks very hidden, and is actually an old warehouse.",,,,non_annotated,False,False,False
1390357,1390357:2,restaurant,"I like the ambience, it's very dark and original.",ambience,AMBIENCE#GENERAL,positive,annotated,True,True,True
1390357,1390357:3,restaurant,I came here for my friend's birthday and keep coming back ever since.,,,,non_annotated,False,False,False
1390357,1390357:4,restaurant,The sushi is amazing!!!,sushi,FOOD#QUALITY,positive,annotated,True,True,True
1390357,1390357:5,restaurant,And amazingly cheap.,NULL,FOOD#PRICES,positive,annotated,True,True,False
1390357,1390357:6,restaurant,Big thumbs up!,NULL,RESTAURANT#GENERAL,positive,annotated,True,True,False
1394712,1394712:0,restaurant,Very affordable and excellent ambient!,ambient,AMBIENCE#GENERAL,positive,annotated,True,True,True
1394712,1394712:0,restaurant,Very affordable and excellent ambient!,NULL,RESTAURANT#PRICES,positive,annotated,True,True,False
1394712,1394712:1,restaurant,We ordered some beef and noodle soup dishes from the Thai section of the menu but nothing we got was Thai.,beef and noodle soup dishes,FOOD#QUALITY,negative,annotated,True,True,True
1394712,1394712:2,restaurant,We were very disappointed.,NULL,FOOD#QUALITY,negative,annotated,True,True,False
1394712,1394712:3,restaurant,We won't go to this place again for a good meal.,meal,FOOD#QUALITY,negative,annotated,True,True,True
1394712,1394712:4,restaurant,"However, I think this place is a good hang out spot.",place,AMBIENCE#GENERAL,positive,annotated,True,True,True
1394712,1394712:5,restaurant,"Next time, we wouldn't dare ordering anything else other than some simple Asian appetizers and drinks.",,,,non_annotated,False,False,False
1395421,1395421:0,restaurant,My Girlfriend and I stumbled onto this hopping place the other night and had a great time!,place,RESTAURANT#GENERAL,positive,annotated,True,True,True
1395421,1395421:1,restaurant,THe Pizza and wine were excellent-the service too--but what really MADE this place was the backyard dining area.,Pizza,FOOD#QUALITY,positive,annotated,True,True,True
1395421,1395421:1,restaurant,THe Pizza and wine were excellent-the service too--but what really MADE this place was the backyard dining area.,wine,DRINKS#QUALITY,positive,annotated,True,True,True
1395421,1395421:1,restaurant,THe Pizza and wine were excellent-the service too--but what really MADE this place was the backyard dining area.,service,SERVICE#GENERAL,positive,annotated,True,True,True
1395421,1395421:1,restaurant,THe Pizza and wine were excellent-the service too--but what really MADE this place was the backyard dining area.,backyard dining area,AMBIENCE#GENERAL,positive,annotated,True,True,True
1395421,1395421:2,restaurant,It is one the nicest outdoor restaurants I have ever seen in NY--I am from Italy and this place rivals the ones in my country.,outdoor restaurants,AMBIENCE#GENERAL,positive,annotated,True,True,True
1395421,1395421:3,restaurant,"They tell me they are going to cover the garden in glass for the winter, so i'm looking forward to going there on a snowy night to enjoy it.",NULL,RESTAURANT#MISCELLANEOUS,positive,annotated,True,True,False
1395421,1395421:4,restaurant,Check this place out!,place,RESTAURANT#GENERAL,positive,annotated,True,True,True
1395421,1395421:5,restaurant,HIGHLY RECOMMENDED!!!!!,NULL,RESTAURANT#GENERAL,positive,annotated,True,True,False
1398844,1398844:0,restaurant,"First of all, this place is *not* romantic, as claimed by Citysearch's editorial review.",place,AMBIENCE#GENERAL,negative,annotated,True,True,True
1398844,1398844:1,restaurant,"Either that, or the editor's idea of romance must be sharing a conversation with the next table, while trying to speak louder than the traffic on 57th.",NULL,AMBIENCE#GENERAL,negative,annotated,True,True,False
1398844,1398844:2,restaurant,"The tables are crammed way too close, the menu is typical of any Italian restaurant, and the wine list is simply overpriced.",tables,AMBIENCE#GENERAL,negative,annotated,True,True,True
1398844,1398844:2,restaurant,"The tables are crammed way too close, the menu is typical of any Italian restaurant, and the wine list is simply overpriced.",menu,FOOD#STYLE_OPTIONS,neutral,annotated,True,True,True
1398844,1398844:2,restaurant,"The tables are crammed way too close, the menu is typical of any Italian restaurant, and the wine list is simply overpriced.",wine list,DRINKS#PRICES,negative,annotated,True,True,True
1398844,1398844:3,restaurant,Slightly above average wines start at $70+ with only one selection listed at $30+.,wines,DRINKS#QUALITY,negative,annotated,True,True,True
1398844,1398844:3,restaurant,Slightly above average wines start at $70+ with only one selection listed at $30+.,wines,DRINKS#PRICES,negative,annotated,True,True,True
1398844,1398844:4,restaurant,Service is not what one would expect from a joint in this price category.,Service,SERVICE#GENERAL,negative,annotated,True,True,True
1398844,1398844:5,restaurant,"For instance, plates were just dumped on the table, I was handed the wine list upside down, etc....",NULL,SERVICE#GENERAL,negative,annotated,True,True,False
1398844,1398844:6,restaurant,Somehow working the italian charm with constant mille grazie does not constitute proper service.,service,SERVICE#GENERAL,negative,annotated,True,True,True
1398844,1398844:7,restaurant,"To be completely fair, the only redeeming factor was the food, which was above average, but couldn't make up for all the other deficiencies of Teodora.",food,FOOD#QUALITY,positive,annotated,True,True,True
1398844,1398844:7,restaurant,"To be completely fair, the only redeeming factor was the food, which was above average, but couldn't make up for all the other deficiencies of Teodora.",Teodora,RESTAURANT#GENERAL,negative,annotated,True,True,True
1404042,1404042:0,restaurant,"To celebrate a birthday, three of us went to Mare anticipating great food.",,,,non_annotated,False,False,False
1404042,1404042:1,restaurant,Not one of our meals was edible - bland and/or made with weird rosemary or orange flavoring.,meals,FOOD#QUALITY,negative,annotated,True,True,True
1404042,1404042:1,restaurant,Not one of our meals was edible - bland and/or made with weird rosemary or orange flavoring.,rosemary or orange flavoring,FOOD#QUALITY,negative,annotated,True,True,True
1404042,1404042:2,restaurant,Fish was overdone.,Fish,FOOD#QUALITY,negative,annotated,True,True,True
1404042,1404042:3,restaurant,"Cute place, nice wait staff but would never go there again.",wait staff,SERVICE#GENERAL,positive,annotated,True,True,True
1404042,1404042:3,restaurant,"Cute place, nice wait staff but would never go there again.",place,AMBIENCE#GENERAL,positive,annotated,True,True,True
1404042,1404042:3,restaurant,"Cute place, nice wait staff but would never go there again.",place,RESTAURANT#GENERAL,negative,annotated,True,True,True
1404042,1404042:4,restaurant,Someone else recommended the dessert - we also left that.,dessert,FOOD#QUALITY,negative,annotated,True,True,True
1404042,1404042:5,restaurant,One of us actually liked the expresso - that's it.,expresso,DRINKS#QUALITY,positive,annotated,True,True,True
1404042,1404042:6,restaurant,"Skip this restaurant, it's a big disappointment.",restaurant,RESTAURANT#GENERAL,negative,annotated,True,True,True
1410878,1410878:0,restaurant,Myagi is one of my favorite restaurants in the City; the place the negative reviews describe sound like they were somewhere else.,Myagi,RESTAURANT#GENERAL,positive,annotated,True,True,True
1410878,1410878:1,restaurant,I've never had bad service and the fish is fresh and delicious.,service,SERVICE#GENERAL,positive,annotated,True,True,True
1410878,1410878:1,restaurant,I've never had bad service and the fish is fresh and delicious.,fish,FOOD#QUALITY,positive,annotated,True,True,True
1410878,1410878:2,restaurant,Their tuna tartar appetizer is to die for.,tuna tartar appetizer,FOOD#QUALITY,positive,annotated,True,True,True
1413697,1413697:0,restaurant,"I come from a family of pizzeria owners, and I'm almost ashamed to say that the pizza in Fornino's blows my families receipies away.",pizza,FOOD#QUALITY,positive,annotated,True,True,True
1413697,1413697:1,restaurant,It is simply amazing.,NULL,FOOD#QUALITY,positive,annotated,True,True,False
1413697,1413697:2,restaurant,The place is so cool and the service is prompt and curtious.,service,SERVICE#GENERAL,positive,annotated,True,True,True
1413697,1413697:2,restaurant,The place is so cool and the service is prompt and curtious.,place,AMBIENCE#GENERAL,positive,annotated,True,True,True
1413697,1413697:3,restaurant,I highly recommend to anyone to give this place a try.,place,RESTAURANT#GENERAL,positive,annotated,True,True,True
1413697,1413697:4,restaurant,You will find yourself returning quite often.,NULL,RESTAURANT#GENERAL,positive,annotated,True,True,False
1413697,1413697:5,restaurant,P.S. Please don't tell anyone in my family i eat there.,,,,non_annotated,False,False,False
1413697,1413697:6,restaurant,LOL,,,,non_annotated,False,False,False
1417496,1417496:0,restaurant,A restaurant that doesn't try to do anything except serve great food with great service in a pleasant atmosphere.,food,FOOD#QUALITY,positive,annotated,True,True,True
1417496,1417496:0,restaurant,A restaurant that doesn't try to do anything except serve great food with great service in a pleasant atmosphere.,service,SERVICE#GENERAL,positive,annotated,True,True,True
1417496,1417496:0,restaurant,A restaurant that doesn't try to do anything except serve great food with great service in a pleasant atmosphere.,atmosphere,AMBIENCE#GENERAL,positive,annotated,True,True,True
1417496,1417496:1,restaurant,No gimmicks here -- the food speaks for itself in its freshness and preparation.,food,FOOD#QUALITY,positive,annotated,True,True,True
1417496,1417496:2,restaurant,The dining room is quietly elegant with no music to shout over -- how refreshing!,dining room,AMBIENCE#GENERAL,positive,annotated,True,True,True
1417496,1417496:3,restaurant,"The service was impeccable and unobtrusive -- the staff knows what they are there to do -- to know their menu, present your meal, and attend to your needs.",service,SERVICE#GENERAL,positive,annotated,True,True,True
1417496,1417496:3,restaurant,"The service was impeccable and unobtrusive -- the staff knows what they are there to do -- to know their menu, present your meal, and attend to your needs.",staff,SERVICE#GENERAL,positive,annotated,True,True,True
1417496,1417496:4,restaurant,"Looking around, I saw a room full of New Yorkers enjoying a real meal in a real restaurant, not a clubhouse of the fabulous trying to be seen.",meal,FOOD#QUALITY,positive,annotated,True,True,True
1417496,1417496:4,restaurant,"Looking around, I saw a room full of New Yorkers enjoying a real meal in a real restaurant, not a clubhouse of the fabulous trying to be seen.",restaurant,AMBIENCE#GENERAL,positive,annotated,True,True,True
1417496,1417496:5,restaurant,Beautiful experience.,NULL,RESTAURANT#GENERAL,positive,annotated,True,True,False
1430994,1430994:0,restaurant,The view is breathtaking the service is top notch... the ambiance is wonderfull.,view,LOCATION#GENERAL,positive,annotated,True,True,True
1430994,1430994:0,restaurant,The view is breathtaking the service is top notch... the ambiance is wonderfull.,service,SERVICE#GENERAL,positive,annotated,True,True,True
1430994,1430994:0,restaurant,The view is breathtaking the service is top notch... the ambiance is wonderfull.,ambiance,AMBIENCE#GENERAL,positive,annotated,True,True,True
1430994,1430994:1,restaurant,The staff offers impeccable service.,staff,SERVICE#GENERAL,positive,annotated,True,True,True
1430994,1430994:2,restaurant,I had Lobster Bisque it has 2 oz. of Maine Lobster in it.,Lobster Bisque,FOOD#QUALITY,positive,annotated,True,True,True
1430994,1430994:3,restaurant,My boyfriend had the New England Chowder it was good but I think the award should go to the Lobster Bisque.,New England Chowder,FOOD#QUALITY,positive,annotated,True,True,True
1430994,1430994:3,restaurant,My boyfriend had the New England Chowder it was good but I think the award should go to the Lobster Bisque.,Lobster Bisque,FOOD#QUALITY,positive,annotated,True,True,True
1430994,1430994:4,restaurant,I had Filet Mignon with garlic mash.,,,,non_annotated,False,False,False
1430994,1430994:5,restaurant,It was divine melts in your mouth.,NULL,FOOD#QUALITY,positive,annotated,True,True,False
1430994,1430994:6,restaurant,My boyfriend had Prime Rib it was good .,Prime Rib,FOOD#QUALITY,positive,annotated,True,True,True
1430994,1430994:7,restaurant,We didn't want a bottle of bubbly on a weekday so we each got little bottles of Korbett it was just enough.,bottles of Korbett,DRINKS#STYLE_OPTIONS,positive,annotated,True,True,True
1430994,1430994:8,restaurant,We had Lava Cake... we ordered when our food came it takes at least a 1/2 to make it.,,,,non_annotated,False,False,False
1430994,1430994:9,restaurant,It's cuz it's so good you need to taste it!!!,NULL,FOOD#QUALITY,positive,annotated,True,True,False
1430994,1430994:10,restaurant,All in all we're already coming up with excuses to go ahead really soon in the next few wks!!!!,NULL,RESTAURANT#GENERAL,positive,annotated,True,True,False
1431154,1431154:0,restaurant,My wife and I ate here earlier this week and have not stopped ranting and raving about the food.,food,FOOD#QUALITY,positive,annotated,True,True,True
1431154,1431154:1,restaurant,If you like spicy food get the chicken vindaloo.,chicken vindaloo,FOOD#QUALITY,positive,annotated,True,True,True
1431154,1431154:2,restaurant,It's very spicy but not offensive.,NULL,FOOD#QUALITY,positive,annotated,True,True,False
1431154,1431154:3,restaurant,We will definitely go back.,NULL,RESTAURANT#GENERAL,positive,annotated,True,True,False
1432551,1432551:0,restaurant,Go to Volare for 1st class service and terrific food.,service,SERVICE#GENERAL,positive,annotated,True,True,True
1432551,1432551:0,restaurant,Go to Volare for 1st class service and terrific food.,food,FOOD#QUALITY,positive,annotated,True,True,True
1432551,1432551:1,restaurant,The portions are large and the servers always surprise us with a different starter.,portions,FOOD#STYLE_OPTIONS,positive,annotated,True,True,True
1432551,1432551:2,restaurant,The wine list is excellent.,wine list,DRINKS#STYLE_OPTIONS,positive,annotated,True,True,True
1439875,1439875:0,restaurant,The food is amazing... especially if you get the Chef's tasting menu and your favourite bottle (or two!) of wine from an extensive selection of wines.,food,FOOD#QUALITY,positive,annotated,True,True,True
1439875,1439875:0,restaurant,The food is amazing... especially if you get the Chef's tasting menu and your favourite bottle (or two!) of wine from an extensive selection of wines.,selection of wines,DRINKS#STYLE_OPTIONS,positive,annotated,True,True,True
1439875,1439875:0,restaurant,The food is amazing... especially if you get the Chef's tasting menu and your favourite bottle (or two!) of wine from an extensive selection of wines.,Chef's tasting menu,FOOD#QUALITY,positive,annotated,True,True,True
1439875,1439875:1,restaurant,"The place is small and intimate and you may feel a little crowded, but the service is excellent and it's great for friends out, a romantic date, or a special occassion.",service,SERVICE#GENERAL,positive,annotated,True,True,True
1439875,1439875:1,restaurant,"The place is small and intimate and you may feel a little crowded, but the service is excellent and it's great for friends out, a romantic date, or a special occassion.",place,AMBIENCE#GENERAL,negative,annotated,True,True,True
1439875,1439875:1,restaurant,"The place is small and intimate and you may feel a little crowded, but the service is excellent and it's great for friends out, a romantic date, or a special occassion.",place,RESTAURANT#MISCELLANEOUS,positive,annotated,True,True,True
1439875,1439875:2,restaurant,People dress in suits or evening gowns as well as shirts jeans.,,,,non_annotated,False,False,False
1439875,1439875:3,restaurant,The food can get pricey but the prixe fixe tasting menu is the greatest food for a good price and they cater the food to any food allergies or food you don't like.,food,FOOD#PRICES,negative,annotated,True,True,True
1439875,1439875:3,restaurant,The food can get pricey but the prixe fixe tasting menu is the greatest food for a good price and they cater the food to any food allergies or food you don't like.,prixe fixe tasting menu,FOOD#QUALITY,positive,annotated,True,True,True
1439875,1439875:3,restaurant,The food can get pricey but the prixe fixe tasting menu is the greatest food for a good price and they cater the food to any food allergies or food you don't like.,prixe fixe tasting menu,FOOD#PRICES,positive,annotated,True,True,True
1439875,1439875:3,restaurant,The food can get pricey but the prixe fixe tasting menu is the greatest food for a good price and they cater the food to any food allergies or food you don't like.,NULL,SERVICE#GENERAL,positive,annotated,True,True,False
1439875,1439875:4,restaurant,"Recommendations, of course, are required!",,,,non_annotated,False,False,False
1439875,1439875:5,restaurant,Please be aware that it's CASH or AMEX only!,NULL,RESTAURANT#MISCELLANEOUS,neutral,annotated,True,True,False
1448587,1448587:0,restaurant,"With the exception of our lemon salad that had so much pepper on it that our eyes started watering, the food here was decent, not great.",food,FOOD#QUALITY,neutral,annotated,True,True,True
1448587,1448587:0,restaurant,"With the exception of our lemon salad that had so much pepper on it that our eyes started watering, the food here was decent, not great.",lemon salad,FOOD#QUALITY,negative,annotated,True,True,True
1448587,1448587:1,restaurant,The menu is very limited - i think we counted 4 or 5 entrees.,menu,FOOD#STYLE_OPTIONS,negative,annotated,True,True,True
1448587,1448587:2,restaurant,"We ordered the special, grilled branzino, that was so infused with bone, it was difficult to eat.",grilled branzino,FOOD#QUALITY,negative,annotated,True,True,True
1448587,1448587:3,restaurant,"The decor in this place is very diner-ish and the kind of place you expect in the East Village - not romantic, just simple, small and sparse.",decor,AMBIENCE#GENERAL,neutral,annotated,True,True,True
1448587,1448587:4,restaurant,Problem is nothing at Prune is particularly memorable.,Prune,RESTAURANT#GENERAL,negative,annotated,True,True,True
1448587,1448587:5,restaurant,No plans to return anytime soon.,NULL,RESTAURANT#GENERAL,negative,annotated,True,True,False
1451107,1451107:0,restaurant,This place is so much fun.,place,AMBIENCE#GENERAL,positive,annotated,True,True,True
1451107,1451107:1,restaurant,Our family never expected such incredible entertainment in a restaurant.,entertainment,AMBIENCE#GENERAL,positive,annotated,True,True,True
1451107,1451107:2,restaurant,This place must have cost the owners afortune to build.,,,,non_annotated,False,False,False
1451107,1451107:3,restaurant,I think the stuff was better than Disney.,,,,non_annotated,False,False,False
1451107,1451107:4,restaurant,Our food was great too!,food,FOOD#QUALITY,positive,annotated,True,True,True
1451107,1451107:5,restaurant,And really large portions.,portions,FOOD#STYLE_OPTIONS,positive,annotated,True,True,True
1451107,1451107:6,restaurant,The staff was the friendliest that have seen in New York.,staff,SERVICE#GENERAL,positive,annotated,True,True,True
1451107,1451107:7,restaurant,We will go back every time we are in the City.,NULL,RESTAURANT#GENERAL,positive,annotated,True,True,False
1451109,1451109:0,restaurant,If you want something really different than try Jekyll and Hyde.,Jekyll and Hyde,RESTAURANT#GENERAL,positive,annotated,True,True,True
1451109,1451109:1,restaurant,It is a lot of fun with live entertainment and all kinds of Disney type special effects.,NULL,AMBIENCE#GENERAL,positive,annotated,True,True,False
1451109,1451109:2,restaurant,The food was pretty tradional but it was hot and good with large portions.,food,FOOD#QUALITY,positive,annotated,True,True,True
1451109,1451109:2,restaurant,The food was pretty tradional but it was hot and good with large portions.,portions,FOOD#STYLE_OPTIONS,positive,annotated,True,True,True
1451109,1451109:3,restaurant,I highly recommend it.,NULL,RESTAURANT#GENERAL,positive,annotated,True,True,False
1451109,1451109:4,restaurant,I am going to the mid town location next.,,,,non_annotated,False,False,False
1457607,1457607:0,restaurant,The place is a lot of fun.,place,AMBIENCE#GENERAL,positive,annotated,True,True,True
1457607,1457607:1,restaurant,My six year old loved it.,NULL,RESTAURANT#GENERAL,positive,annotated,True,True,False
1457607,1457607:2,restaurant,The characters really make for an enjoyable experience.,characters,AMBIENCE#GENERAL,positive,annotated,True,True,True
1457607,1457607:3,restaurant,"The food however, is what one might expect.",food,FOOD#QUALITY,negative,annotated,True,True,True
1457607,1457607:4,restaurant,It is very overpriced and not very tasty.,NULL,FOOD#QUALITY,negative,annotated,True,True,False
1457607,1457607:4,restaurant,It is very overpriced and not very tasty.,NULL,FOOD#PRICES,negative,annotated,True,True,False
1457607,1457607:5,restaurant,"However, I think Jeckll and Hydes t is one of those places that is fun to do once.",Jeckll and Hydes,RESTAURANT#GENERAL,positive,annotated,True,True,True
1457607,1457607:6,restaurant,We had a good time.,NULL,RESTAURANT#GENERAL,positive,annotated,True,True,False
1459569,1459569:0,restaurant,Went there with my wife and we had to wait for a table even though you could see there many that were empty with not reservation sigh on them.,NULL,SERVICE#GENERAL,negative,annotated,True,True,False
1459569,1459569:1,restaurant,Service was slow had to wait to order and get food although not crowded.,Service,SERVICE#GENERAL,negative,annotated,True,True,True
1459569,1459569:2,restaurant,Drinks way over priced.,Drinks,DRINKS#PRICES,negative,annotated,True,True,True
1459569,1459569:3,restaurant,Food was good not great not worth the wait or another visit,Food,FOOD#QUALITY,neutral,annotated,True,True,True
1459569,1459569:3,restaurant,Food was good not great not worth the wait or another visit,NULL,RESTAURANT#GENERAL,negative,annotated,True,True,False
1460715,1460715:0,restaurant,Great pizza for lunch place.,pizza,FOOD#QUALITY,positive,annotated,True,True,True
1460715,1460715:1,restaurant,Service was quick.,Service,SERVICE#GENERAL,positive,annotated,True,True,True
1460715,1460715:2,restaurant,The pizza was great.,pizza,FOOD#QUALITY,positive,annotated,True,True,True
1460715,1460715:3,restaurant,And it was quick which is very important.,NULL,SERVICE#GENERAL,positive,annotated,True,True,False
1460715,1460715:4,restaurant,Have the iced tea.,,,,non_annotated,False,False,False
1460715,1460715:5,restaurant,It was wonderful.,NULL,DRINKS#QUALITY,positive,annotated,True,True,False
1470286,1470286:0,restaurant,"Whenever you need a Sushi fix, Mizu will be there with quality fish and great service.",fish,FOOD#QUALITY,positive,annotated,True,True,True
1470286,1470286:0,restaurant,"Whenever you need a Sushi fix, Mizu will be there with quality fish and great service.",service,SERVICE#GENERAL,positive,annotated,True,True,True
1470286,1470286:1,restaurant,Delivery is fast too.,Delivery,SERVICE#GENERAL,positive,annotated,True,True,True
1470286,1470286:2,restaurant,"Great friendly service, Fast seating, Fast Delivery, Excellent sushi.",service,SERVICE#GENERAL,positive,annotated,True,True,True
1470286,1470286:2,restaurant,"Great friendly service, Fast seating, Fast Delivery, Excellent sushi.",seating,SERVICE#GENERAL,positive,annotated,True,True,True
1470286,1470286:2,restaurant,"Great friendly service, Fast seating, Fast Delivery, Excellent sushi.",Delivery,SERVICE#GENERAL,positive,annotated,True,True,True
1470286,1470286:2,restaurant,"Great friendly service, Fast seating, Fast Delivery, Excellent sushi.",sushi,FOOD#QUALITY,positive,annotated,True,True,True
1470286,1470286:3,restaurant,A little overpriced but worth it once you take a bite.,NULL,FOOD#PRICES,negative,annotated,True,True,False
1470286,1470286:3,restaurant,A little overpriced but worth it once you take a bite.,NULL,FOOD#QUALITY,positive,annotated,True,True,False
1470334,1470334:0,restaurant,"Growing up in NY, I have eaten my share of bagels.",,,,non_annotated,False,False,False
1470334,1470334:1,restaurant,Ess-A-Bagel (either by Sty-town or midtown) is by far the best bagel in NY.,bagel,FOOD#QUALITY,positive,annotated,True,True,True
1470334,1470334:2,restaurant,"The bagels always warm, soft on the inside, crispy on the outside and enormous in size.",bagels,FOOD#QUALITY,positive,annotated,True,True,True
1470334,1470334:2,restaurant,"The bagels always warm, soft on the inside, crispy on the outside and enormous in size.",bagels,FOOD#STYLE_OPTIONS,positive,annotated,True,True,True
1470334,1470334:3,restaurant,They have a huge selection of different cream cheeses and all of their salads are great.,salads,FOOD#QUALITY,positive,annotated,True,True,True
1470334,1470334:3,restaurant,They have a huge selection of different cream cheeses and all of their salads are great.,cream cheeses,FOOD#STYLE_OPTIONS,positive,annotated,True,True,True
1470334,1470334:4,restaurant,The lox is always fresh too.,lox,FOOD#QUALITY,positive,annotated,True,True,True
1470334,1470334:5,restaurant,Highly recommended to all!,NULL,RESTAURANT#GENERAL,positive,annotated,True,True,False
1471273,1471273:0,restaurant,I have to agree with the previous reviewer.,,,,non_annotated,False,False,False
1471273,1471273:1,restaurant,I don't get it either.,,,,non_annotated,False,False,False
1471273,1471273:2,restaurant,Not impressed with the food.,food,FOOD#QUALITY,negative,annotated,True,True,True
1471273,1471273:3,restaurant,Prices too high for this cramped and unappealing resturant.,resturant,RESTAURANT#PRICES,negative,annotated,True,True,True
1471273,1471273:3,restaurant,Prices too high for this cramped and unappealing resturant.,resturant,AMBIENCE#GENERAL,negative,annotated,True,True,True
1471273,1471273:4,restaurant,Zero ambiance to boot.,ambiance,AMBIENCE#GENERAL,negative,annotated,True,True,True
1476493,1476493:0,restaurant,I thought this place was totally overrated.,place,RESTAURANT#GENERAL,negative,annotated,True,True,True
1476493,1476493:1,restaurant,Everything we had was good or ok....but definitely nothing great.,NULL,FOOD#QUALITY,neutral,annotated,True,True,False
1476493,1476493:2,restaurant,"The ambience was nice, but service wasn't so great.",ambience,AMBIENCE#GENERAL,positive,annotated,True,True,True
1476493,1476493:2,restaurant,"The ambience was nice, but service wasn't so great.",service,SERVICE#GENERAL,negative,annotated,True,True,True
1476493,1476493:3,restaurant,"When you add it all together, it just doesn't seem worth it to me...especially considering the prices.",NULL,RESTAURANT#GENERAL,negative,annotated,True,True,False
1476493,1476493:3,restaurant,"When you add it all together, it just doesn't seem worth it to me...especially considering the prices.",NULL,RESTAURANT#PRICES,negative,annotated,True,True,False
1477631,1477631:0,restaurant,This is the BEST Shabu-Shabu Restaurant in the Try-State Area.,Shabu-Shabu Restaurant,RESTAURANT#GENERAL,positive,annotated,True,True,True
1477631,1477631:1,restaurant,I have lived in Japan for 7 years and the taste of the food and the feel of the restaurant is like being back in Japan.,food,FOOD#QUALITY,positive,annotated,True,True,True
1477631,1477631:1,restaurant,I have lived in Japan for 7 years and the taste of the food and the feel of the restaurant is like being back in Japan.,feel,AMBIENCE#GENERAL,positive,annotated,True,True,True
1477631,1477631:2,restaurant,Thius is a must for anyone who loves Shabu-Shabu.,Shabu-Shabu,FOOD#QUALITY,positive,annotated,True,True,True
1486041,1486041:0,restaurant,"The atmosphere is nothing special, but it feels like a Sushi establishment in Tokyo.",atmosphere,AMBIENCE#GENERAL,positive,annotated,True,True,True
1486041,1486041:1,restaurant,The owner and staff are all Japanese as well and that adds to the entire ambiance.,owner,RESTAURANT#MISCELLANEOUS,positive,annotated,True,True,True
1486041,1486041:1,restaurant,The owner and staff are all Japanese as well and that adds to the entire ambiance.,staff,RESTAURANT#MISCELLANEOUS,positive,annotated,True,True,True
1486041,1486041:1,restaurant,The owner and staff are all Japanese as well and that adds to the entire ambiance.,ambiance,AMBIENCE#GENERAL,positive,annotated,True,True,True
1486041,1486041:2,restaurant,"Despite a slightly limited menu, everything prepared is done to perfection, ultra fresh and a work of food art.",menu,FOOD#STYLE_OPTIONS,negative,annotated,True,True,True
1486041,1486041:2,restaurant,"Despite a slightly limited menu, everything prepared is done to perfection, ultra fresh and a work of food art.",NULL,FOOD#QUALITY,positive,annotated,True,True,False
1486041,1486041:2,restaurant,"Despite a slightly limited menu, everything prepared is done to perfection, ultra fresh and a work of food art.",NULL,FOOD#STYLE_OPTIONS,positive,annotated,True,True,False
1486041,1486041:3,restaurant,I must give it Yon out of Yon stars!,NULL,RESTAURANT#GENERAL,positive,annotated,True,True,False
1486041,1486041:4,restaurant,Taxan delicious!,Taxan,FOOD#QUALITY,positive,annotated,True,True,True
1486041,1486041:5,restaurant,Arigato Gozimas Yuka!,,,,non_annotated,False,False,False
1490757,1490757:0,restaurant,"This restaurant was recommended by a local...as a matter of fact, he made the reservation for us and said we would not be disappointed!",,,,non_annotated,False,False,False
1490757,1490757:1,restaurant,We weren't!,NULL,RESTAURANT#GENERAL,positive,annotated,True,True,False
1490757,1490757:2,restaurant,The prices were CHEAP compared to the quality of service and food.,NULL,RESTAURANT#PRICES,positive,annotated,True,True,False
1490757,1490757:2,restaurant,The prices were CHEAP compared to the quality of service and food.,service,SERVICE#GENERAL,positive,annotated,True,True,True
1490757,1490757:2,restaurant,The prices were CHEAP compared to the quality of service and food.,food,FOOD#QUALITY,positive,annotated,True,True,True
1490757,1490757:3,restaurant,"We liked it so much, that we will always make it a point to dine here when we visit New York.",NULL,RESTAURANT#GENERAL,positive,annotated,True,True,False
1496205,1496205:0,restaurant,Went there for an office lunch.,,,,non_annotated,False,False,False
1496205,1496205:1,restaurant,The location and ambience is Ok but the food is what makes up for it.,location,LOCATION#GENERAL,neutral,annotated,True,True,True
1496205,1496205:1,restaurant,The location and ambience is Ok but the food is what makes up for it.,ambience,AMBIENCE#GENERAL,neutral,annotated,True,True,True
1496205,1496205:1,restaurant,The location and ambience is Ok but the food is what makes up for it.,food,FOOD#QUALITY,positive,annotated,True,True,True
1496205,1496205:2,restaurant,There is a lot of variety even for people who eat vegetarian like me.,NULL,FOOD#STYLE_OPTIONS,positive,annotated,True,True,False
1496205,1496205:3,restaurant,Try green curry with vegetables.,green curry with vegetables,FOOD#QUALITY,positive,annotated,True,True,True
1496205,1496205:4,restaurant,"The quantity is also very good, you will come out satisfied.",quantity,FOOD#STYLE_OPTIONS,positive,annotated,True,True,True
1496205,1496205:5,restaurant,"The service is ok, some of the people didn't get what they asked for.",service,SERVICE#GENERAL,neutral,annotated,True,True,True
1496707,1496707:0,restaurant,I was there on sat. for my birthday and we had an excellent time.,NULL,RESTAURANT#GENERAL,positive,annotated,True,True,False
1496707,1496707:1,restaurant,I had the best ravioli ever.,ravioli,FOOD#QUALITY,positive,annotated,True,True,True
1496707,1496707:2,restaurant,The wine the service was very good too.,wine,DRINKS#QUALITY,positive,annotated,True,True,True
1496707,1496707:2,restaurant,The wine the service was very good too.,service,SERVICE#GENERAL,positive,annotated,True,True,True
1496707,1496707:3,restaurant,Moderate prices.,NULL,RESTAURANT#PRICES,neutral,annotated,True,True,False
1496707,1496707:4,restaurant,A little noise but I think that was because of our party!,NULL,AMBIENCE#GENERAL,neutral,annotated,True,True,False
1500453,1500453:0,restaurant,Molto bene!,,,,non_annotated,False,False,False
1500453,1500453:1,restaurant,This quaint and romantic trattoria is at the top of my Manhattan restaurant list.,trattoria,AMBIENCE#GENERAL,positive,annotated,True,True,True
1500453,1500453:1,restaurant,This quaint and romantic trattoria is at the top of my Manhattan restaurant list.,trattoria,RESTAURANT#GENERAL,positive,annotated,True,True,True
1500453,1500453:2,restaurant,"The food is delicious - from the specials to the regular menu-fare, the dishes are never a disappointment.",food,FOOD#QUALITY,positive,annotated,True,True,True
1500453,1500453:2,restaurant,"The food is delicious - from the specials to the regular menu-fare, the dishes are never a disappointment.",dishes,FOOD#QUALITY,positive,annotated,True,True,True
1500453,1500453:2,restaurant,"The food is delicious - from the specials to the regular menu-fare, the dishes are never a disappointment.",specials,FOOD#QUALITY,positive,annotated,True,True,True
1500453,1500453:2,restaurant,"The food is delicious - from the specials to the regular menu-fare, the dishes are never a disappointment.",regular menu-fare,FOOD#QUALITY,positive,annotated,True,True,True
1500453,1500453:3,restaurant,"Whether it's the parmesean porcini souffle or the lamb glazed with balsamic vinegar, you will surely be transported to Northern Italy with one bite.",parmesean porcini souffle,FOOD#QUALITY,positive,annotated,True,True,True
1500453,1500453:3,restaurant,"Whether it's the parmesean porcini souffle or the lamb glazed with balsamic vinegar, you will surely be transported to Northern Italy with one bite.",lamb glazed with balsamic vinegar,FOOD#QUALITY,positive,annotated,True,True,True
1500453,1500453:4,restaurant,"Although the tables may be closely situated, the candle-light, food-quality and service overcompensate.",candle-light,AMBIENCE#GENERAL,positive,annotated,True,True,True
1500453,1500453:4,restaurant,"Although the tables may be closely situated, the candle-light, food-quality and service overcompensate.",food,FOOD#QUALITY,positive,annotated,True,True,True
1500453,1500453:4,restaurant,"Although the tables may be closely situated, the candle-light, food-quality and service overcompensate.",service,SERVICE#GENERAL,positive,annotated,True,True,True
1500453,1500453:4,restaurant,"Although the tables may be closely situated, the candle-light, food-quality and service overcompensate.",tables,AMBIENCE#GENERAL,negative,annotated,True,True,True
1500453,1500453:5,restaurant,A guaranteeed delight!,NULL,RESTAURANT#GENERAL,positive,annotated,True,True,False
1506491,1506491:0,restaurant,"I have known about this secret for the last 13 years, Emilio(the Godfather) has continued to serve food and wine for the gods at mortal prices.",food,FOOD#QUALITY,positive,annotated,True,True,True
1506491,1506491:0,restaurant,"I have known about this secret for the last 13 years, Emilio(the Godfather) has continued to serve food and wine for the gods at mortal prices.",wine,DRINKS#QUALITY,positive,annotated,True,True,True
1506491,1506491:0,restaurant,"I have known about this secret for the last 13 years, Emilio(the Godfather) has continued to serve food and wine for the gods at mortal prices.",food,FOOD#PRICES,positive,annotated,True,True,True
1506491,1506491:0,restaurant,"I have known about this secret for the last 13 years, Emilio(the Godfather) has continued to serve food and wine for the gods at mortal prices.",wine,DRINKS#PRICES,positive,annotated,True,True,True
1506491,1506491:1,restaurant,"If you go, try the marinara/arrabiatta sauce, the mozzarella en Carozza is mmmmmmmm..... everything is just delicious.",marinara/arrabiatta sauce,FOOD#QUALITY,positive,annotated,True,True,True
1506491,1506491:1,restaurant,"If you go, try the marinara/arrabiatta sauce, the mozzarella en Carozza is mmmmmmmm..... everything is just delicious.",mozzarella en Carozza,FOOD#QUALITY,positive,annotated,True,True,True
1506491,1506491:1,restaurant,"If you go, try the marinara/arrabiatta sauce, the mozzarella en Carozza is mmmmmmmm..... everything is just delicious.",NULL,FOOD#QUALITY,positive,annotated,True,True,False
1506491,1506491:2,restaurant,Check out the secret back room.,back room,AMBIENCE#GENERAL,positive,annotated,True,True,True
1506491,1506491:3,restaurant,Old school meets New world.,,,,non_annotated,False,False,False
1506491,1506491:4,restaurant,I pray it stays open forever.,NULL,RESTAURANT#GENERAL,positive,annotated,True,True,False
1506491,1506491:5,restaurant,Thank You Emilio.,Emilio,RESTAURANT#GENERAL,positive,annotated,True,True,True
1506491,1506491:6,restaurant,Ciao Bella,,,,non_annotated,False,False,False
1538149,1538149:0,restaurant,"I found the food, service and value exceptional everytime I have been there.",food,FOOD#QUALITY,positive,annotated,True,True,True
1538149,1538149:0,restaurant,"I found the food, service and value exceptional everytime I have been there.",service,SERVICE#GENERAL,positive,annotated,True,True,True
1538149,1538149:0,restaurant,"I found the food, service and value exceptional everytime I have been there.",NULL,RESTAURANT#PRICES,positive,annotated,True,True,False
1538149,1538149:1,restaurant,The food was authentic.,food,FOOD#QUALITY,positive,annotated,True,True,True
1538149,1538149:2,restaurant,I felt as though I were eating in Paris.,NULL,FOOD#QUALITY,positive,annotated,True,True,False
1538149,1538149:3,restaurant,The service was excellent - friendly and attentive.,service,SERVICE#GENERAL,positive,annotated,True,True,True
1538149,1538149:4,restaurant,The prices are wonderfully low.,NULL,RESTAURANT#PRICES,positive,annotated,True,True,False
1538149,1538149:5,restaurant,Very good wine choices.,wine choices,DRINKS#STYLE_OPTIONS,positive,annotated,True,True,True
1543345,1543345:0,restaurant,I can't believe people complain about no cheese sticks?,,,,non_annotated,False,False,False
1543345,1543345:1,restaurant,Who has room for Cheesesticks with the best pizza in NYC!,pizza,FOOD#QUALITY,positive,annotated,True,True,True
1543345,1543345:2,restaurant,Get the pepperoni - YUM - and a family style salad.,pepperoni,FOOD#QUALITY,positive,annotated,True,True,True
1543345,1543345:2,restaurant,Get the pepperoni - YUM - and a family style salad.,family style salad,FOOD#QUALITY,positive,annotated,True,True,True
1543345,1543345:3,restaurant,Great staff.,staff,SERVICE#GENERAL,positive,annotated,True,True,True
1543345,1543345:4,restaurant,Always great service!,service,SERVICE#GENERAL,positive,annotated,True,True,True
1543345,1543345:5,restaurant,I go twice a month!,NULL,RESTAURANT#GENERAL,positive,annotated,True,True,False
1543345,1543345:6,restaurant,Fantastic!,NULL,RESTAURANT#GENERAL,positive,annotated,True,True,False
1561259,1561259:0,restaurant,"The food is good, I can't lie.",food,FOOD#QUALITY,positive,annotated,True,True,True
1561259,1561259:1,restaurant,But the staff was so horrible to us.,staff,SERVICE#GENERAL,negative,annotated,True,True,True
1561259,1561259:2,restaurant,The hostess and the waitress were incredibly rude and did everything they could to rush us out.,hostess,SERVICE#GENERAL,negative,annotated,True,True,True
1561259,1561259:2,restaurant,The hostess and the waitress were incredibly rude and did everything they could to rush us out.,waitress,SERVICE#GENERAL,negative,annotated,True,True,True
1561259,1561259:3,restaurant,We were planning to get dessert but the waitress basically through the bill at us before we had a chance to order.,waitress,SERVICE#GENERAL,negative,annotated,True,True,True
1561259,1561259:4,restaurant,"This place is pricey, and yes, the food is worth it; but the service makes you feel like you should be paying a quater of the price.",place,RESTAURANT#PRICES,negative,annotated,True,True,True
1561259,1561259:4,restaurant,"This place is pricey, and yes, the food is worth it; but the service makes you feel like you should be paying a quater of the price.",food,FOOD#QUALITY,positive,annotated,True,True,True
1561259,1561259:4,restaurant,"This place is pricey, and yes, the food is worth it; but the service makes you feel like you should be paying a quater of the price.",service,SERVICE#GENERAL,negative,annotated,True,True,True
1561259,1561259:5,restaurant,Save yourself the time and trouble and skip this one!,NULL,RESTAURANT#GENERAL,negative,annotated,True,True,False
1572027,1572027:0,restaurant,I'll keep this short.,,,,non_annotated,False,False,False
1572027,1572027:1,restaurant,Amma is nothing special.,Amma,RESTAURANT#GENERAL,neutral,annotated,True,True,True
1572027,1572027:2,restaurant,The two star chefs left quite some time ago to open their own place.,,,,non_annotated,False,False,False
1572027,1572027:3,restaurant,I ate here a week ago and found most dishes average at best and too expensive.,dishes,FOOD#QUALITY,negative,annotated,True,True,True
1572027,1572027:3,restaurant,I ate here a week ago and found most dishes average at best and too expensive.,dishes,FOOD#PRICES,negative,annotated,True,True,True
1572027,1572027:4,restaurant,Will not be back.,NULL,RESTAURANT#GENERAL,negative,annotated,True,True,False
1572033,1572033:0,restaurant,"Don't dine at Tamarind for the vegetarian dishes, they are simply not up to par with the non-veg selections.",vegetarian dishes,FOOD#QUALITY,negative,annotated,True,True,True
1572033,1572033:0,restaurant,"Don't dine at Tamarind for the vegetarian dishes, they are simply not up to par with the non-veg selections.",non-veg selections,FOOD#QUALITY,positive,annotated,True,True,True
1572033,1572033:1,restaurant,Decor is nice though service can be spotty.,Decor,AMBIENCE#GENERAL,positive,annotated,True,True,True
1572033,1572033:1,restaurant,Decor is nice though service can be spotty.,service,SERVICE#GENERAL,negative,annotated,True,True,True
1572033,1572033:2,restaurant,This place is always packed.,place,AMBIENCE#GENERAL,neutral,annotated,True,True,True
1572033,1572033:3,restaurant,I know because I live nearby.,,,,non_annotated,False,False,False
1572033,1572033:4,restaurant,"Most importantly, food is excellent.",food,FOOD#QUALITY,positive,annotated,True,True,True
1572033,1572033:5,restaurant,Try the sea bass.,sea bass,FOOD#QUALITY,positive,annotated,True,True,True
1572033,1572033:6,restaurant,Highly recommended.,NULL,RESTAURANT#GENERAL,positive,annotated,True,True,False
1573534,1573534:0,restaurant,First of all Dal Bukhara Rocks.,Dal Bukhara,FOOD#QUALITY,positive,annotated,True,True,True
1573534,1573534:1,restaurant,As a student in NYU i need a place to eat after a hard day of work so usually i just go to any indian restraunt near by.,,,,non_annotated,False,False,False
1573534,1573534:2,restaurant,but ive heard a lot about this for the past 2 yrs and finally decided to eat here.,,,,non_annotated,False,False,False
1573534,1573534:3,restaurant,I am happy i did the food was awsome.,food,FOOD#QUALITY,positive,annotated,True,True,True
1573534,1573534:4,restaurant,JUST AWSOME.,NULL,FOOD#QUALITY,positive,annotated,True,True,False
1573534,1573534:5,restaurant,and yes Dal Bukhara is so dam good and so are all the kababs.,kababs,FOOD#QUALITY,positive,annotated,True,True,True
1573534,1573534:5,restaurant,and yes Dal Bukhara is so dam good and so are all the kababs.,Dal Bukhara,FOOD#QUALITY,positive,annotated,True,True,True
1573534,1573534:6,restaurant,They are opening two more places as i saw a flyer there one in Yonkers which is a restraunt and banquet hall and another one in parsipanny new jersey.,,,,non_annotated,False,False,False
1573534,1573534:7,restaurant,but overall i give it a 10,NULL,RESTAURANT#GENERAL,positive,annotated,True,True,False
1573534,1573534:8,restaurant,10,NULL,RESTAURANT#GENERAL,positive,annotated,True,True,False
1577714,1577714:0,restaurant,I haven't been to the other locations.,,,,non_annotated,False,False,False
1577714,1577714:1,restaurant,Haru on Park S is simply disgusting.,Haru on Park S,RESTAURANT#GENERAL,negative,annotated,True,True,True
1577714,1577714:2,restaurant,The fish was not fresh and the rice tasted old and stale.,fish,FOOD#QUALITY,negative,annotated,True,True,True
1577714,1577714:2,restaurant,The fish was not fresh and the rice tasted old and stale.,rice,FOOD#QUALITY,negative,annotated,True,True,True
1577714,1577714:3,restaurant,"Quite frankly, this is some of the worst sushi I have ever tried.",sushi,FOOD#QUALITY,negative,annotated,True,True,True
1577714,1577714:4,restaurant,Will never be back.,NULL,RESTAURANT#GENERAL,negative,annotated,True,True,False
1586174,1586174:0,restaurant,honestly the worst sushi my husband and i had in our entire lives.,sushi,FOOD#QUALITY,negative,annotated,True,True,True
1586174,1586174:1,restaurant,"believe us, we've been eating sushi for over 15 yrs.",,,,non_annotated,False,False,False
1586174,1586174:2,restaurant,not sure why this restaurant would be rated that highly.,restaurant,RESTAURANT#GENERAL,negative,annotated,True,True,True
1586174,1586174:3,restaurant,the all-u-can-eat sushi is definitely in very poor quality.,all-u-can-eat sushi,FOOD#QUALITY,negative,annotated,True,True,True
1586174,1586174:4,restaurant,"limited menu, no-so-fresh ingredients, thinly-sliced fish, fall-apart rice.",menu,FOOD#STYLE_OPTIONS,negative,annotated,True,True,True
1586174,1586174:4,restaurant,"limited menu, no-so-fresh ingredients, thinly-sliced fish, fall-apart rice.",ingredients,FOOD#QUALITY,negative,annotated,True,True,True
1586174,1586174:4,restaurant,"limited menu, no-so-fresh ingredients, thinly-sliced fish, fall-apart rice.",fish,FOOD#STYLE_OPTIONS,negative,annotated,True,True,True
1586174,1586174:4,restaurant,"limited menu, no-so-fresh ingredients, thinly-sliced fish, fall-apart rice.",rice,FOOD#STYLE_OPTIONS,negative,annotated,True,True,True
1586174,1586174:5,restaurant,"the only things u could really taste are the very salty soy sauce (even its low sodium), the vinegar-soaked rice, and the scallion on top of the fish.",soy sauce,FOOD#QUALITY,negative,annotated,True,True,True
1586174,1586174:5,restaurant,"the only things u could really taste are the very salty soy sauce (even its low sodium), the vinegar-soaked rice, and the scallion on top of the fish.",rice,FOOD#QUALITY,negative,annotated,True,True,True
1586174,1586174:6,restaurant,the waitstaffs are nice though.,waitstaffs,SERVICE#GENERAL,positive,annotated,True,True,True
1586174,1586174:7,restaurant,wont come back again for sure!,NULL,RESTAURANT#GENERAL,negative,annotated,True,True,False
1603698,1603698:0,restaurant,I have been to Roth's twice and both times were very disappointing.,Roth's,RESTAURANT#GENERAL,negative,annotated,True,True,True
1603698,1603698:1,restaurant,Once for dinner and once for brunch.,,,,non_annotated,False,False,False
1603698,1603698:2,restaurant,"Both times I was extremely dissappointed by the service, which was boarderline rude.",service,SERVICE#GENERAL,negative,annotated,True,True,True
1603698,1603698:3,restaurant,They wouldnt even let me finish my glass of wine before offering another.,NULL,SERVICE#GENERAL,negative,annotated,True,True,False
1603698,1603698:4,restaurant,Much of the time it seems like they do not care about you.,NULL,SERVICE#GENERAL,negative,annotated,True,True,False
1603698,1603698:5,restaurant,"The dinner was ok, nothing I would have again.",dinner,FOOD#QUALITY,negative,annotated,True,True,True
1603698,1603698:6,restaurant,"I had their eggs benedict for brunch, which were the worst in my entire life, I tried removing the hollondaise sauce completely that was how failed it was.",eggs benedict,FOOD#QUALITY,negative,annotated,True,True,True
1606837,1606837:0,restaurant,This was a great surprise.,NULL,RESTAURANT#GENERAL,positive,annotated,True,True,False
1606837,1606837:1,restaurant,With the theater 2 blocks away we had a delicious meal in a beautiful room.,meal,FOOD#QUALITY,positive,annotated,True,True,True
1606837,1606837:1,restaurant,With the theater 2 blocks away we had a delicious meal in a beautiful room.,room,AMBIENCE#GENERAL,positive,annotated,True,True,True
1606837,1606837:1,restaurant,With the theater 2 blocks away we had a delicious meal in a beautiful room.,NULL,LOCATION#GENERAL,positive,annotated,True,True,False
1606837,1606837:2,restaurant,The service was attentive.,service,SERVICE#GENERAL,positive,annotated,True,True,True
1606837,1606837:3,restaurant,I look forward to eating here again,NULL,RESTAURANT#GENERAL,positive,annotated,True,True,False
1609375,1609375:0,restaurant,Planet Thai is great!,Planet Thai,RESTAURANT#GENERAL,positive,annotated,True,True,True
1609375,1609375:1,restaurant,"We love the food, drinks, and atmosphere!",food,FOOD#QUALITY,positive,annotated,True,True,True
1609375,1609375:1,restaurant,"We love the food, drinks, and atmosphere!",drinks,DRINKS#QUALITY,positive,annotated,True,True,True
1609375,1609375:1,restaurant,"We love the food, drinks, and atmosphere!",atmosphere,AMBIENCE#GENERAL,positive,annotated,True,True,True
1609375,1609375:2,restaurant,"The svc can be a bit rude at times, esp if you have big group, but overall the restaurant is a must!",svc,SERVICE#GENERAL,negative,annotated,True,True,True
1609375,1609375:2,restaurant,"The svc can be a bit rude at times, esp if you have big group, but overall the restaurant is a must!",restaurant,RESTAURANT#GENERAL,positive,annotated,True,True,True
1609375,1609375:3,restaurant,"Try the Pad Thai, it's fabulous and their prices are so cheap!",Pad Thai,FOOD#QUALITY,positive,annotated,True,True,True
1609375,1609375:3,restaurant,"Try the Pad Thai, it's fabulous and their prices are so cheap!",NULL,RESTAURANT#PRICES,positive,annotated,True,True,False
1609375,1609375:4,restaurant,"Just because it's cheap does NOT mean the portions are small or the food is nasty, IT IS GREAT!",portions,FOOD#STYLE_OPTIONS,positive,annotated,True,True,True
1609375,1609375:4,restaurant,"Just because it's cheap does NOT mean the portions are small or the food is nasty, IT IS GREAT!",food,FOOD#QUALITY,positive,annotated,True,True,True
1609375,1609375:4,restaurant,"Just because it's cheap does NOT mean the portions are small or the food is nasty, IT IS GREAT!",NULL,RESTAURANT#PRICES,positive,annotated,True,True,False
1609375,1609375:5,restaurant,"Just remember, the later you go, the longer you may have to wait.",,,,non_annotated,False,False,False
1609375,1609375:6,restaurant,It's popular w/the late crowd.,,,,non_annotated,False,False,False
1611489,1611489:0,restaurant,"They forgot a sandwich, didn't include plastic forks, and didn't include pita with the hummus platter.",NULL,SERVICE#GENERAL,negative,annotated,True,True,False
1611489,1611489:1,restaurant,"Also, the sandwiches (nearing $7) didn't come with anything like chips or a side.",sandwiches,FOOD#STYLE_OPTIONS,negative,annotated,True,True,True
1611489,1611489:1,restaurant,"Also, the sandwiches (nearing $7) didn't come with anything like chips or a side.",sandwiches,FOOD#PRICES,negative,annotated,True,True,True
1611489,1611489:2,restaurant,"Overall, not worth the money.",NULL,RESTAURANT#GENERAL,negative,annotated,True,True,False
1611489,1611489:2,restaurant,"Overall, not worth the money.",NULL,RESTAURANT#PRICES,negative,annotated,True,True,False
1611489,1611489:3,restaurant,"Eating in, the atmosphere saves it, but at your desk, it's a very disappointing experience.",atmosphere,AMBIENCE#GENERAL,positive,annotated,True,True,True
1611489,1611489:3,restaurant,"Eating in, the atmosphere saves it, but at your desk, it's a very disappointing experience.",NULL,RESTAURANT#GENERAL,negative,annotated,True,True,False
1615322,1615322:0,restaurant,I love Indian food and consider myself to be quite an expert on it.,,,,non_annotated,False,False,False
1615322,1615322:1,restaurant,Chennai Garden is my favorite Indian restaurant in the city.,Chennai Garden,RESTAURANT#GENERAL,positive,annotated,True,True,True
1615322,1615322:2,restaurant,They have authentic Indian at amazin prices.,Indian,FOOD#QUALITY,positive,annotated,True,True,True
1615322,1615322:2,restaurant,They have authentic Indian at amazin prices.,Indian,FOOD#PRICES,positive,annotated,True,True,True
1615322,1615322:3,restaurant,This restaurant is VEGETARIAN; there are NO MEAT dishes whatsoever.,MEAT dishes,FOOD#STYLE_OPTIONS,negative,annotated,True,True,True
1615322,1615322:4,restaurant,The seats are uncomfortable if you are sitting against the wall on wooden benches.,seats,AMBIENCE#GENERAL,negative,annotated,True,True,True
1615322,1615322:5,restaurant,It's a rather cramped and busy restaurant and it closes early.,restaurant,RESTAURANT#MISCELLANEOUS,negative,annotated,True,True,True
1615322,1615322:5,restaurant,It's a rather cramped and busy restaurant and it closes early.,restaurant,AMBIENCE#GENERAL,negative,annotated,True,True,True
1623276,1623276:0,restaurant,Patroon features a nice cigar bar and has great staff.,cigar bar,AMBIENCE#GENERAL,positive,annotated,True,True,True
1623276,1623276:0,restaurant,Patroon features a nice cigar bar and has great staff.,staff,SERVICE#GENERAL,positive,annotated,True,True,True
1623276,1623276:1,restaurant,The food is tasty and portion sizes are appropriate.,food,FOOD#QUALITY,positive,annotated,True,True,True
1623276,1623276:1,restaurant,The food is tasty and portion sizes are appropriate.,portion sizes,FOOD#STYLE_OPTIONS,positive,annotated,True,True,True
1623276,1623276:2,restaurant,This is a nice restaurant if you are looking for a good place to host an intimate dinner meeting with business associates.,restaurant,RESTAURANT#MISCELLANEOUS,positive,annotated,True,True,True
1623276,1623276:3,restaurant,Not a great place for family or general dining.,place,RESTAURANT#MISCELLANEOUS,negative,annotated,True,True,True
1626564,1626564:0,restaurant,LLOOVVE THIS PLACE.,PLACE,RESTAURANT#GENERAL,positive,annotated,True,True,True
1626564,1626564:1,restaurant,Food is excellent.,Food,FOOD#QUALITY,positive,annotated,True,True,True
1626564,1626564:2,restaurant,Fish is so very fresh.,Fish,FOOD#QUALITY,positive,annotated,True,True,True
1626564,1626564:3,restaurant,Waitstaff are very friendly.,Waitstaff,SERVICE#GENERAL,positive,annotated,True,True,True
1626564,1626564:4,restaurant,Love YUKA.,YUKA,RESTAURANT#GENERAL,positive,annotated,True,True,True
1632445,1632445:0,restaurant,Mermaid Inn is an overall good restaurant with really good seafood.,seafood,FOOD#QUALITY,positive,annotated,True,True,True
1632445,1632445:0,restaurant,Mermaid Inn is an overall good restaurant with really good seafood.,Mermaid Inn,RESTAURANT#GENERAL,positive,annotated,True,True,True
1632445,1632445:1,restaurant,The menu is limited but almost all of the dishes are excellent.,menu,FOOD#STYLE_OPTIONS,negative,annotated,True,True,True
1632445,1632445:1,restaurant,The menu is limited but almost all of the dishes are excellent.,dishes,FOOD#QUALITY,positive,annotated,True,True,True
1632445,1632445:2,restaurant,The lobster sandwich is good and the spaghetti with Scallops and Shrimp is great.,lobster sandwich,FOOD#QUALITY,positive,annotated,True,True,True
1632445,1632445:2,restaurant,The lobster sandwich is good and the spaghetti with Scallops and Shrimp is great.,spaghetti with Scallops and Shrimp,FOOD#QUALITY,positive,annotated,True,True,True
1632445,1632445:3,restaurant,The service is good and ambience is good for a date or group outing.,service,SERVICE#GENERAL,positive,annotated,True,True,True
1632445,1632445:3,restaurant,The service is good and ambience is good for a date or group outing.,ambience,AMBIENCE#GENERAL,positive,annotated,True,True,True
1632445,1632445:4,restaurant,The only fallback on this restaurant is the prices.,restaurant,RESTAURANT#PRICES,negative,annotated,True,True,True
1632445,1632445:5,restaurant,"Even though its good seafood, the prices are too high.",seafood,FOOD#QUALITY,positive,annotated,True,True,True
1632445,1632445:5,restaurant,"Even though its good seafood, the prices are too high.",NULL,RESTAURANT#PRICES,negative,annotated,True,True,False
1632445,1632445:6,restaurant,The lobster sandwich is $24 and although it was good it was not nearly enough to warrant that price.,lobster sandwich,FOOD#QUALITY,positive,annotated,True,True,True
1632445,1632445:6,restaurant,The lobster sandwich is $24 and although it was good it was not nearly enough to warrant that price.,lobster sandwich,FOOD#PRICES,negative,annotated,True,True,True
1632929,1632929:0,restaurant,Went to Village last night for my birthday.,,,,non_annotated,False,False,False
1632929,1632929:1,restaurant,"We picked it randomly, without a recommendation from someone who has been there, so we weren't sure what to expect.",,,,non_annotated,False,False,False
1632929,1632929:2,restaurant,We were very pleasantly surprised.,NULL,RESTAURANT#GENERAL,positive,annotated,True,True,False
1632929,1632929:3,restaurant,"The food was delicious (I had a halibut special, my husband had steak), and the service was top-notch.",food,FOOD#QUALITY,positive,annotated,True,True,True
1632929,1632929:3,restaurant,"The food was delicious (I had a halibut special, my husband had steak), and the service was top-notch.",halibut special,FOOD#QUALITY,positive,annotated,True,True,True
1632929,1632929:3,restaurant,"The food was delicious (I had a halibut special, my husband had steak), and the service was top-notch.",steak,FOOD#QUALITY,positive,annotated,True,True,True
1632929,1632929:3,restaurant,"The food was delicious (I had a halibut special, my husband had steak), and the service was top-notch.",service,SERVICE#GENERAL,positive,annotated,True,True,True
1632929,1632929:4,restaurant,"When my dessert came, there was a candle in it - not because anyone asked for one - but because the waiter must have seen me opening my birthday card and gift, and said he knew it was a special occassion of some sort.",waiter,SERVICE#GENERAL,positive,annotated,True,True,True
1632929,1632929:5,restaurant,Truly the mark of an attentive waiter.,waiter,SERVICE#GENERAL,positive,annotated,True,True,True
1632929,1632929:6,restaurant,I highly recommend the restaurant based on our experience last night.,restaurant,RESTAURANT#GENERAL,positive,annotated,True,True,True
1642666,1642666:0,restaurant,We ate at this Thai place following the reviews but very unhappy with the foods.,foods,FOOD#QUALITY,negative,annotated,True,True,True
1642666,1642666:1,restaurant,We thought that this place is using too much of MSG cooking in the foods.,foods,FOOD#QUALITY,negative,annotated,True,True,True
1642666,1642666:2,restaurant,Why?,,,,non_annotated,False,False,False
1642666,1642666:3,restaurant,"They don't concern much of customer's health, just want to make money.",NULL,RESTAURANT#MISCELLANEOUS,negative,annotated,True,True,False
1642666,1642666:4,restaurant,please don't fool us.,NULL,RESTAURANT#MISCELLANEOUS,negative,annotated,True,True,False
1649025,1649025:0,restaurant,I visit New Green Bo when I have money or when I am broke.,,,,non_annotated,False,False,False
1649025,1649025:1,restaurant,"I recommend the jelly fish, drunken chicken and the soupy dumplings, certainly the stir fry blue crab.",jelly fish,FOOD#QUALITY,positive,annotated,True,True,True
1649025,1649025:1,restaurant,"I recommend the jelly fish, drunken chicken and the soupy dumplings, certainly the stir fry blue crab.",drunken chicken,FOOD#QUALITY,positive,annotated,True,True,True
1649025,1649025:1,restaurant,"I recommend the jelly fish, drunken chicken and the soupy dumplings, certainly the stir fry blue crab.",soupy dumplings,FOOD#QUALITY,positive,annotated,True,True,True
1649025,1649025:1,restaurant,"I recommend the jelly fish, drunken chicken and the soupy dumplings, certainly the stir fry blue crab.",stir fry blue crab,FOOD#QUALITY,positive,annotated,True,True,True
1649025,1649025:2,restaurant,The food is so cheap and the waiters are nice.,food,FOOD#PRICES,positive,annotated,True,True,True
1649025,1649025:2,restaurant,The food is so cheap and the waiters are nice.,waiters,SERVICE#GENERAL,positive,annotated,True,True,True
1649025,1649025:3,restaurant,"Of course, it is crowded but who cares.",NULL,AMBIENCE#GENERAL,neutral,annotated,True,True,False
1649025,1649025:4,restaurant,Authentic Shanghai style and I cannot recommend a better Shanghai place in New York.,NULL,RESTAURANT#MISCELLANEOUS,positive,annotated,True,True,False
1655504,1655504:0,restaurant,Have frequented 'ino for several years and the food remains excellent.,food,FOOD#QUALITY,positive,annotated,True,True,True
1655504,1655504:1,restaurant,Cheese plate is a varied delight and great bargain at $10.,Cheese plate,FOOD#QUALITY,positive,annotated,True,True,True
1655504,1655504:1,restaurant,Cheese plate is a varied delight and great bargain at $10.,Cheese plate,FOOD#STYLE_OPTIONS,positive,annotated,True,True,True
1655504,1655504:1,restaurant,Cheese plate is a varied delight and great bargain at $10.,Cheese plate,FOOD#PRICES,positive,annotated,True,True,True
1655504,1655504:2,restaurant,"The large selection of bruschettas, paninis, tramezzinis keep the palate from stagnating.",bruschettas,FOOD#STYLE_OPTIONS,positive,annotated,True,True,True
1655504,1655504:2,restaurant,"The large selection of bruschettas, paninis, tramezzinis keep the palate from stagnating.",paninis,FOOD#STYLE_OPTIONS,positive,annotated,True,True,True
1655504,1655504:2,restaurant,"The large selection of bruschettas, paninis, tramezzinis keep the palate from stagnating.",tramezzinis,FOOD#STYLE_OPTIONS,positive,annotated,True,True,True
1655504,1655504:3,restaurant,"(The asparagus, truffle oil, parmesan bruschetta is a winner!)","asparagus, truffle oil, parmesan bruschetta",FOOD#QUALITY,positive,annotated,True,True,True
1655504,1655504:4,restaurant,Wine list is extensive without being over-priced.,Wine list,DRINKS#STYLE_OPTIONS,positive,annotated,True,True,True
1655504,1655504:4,restaurant,Wine list is extensive without being over-priced.,Wine list,DRINKS#PRICES,positive,annotated,True,True,True
1655504,1655504:5,restaurant,"Be sure to try the seasonal, and always delicious, specials.",specials,FOOD#QUALITY,positive,annotated,True,True,True
1655504,1655504:6,restaurant,Definitely a neighborhood favorite.,NULL,RESTAURANT#GENERAL,positive,annotated,True,True,False
1655521,1655521:0,restaurant,I loved this place!!,place,RESTAURANT#GENERAL,positive,annotated,True,True,True
1655521,1655521:1,restaurant,I almost hesititate to write a review because the atmosphere was so great and I would hate for it too become to crowded.,atmosphere,AMBIENCE#GENERAL,positive,annotated,True,True,True
1655521,1655521:2,restaurant,"The food was very good, a great deal, and the place its self was great.",food,FOOD#QUALITY,positive,annotated,True,True,True
1655521,1655521:2,restaurant,"The food was very good, a great deal, and the place its self was great.",food,FOOD#PRICES,positive,annotated,True,True,True
1655521,1655521:2,restaurant,"The food was very good, a great deal, and the place its self was great.",place,AMBIENCE#GENERAL,positive,annotated,True,True,True
1655521,1655521:3,restaurant,"The wait staff is very freindly, they make it feel like you're eating in a freindly little european town.",wait staff,SERVICE#GENERAL,positive,annotated,True,True,True
1660047,1660047:0,restaurant,"I like Cafe Noir dont get me wrong, it is jsut that the people who work there are evil and incompetent!!",people,SERVICE#GENERAL,negative,annotated,True,True,True
1660047,1660047:0,restaurant,"I like Cafe Noir dont get me wrong, it is jsut that the people who work there are evil and incompetent!!",Cafe Noir,RESTAURANT#GENERAL,positive,annotated,True,True,True
1660047,1660047:1,restaurant,"The service was terrible, we had to wait for everything and ask several of different people for the same thing before we were allowed to be served.",service,SERVICE#GENERAL,negative,annotated,True,True,True
1660047,1660047:2,restaurant,"The waitress, seems to be more concerned of looking good than actually waitressing.",waitress,SERVICE#GENERAL,negative,annotated,True,True,True
1660047,1660047:3,restaurant,"After dinner the manager grabbed my boyfriend, asked him: Where are you from...maybe you dont know how things work in America...and in the end stormed away almost teareyed yelling that tips are the only thing they survive on.",manager,SERVICE#GENERAL,negative,annotated,True,True,True
1660047,1660047:4,restaurant,"We did tip, I guess the model/waitress just wanted more and complained to the manager.",waitress,SERVICE#GENERAL,negative,annotated,True,True,True
1660047,1660047:5,restaurant,"The whole set up is truly unprofessional and I wish Cafe Noir would get some good staff, because despite the current one this is a great place.",staff,SERVICE#GENERAL,negative,annotated,True,True,True
1660047,1660047:5,restaurant,"The whole set up is truly unprofessional and I wish Cafe Noir would get some good staff, because despite the current one this is a great place.",Cafe Noir,RESTAURANT#GENERAL,positive,annotated,True,True,True
1661043,1661043:0,restaurant,Pizza here is consistently good.,Pizza,FOOD#QUALITY,positive,annotated,True,True,True
1661043,1661043:1,restaurant,Salads are a delicious way to begin the meal.,Salads,FOOD#QUALITY,positive,annotated,True,True,True
1661043,1661043:2,restaurant,You should pass on the calamari.,calamari,FOOD#QUALITY,negative,annotated,True,True,True
1661043,1661043:3,restaurant,It is thick and slightly soggy.,NULL,FOOD#QUALITY,negative,annotated,True,True,False
1661043,1661043:4,restaurant,Decor is charming.,Decor,AMBIENCE#GENERAL,positive,annotated,True,True,True
1661043,1661043:5,restaurant,Service is average.,Service,SERVICE#GENERAL,neutral,annotated,True,True,True
1661757,1661757:0,restaurant,What a great place.,place,RESTAURANT#GENERAL,positive,annotated,True,True,True
1661757,1661757:1,restaurant,I came into the city to try out this restaurant because a friend had recommended it to my husband.,,,,non_annotated,False,False,False
1661757,1661757:2,restaurant,"The ambience was so fun, and the prices were great, on top of the fact that the food was really tasty.",ambience,AMBIENCE#GENERAL,positive,annotated,True,True,True
1661757,1661757:2,restaurant,"The ambience was so fun, and the prices were great, on top of the fact that the food was really tasty.",NULL,RESTAURANT#PRICES,positive,annotated,True,True,False
1661757,1661757:2,restaurant,"The ambience was so fun, and the prices were great, on top of the fact that the food was really tasty.",food,FOOD#QUALITY,positive,annotated,True,True,True
1661757,1661757:3,restaurant,"I wasn't thrilled to have to wait on line for thirty minutes, but I guess that's the price you pay for a popular place.",NULL,SERVICE#GENERAL,neutral,annotated,True,True,False
1661757,1661757:4,restaurant,I would definitely recommend SEA if you like thai cuisine!,thai cuisine,FOOD#QUALITY,positive,annotated,True,True,True
1662726,1662726:0,restaurant,I was here a few weeks back and we had the worst customer service experience at a restaurant ever.,customer service,SERVICE#GENERAL,negative,annotated,True,True,True
1662726,1662726:1,restaurant,"A gentleman, maybe the manager, came to our table, and without so much as a smile or greeting asked for our order.",gentleman,SERVICE#GENERAL,negative,annotated,True,True,True
1662726,1662726:2,restaurant,"When asked about how a certain dish was prepared in comparison to a similar at other thai restaurants, he replied this is not Mcdonald's, every place makes things differently",NULL,SERVICE#GENERAL,negative,annotated,True,True,False
1662726,1662726:3,restaurant,"While it is understandable that every place is indeed different, there was not a need to be uncourteous to customers and downright rude.",NULL,SERVICE#GENERAL,negative,annotated,True,True,False
1662726,1662726:4,restaurant,"The service was poor, restaurant poorly lit, staff not very attentive and I would have rather eaten at a Mcdonald's than this joint.",,,,non_annotated,False,False,False
1662726,1662726:5,restaurant,Never again!,NULL,RESTAURANT#GENERAL,negative,annotated,True,True,False
1663111,1663111:0,restaurant,I absolutely Loved this place.,place,RESTAURANT#GENERAL,positive,annotated,True,True,True
1663111,1663111:1,restaurant,"My friends spoke so much about it for months, I finally made the time to come down ear and dine in.",,,,non_annotated,False,False,False
1663111,1663111:2,restaurant,"Excellent atmosphere, delicious dishes good and friendly service.",atmosphere,AMBIENCE#GENERAL,positive,annotated,True,True,True
1663111,1663111:2,restaurant,"Excellent atmosphere, delicious dishes good and friendly service.",dishes,FOOD#QUALITY,positive,annotated,True,True,True
1663111,1663111:2,restaurant,"Excellent atmosphere, delicious dishes good and friendly service.",service,SERVICE#GENERAL,positive,annotated,True,True,True
1663111,1663111:3,restaurant,this is can became on e of the NY Italian Food fare institutions.,NULL,RESTAURANT#GENERAL,positive,annotated,True,True,False
1663111,1663111:4,restaurant,I think that it is absolutely brilliant and well runned business operation.,NULL,RESTAURANT#GENERAL,positive,annotated,True,True,False
1663111,1663111:5,restaurant,The wine list is also really nice.,wine list,DRINKS#STYLE_OPTIONS,positive,annotated,True,True,True
1664346,1664346:0,restaurant,A friend from Seattle and I went on a Thursday night around 8:30.,,,,non_annotated,False,False,False
1664346,1664346:1,restaurant,"Everything was wonderful; food, drinks, staff, mileau.",NULL,RESTAURANT#GENERAL,positive,annotated,True,True,False
1664346,1664346:1,restaurant,"Everything was wonderful; food, drinks, staff, mileau.",food,FOOD#QUALITY,positive,annotated,True,True,True
1664346,1664346:1,restaurant,"Everything was wonderful; food, drinks, staff, mileau.",drinks,DRINKS#QUALITY,positive,annotated,True,True,True
1664346,1664346:1,restaurant,"Everything was wonderful; food, drinks, staff, mileau.",staff,SERVICE#GENERAL,positive,annotated,True,True,True
1664346,1664346:1,restaurant,"Everything was wonderful; food, drinks, staff, mileau.",mileau,AMBIENCE#GENERAL,positive,annotated,True,True,True
1664346,1664346:2,restaurant,I would highly recommend this place!,place,RESTAURANT#GENERAL,positive,annotated,True,True,True
1671113,1671113:0,restaurant,I have been to Casimir over 5 times and I have always had a great time there.,Casimir,RESTAURANT#GENERAL,positive,annotated,True,True,True
1671113,1671113:1,restaurant,The food is great and reasonably priced.,food,FOOD#QUALITY,positive,annotated,True,True,True
1671113,1671113:1,restaurant,The food is great and reasonably priced.,food,FOOD#PRICES,positive,annotated,True,True,True
1671113,1671113:2,restaurant,"I have tried to make reservations, but both times, the hostess didn't have my name.",hostess,SERVICE#GENERAL,negative,annotated,True,True,True
1671113,1671113:3,restaurant,"If the weather is nice, try to snag an outside table.",outside table,AMBIENCE#GENERAL,positive,annotated,True,True,True
1671113,1671113:4,restaurant,"The staff has been nice, but they seemed really stressed and the unisex bathroom needs to be cleaned more often.",staff,SERVICE#GENERAL,positive,annotated,True,True,True
1671113,1671113:4,restaurant,"The staff has been nice, but they seemed really stressed and the unisex bathroom needs to be cleaned more often.",unisex bathroom,AMBIENCE#GENERAL,negative,annotated,True,True,True
1700205,1700205:0,restaurant,My boyfriend and I went there to celebrate my birthday the other night and all I can say is that it was magnificent.,NULL,RESTAURANT#GENERAL,positive,annotated,True,True,False
1700205,1700205:1,restaurant,"From the spectacular caviar to the hospitable waitstaff, I felt like royalty and enjoyed every second of it.",caviar,FOOD#QUALITY,positive,annotated,True,True,True
1700205,1700205:1,restaurant,"From the spectacular caviar to the hospitable waitstaff, I felt like royalty and enjoyed every second of it.",waitstaff,SERVICE#GENERAL,positive,annotated,True,True,True
1700205,1700205:2,restaurant,"Considering we were the last patrons there and it was after the closing time, the waitstaff did not rush us at all and made us feel comfortable and relaxed.",waitstaff,SERVICE#GENERAL,positive,annotated,True,True,True
1700205,1700205:3,restaurant,I highly recommend Caviar Russe to anyone who wants delicious top grade caviar and fantastic service.,caviar,FOOD#QUALITY,positive,annotated,True,True,True
1700205,1700205:3,restaurant,I highly recommend Caviar Russe to anyone who wants delicious top grade caviar and fantastic service.,service,SERVICE#GENERAL,positive,annotated,True,True,True
1702257,1702257:0,restaurant,Nice Family owned traditional restaurant.,restaurant,RESTAURANT#GENERAL,positive,annotated,True,True,True
1702257,1702257:1,restaurant,Fresh ingredients and everything is made to order.,ingredients,FOOD#QUALITY,positive,annotated,True,True,True
1702257,1702257:1,restaurant,Fresh ingredients and everything is made to order.,NULL,FOOD#QUALITY,positive,annotated,True,True,False
1702257,1702257:2,restaurant,I was pleasantly surprised to find this gem in Hoboken.,NULL,RESTAURANT#GENERAL,positive,annotated,True,True,False
1702257,1702257:3,restaurant,Friendly staff that actually lets you enjoy your meal and the company you're with.,staff,SERVICE#GENERAL,positive,annotated,True,True,True
1706644,1706644:0,restaurant,My friends and I were on vacation in NY and was referred to Chance by a friend.,,,,non_annotated,False,False,False
1706644,1706644:1,restaurant,"I found the food to be outstanding, particulary the salmon dish I had.",food,FOOD#QUALITY,positive,annotated,True,True,True
1706644,1706644:1,restaurant,"I found the food to be outstanding, particulary the salmon dish I had.",salmon dish,FOOD#QUALITY,positive,annotated,True,True,True
1706644,1706644:2,restaurant,"I also ordered the Change Mojito, which was out of this world.",Change Mojito,DRINKS#QUALITY,positive,annotated,True,True,True
1706644,1706644:3,restaurant,"My friends settled for rice dishes, but we came back the following day to try the dim sum, which was good...not outstanding, but good.",dim sum,FOOD#QUALITY,neutral,annotated,True,True,True
1706644,1706644:4,restaurant,"We ate out in the back patio, which is worth it as it's cool and the music is hear well there.",back patio,AMBIENCE#GENERAL,positive,annotated,True,True,True
1706644,1706644:4,restaurant,"We ate out in the back patio, which is worth it as it's cool and the music is hear well there.",music,AMBIENCE#GENERAL,positive,annotated,True,True,True
1706644,1706644:5,restaurant,"Overall, excellent restaurant!",restaurant,RESTAURANT#GENERAL,positive,annotated,True,True,True
1707201,1707201:0,restaurant,i went to utsav about a yr ago with my family.,,,,non_annotated,False,False,False
1707201,1707201:1,restaurant,The food was good.,food,FOOD#QUALITY,positive,annotated,True,True,True
1707201,1707201:2,restaurant,The place was nice and calm.,place,AMBIENCE#GENERAL,positive,annotated,True,True,True
1707201,1707201:3,restaurant,but the service was a bit slow.,service,SERVICE#GENERAL,negative,annotated,True,True,True
1707741,1707741:0,restaurant,I work around the corner and tried it with a colleague for the first time.,,,,non_annotated,False,False,False
1707741,1707741:1,restaurant,The buffet had a nice selection.,buffet,FOOD#STYLE_OPTIONS,positive,annotated,True,True,True
1707741,1707741:2,restaurant,The food was average or above including some surprising tasty dishes.,food,FOOD#QUALITY,positive,annotated,True,True,True
1707741,1707741:2,restaurant,The food was average or above including some surprising tasty dishes.,dishes,FOOD#QUALITY,positive,annotated,True,True,True
1707741,1707741:3,restaurant,Service was also very good.,Service,SERVICE#GENERAL,positive,annotated,True,True,True
1707741,1707741:4,restaurant,I would go back.,NULL,RESTAURANT#GENERAL,positive,annotated,True,True,False
1710746,1710746:0,restaurant,I got an excellent piece of cheesecake and we had several other nice pastries.,cheesecake,FOOD#QUALITY,positive,annotated,True,True,True
1710746,1710746:0,restaurant,I got an excellent piece of cheesecake and we had several other nice pastries.,pastries,FOOD#QUALITY,positive,annotated,True,True,True
1710746,1710746:1,restaurant,"I would recommend Roxy's for that, but not for their food.",food,FOOD#QUALITY,negative,annotated,True,True,True
1710746,1710746:1,restaurant,"I would recommend Roxy's for that, but not for their food.",NULL,FOOD#QUALITY,positive,annotated,True,True,False
1710746,1710746:2,restaurant,My son and his girlfriend both wanted cheeseburgers and they were huge!,cheeseburgers,FOOD#STYLE_OPTIONS,neutral,annotated,True,True,True
1710746,1710746:3,restaurant,"But, they were too big for the bun.",NULL,FOOD#STYLE_OPTIONS,negative,annotated,True,True,False
1710746,1710746:4,restaurant,"Consequently, their burgers fell apart in their hands and made such a mess that they did'nt feel like finishing them.",burgers,FOOD#STYLE_OPTIONS,negative,annotated,True,True,True
1710746,1710746:5,restaurant,Also they were $15 each!,NULL,FOOD#PRICES,negative,annotated,True,True,False
1710746,1710746:6,restaurant,I had a huge pastrami sandwich on a roll.,pastrami sandwich on a roll,FOOD#STYLE_OPTIONS,neutral,annotated,True,True,True
1710746,1710746:7,restaurant,It was $14 not really bad for a pound of Pastrami-but it didn't have much taste-I've had better for less elsewhere!,NULL,FOOD#PRICES,neutral,annotated,True,True,False
1710746,1710746:7,restaurant,It was $14 not really bad for a pound of Pastrami-but it didn't have much taste-I've had better for less elsewhere!,NULL,FOOD#QUALITY,negative,annotated,True,True,False
1713185,1713185:0,restaurant,"This place is really trendi but they have forgotten about the most important part of a  restaurant, the food.",food,FOOD#QUALITY,negative,annotated,True,True,True
1713185,1713185:0,restaurant,"This place is really trendi but they have forgotten about the most important part of a  restaurant, the food.",place,AMBIENCE#GENERAL,positive,annotated,True,True,True
1713185,1713185:1,restaurant,"The last two times I ordered from here my food was soo spicy that  I could barely eat it, and the spice took away from the flavor of the dish.",food,FOOD#QUALITY,negative,annotated,True,True,True
1713185,1713185:1,restaurant,"The last two times I ordered from here my food was soo spicy that  I could barely eat it, and the spice took away from the flavor of the dish.",spice,FOOD#QUALITY,negative,annotated,True,True,True
1713185,1713185:2,restaurant,And the Tom Kha soup was pathetic.,Tom Kha soup,FOOD#QUALITY,negative,annotated,True,True,True
1713185,1713185:3,restaurant,If you want good authentic Thai this place is not the place to go.,Thai,FOOD#QUALITY,negative,annotated,True,True,True
1718513,1718513:0,restaurant,"We went here for lunch a couple of weeks ago on a Saturday, and I was thoroughly impressed with the food.",food,FOOD#QUALITY,positive,annotated,True,True,True
1718513,1718513:1,restaurant,"The pesto pizza was excellent, thin-crust pizza with a nice amount of spicy Italian cheese that I'd never heard of before.",pesto pizza,FOOD#QUALITY,positive,annotated,True,True,True
1718513,1718513:1,restaurant,"The pesto pizza was excellent, thin-crust pizza with a nice amount of spicy Italian cheese that I'd never heard of before.",spicy Italian cheese,FOOD#QUALITY,positive,annotated,True,True,True
1718513,1718513:2,restaurant,"Conveniently located too, being right on Bedford ave.",NULL,LOCATION#GENERAL,positive,annotated,True,True,False
1718513,1718513:3,restaurant,"THe back garden sitting area is very pleasant, where you can see their personal herb garden.",back garden sitting area,AMBIENCE#GENERAL,positive,annotated,True,True,True
1718513,1718513:4,restaurant,I will definetly be going back.,NULL,RESTAURANT#GENERAL,positive,annotated,True,True,False
1719567,1719567:0,restaurant,We had the lobster sandwich and it was FANTASTIC.,lobster sandwich,FOOD#QUALITY,positive,annotated,True,True,True
1719567,1719567:1,restaurant,"My husband said he could've eaten several more, the portion was fine for me he even exclaimed that the french fries were the best he has had.",NULL,FOOD#STYLE_OPTIONS,negative,annotated,True,True,False
1719567,1719567:1,restaurant,"My husband said he could've eaten several more, the portion was fine for me he even exclaimed that the french fries were the best he has had.",portion,FOOD#STYLE_OPTIONS,positive,annotated,True,True,True
1719567,1719567:1,restaurant,"My husband said he could've eaten several more, the portion was fine for me he even exclaimed that the french fries were the best he has had.",french fries,FOOD#QUALITY,positive,annotated,True,True,True
1719567,1719567:2,restaurant,We had the scallops as an appetizer and they were delicious and the sauce was wonderful.,scallops,FOOD#QUALITY,positive,annotated,True,True,True
1719567,1719567:2,restaurant,We had the scallops as an appetizer and they were delicious and the sauce was wonderful.,sauce,FOOD#QUALITY,positive,annotated,True,True,True
1719567,1719567:3,restaurant,I recommend getting a reservation even though we saw people seated without one.,,,,non_annotated,False,False,False
1719567,1719567:4,restaurant,We waited at the bar and had martinis that were just right.,martinis,DRINKS#QUALITY,positive,annotated,True,True,True
1719567,1719567:5,restaurant,We will be back.,NULL,RESTAURANT#GENERAL,positive,annotated,True,True,False
1723402,1723402:0,restaurant,love the food.,food,FOOD#QUALITY,positive,annotated,True,True,True
1723402,1723402:1,restaurant,it's the only place you can get yummy authentic japanese comfort food.,japanese comfort food,FOOD#QUALITY,positive,annotated,True,True,True
1723402,1723402:2,restaurant,it helps if you know what to order.,,,,non_annotated,False,False,False
1723402,1723402:3,restaurant,and you can't beat the prices.,NULL,RESTAURANT#PRICES,positive,annotated,True,True,False
1723402,1723402:4,restaurant,highly recommended.,NULL,RESTAURANT#GENERAL,positive,annotated,True,True,False
1723658,1723658:0,restaurant,I've lived in NY for 5 years and this place has it all.,place,RESTAURANT#GENERAL,positive,annotated,True,True,True
1723658,1723658:1,restaurant,"Great food, good size menu, great service and an unpretensious setting.",food,FOOD#QUALITY,positive,annotated,True,True,True
1723658,1723658:1,restaurant,"Great food, good size menu, great service and an unpretensious setting.",menu,FOOD#STYLE_OPTIONS,positive,annotated,True,True,True
1723658,1723658:1,restaurant,"Great food, good size menu, great service and an unpretensious setting.",service,SERVICE#GENERAL,positive,annotated,True,True,True
1723658,1723658:1,restaurant,"Great food, good size menu, great service and an unpretensious setting.",setting,AMBIENCE#GENERAL,positive,annotated,True,True,True
1723658,1723658:2,restaurant,"The dishes offered were unique, very tasty and fresh from the lamb sausages, sardines with biscuits, large whole shrimp to the amazing pistachio ice cream (the best and freshest I've ever had).",dishes,FOOD#QUALITY,positive,annotated,True,True,True
1723658,1723658:2,restaurant,"The dishes offered were unique, very tasty and fresh from the lamb sausages, sardines with biscuits, large whole shrimp to the amazing pistachio ice cream (the best and freshest I've ever had).",lamb sausages,FOOD#QUALITY,positive,annotated,True,True,True
1723658,1723658:2,restaurant,"The dishes offered were unique, very tasty and fresh from the lamb sausages, sardines with biscuits, large whole shrimp to the amazing pistachio ice cream (the best and freshest I've ever had).",sardines with biscuits,FOOD#QUALITY,positive,annotated,True,True,True
1723658,1723658:2,restaurant,"The dishes offered were unique, very tasty and fresh from the lamb sausages, sardines with biscuits, large whole shrimp to the amazing pistachio ice cream (the best and freshest I've ever had).",large whole shrimp,FOOD#QUALITY,positive,annotated,True,True,True
1723658,1723658:2,restaurant,"The dishes offered were unique, very tasty and fresh from the lamb sausages, sardines with biscuits, large whole shrimp to the amazing pistachio ice cream (the best and freshest I've ever had).",pistachio ice cream,FOOD#QUALITY,positive,annotated,True,True,True
1723658,1723658:3,restaurant,I'm glad I was introduced to this place and this is a rare gem in NY.,place,RESTAURANT#GENERAL,positive,annotated,True,True,True
1726001,1726001:0,restaurant,"We have tried every Thai restaurant between Atlantic Avenue and 4th Streets, and Joya is the best.",,,,non_annotated,False,False,False
1726001,1726001:1,restaurant,"The freshest, best variety, and the fastest delivery.",NULL,FOOD#QUALITY,positive,annotated,True,True,False
1726001,1726001:1,restaurant,"The freshest, best variety, and the fastest delivery.",NULL,FOOD#STYLE_OPTIONS,positive,annotated,True,True,False
1726001,1726001:1,restaurant,"The freshest, best variety, and the fastest delivery.",delivery,SERVICE#GENERAL,positive,annotated,True,True,True
1726001,1726001:2,restaurant,Also very inexpensive.,NULL,RESTAURANT#PRICES,positive,annotated,True,True,False
1726001,1726001:3,restaurant,A great choice at any cost and a great deal.,NULL,RESTAURANT#GENERAL,positive,annotated,True,True,False
1726001,1726001:3,restaurant,A great choice at any cost and a great deal.,NULL,RESTAURANT#PRICES,positive,annotated,True,True,False
1726427,1726427:0,restaurant,The service was excellent and the food was delicious.,service,SERVICE#GENERAL,positive,annotated,True,True,True
1726427,1726427:0,restaurant,The service was excellent and the food was delicious.,food,FOOD#QUALITY,positive,annotated,True,True,True
1726427,1726427:1,restaurant,"We are very particular about sushi and were both please with every choice which included: ceviche mix (special), crab dumplings, assorted sashimi, sushi and rolls, two types of sake, and the banana tempura.",sushi,FOOD#QUALITY,positive,annotated,True,True,True
1726427,1726427:1,restaurant,"We are very particular about sushi and were both please with every choice which included: ceviche mix (special), crab dumplings, assorted sashimi, sushi and rolls, two types of sake, and the banana tempura.",ceviche mix (special),FOOD#QUALITY,positive,annotated,True,True,True
1726427,1726427:1,restaurant,"We are very particular about sushi and were both please with every choice which included: ceviche mix (special), crab dumplings, assorted sashimi, sushi and rolls, two types of sake, and the banana tempura.",crab dumplings,FOOD#QUALITY,positive,annotated,True,True,True
1726427,1726427:1,restaurant,"We are very particular about sushi and were both please with every choice which included: ceviche mix (special), crab dumplings, assorted sashimi, sushi and rolls, two types of sake, and the banana tempura.",assorted sashimi,FOOD#QUALITY,positive,annotated,True,True,True
1726427,1726427:1,restaurant,"We are very particular about sushi and were both please with every choice which included: ceviche mix (special), crab dumplings, assorted sashimi, sushi and rolls, two types of sake, and the banana tempura.",rolls,FOOD#QUALITY,positive,annotated,True,True,True
1726427,1726427:1,restaurant,"We are very particular about sushi and were both please with every choice which included: ceviche mix (special), crab dumplings, assorted sashimi, sushi and rolls, two types of sake, and the banana tempura.",two types of sake,DRINKS#QUALITY,positive,annotated,True,True,True
1726427,1726427:1,restaurant,"We are very particular about sushi and were both please with every choice which included: ceviche mix (special), crab dumplings, assorted sashimi, sushi and rolls, two types of sake, and the banana tempura.",banana tempura,FOOD#QUALITY,positive,annotated,True,True,True
1726427,1726427:2,restaurant,"Overall the restaurant is more expensive than our other sushi favorites, but everything was delicious.",,,,non_annotated,False,False,False
1726427,1726427:3,restaurant,Definitely a great spot for a nice occasion or date.,spot,RESTAURANT#MISCELLANEOUS,positive,annotated,True,True,True
1726473,1726473:0,restaurant,"Average to good Thai food, but terrible delivery.",Thai food,FOOD#QUALITY,positive,annotated,True,True,True
1726473,1726473:0,restaurant,"Average to good Thai food, but terrible delivery.",delivery,SERVICE#GENERAL,negative,annotated,True,True,True
1726473,1726473:1,restaurant,I've waited over one hour for food.,NULL,SERVICE#GENERAL,negative,annotated,True,True,False
1726473,1726473:2,restaurant,They were very abrupt with me when I called and actually claimed the food was late because they were out of rice.,NULL,SERVICE#GENERAL,negative,annotated,True,True,False
1726473,1726473:3,restaurant,A Thai restaurant out of rice during dinner?,Thai restaurant,RESTAURANT#MISCELLANEOUS,negative,annotated,True,True,True
1726473,1726473:4,restaurant,"The food arrived 20 minutes after I called, cold and soggy.",food,FOOD#QUALITY,negative,annotated,True,True,True
1726473,1726473:4,restaurant,"The food arrived 20 minutes after I called, cold and soggy.",NULL,SERVICE#GENERAL,negative,annotated,True,True,False
1727363,1727363:0,restaurant,i actually feel like i should keep it a secret.,,,,non_annotated,False,False,False
1727363,1727363:1,restaurant,This is a wonderful place on all stand points especially value ofr money.,place,RESTAURANT#PRICES,positive,annotated,True,True,True
1727363,1727363:1,restaurant,This is a wonderful place on all stand points especially value ofr money.,place,RESTAURANT#GENERAL,positive,annotated,True,True,True
1727363,1727363:2,restaurant,An excellent service,service,SERVICE#GENERAL,positive,annotated,True,True,True
1728733,1728733:0,restaurant,Went to Cafe Spice with 4 of my friends on a saturday night.,,,,non_annotated,False,False,False
1728733,1728733:1,restaurant,We were greeted promptly by the waiter who was very nice and cordial.,waiter,SERVICE#GENERAL,positive,annotated,True,True,True
1728733,1728733:2,restaurant,She was very helpful in suggesting us drinks and helped us in ordering a lot of good dishes since we knew nothing about Indian food.,NULL,SERVICE#GENERAL,positive,annotated,True,True,False
1728733,1728733:2,restaurant,She was very helpful in suggesting us drinks and helped us in ordering a lot of good dishes since we knew nothing about Indian food.,dishes,FOOD#QUALITY,positive,annotated,True,True,True
1728733,1728733:3,restaurant,We were fast to order the appetizer platter since we were very hungry.,,,,non_annotated,False,False,False
1728733,1728733:4,restaurant,The food looked very appetizing and delicious since it came on a variety of fancy plates.,food,FOOD#STYLE_OPTIONS,positive,annotated,True,True,True
1728733,1728733:5,restaurant,We ended our great experience by having Gulab Jamun (dessert) recommended by the waiter.,Gulab Jamun (dessert),FOOD#QUALITY,positive,annotated,True,True,True
1728733,1728733:6,restaurant,I thanked my friend who recommended me this restaurant and will certainly recommend it to others.,restaurant,RESTAURANT#GENERAL,positive,annotated,True,True,True
1730014,1730014:0,restaurant,"I went here with a friend on a whim, we went someplace else first and couldn't get a table.",,,,non_annotated,False,False,False
1730014,1730014:1,restaurant,"Service here was great, food was fantastic.",Service,SERVICE#GENERAL,positive,annotated,True,True,True
1730014,1730014:1,restaurant,"Service here was great, food was fantastic.",food,FOOD#QUALITY,positive,annotated,True,True,True
1730014,1730014:2,restaurant,"Guacamole+shrimp appetizer was really great, we both had the filet, very good, didn't much like the frites that came with, but the filet was so good, neither of us cared.",Guacamole+shrimp appetizer,FOOD#QUALITY,positive,annotated,True,True,True
1730014,1730014:2,restaurant,"Guacamole+shrimp appetizer was really great, we both had the filet, very good, didn't much like the frites that came with, but the filet was so good, neither of us cared.",filet,FOOD#QUALITY,positive,annotated,True,True,True
1730014,1730014:2,restaurant,"Guacamole+shrimp appetizer was really great, we both had the filet, very good, didn't much like the frites that came with, but the filet was so good, neither of us cared.",frites,FOOD#QUALITY,negative,annotated,True,True,True
1730014,1730014:3,restaurant,Will absolutely visit again.,NULL,RESTAURANT#GENERAL,positive,annotated,True,True,False
1730014,1730014:4,restaurant,Maybe tomorrow ;-),,,,non_annotated,False,False,False
1730127,1730127:0,restaurant,You cannot go wrong with this place.,place,RESTAURANT#GENERAL,positive,annotated,True,True,True
1730127,1730127:1,restaurant,"The food is outstanding and the service is quick, friendly and very professional.",food,FOOD#QUALITY,positive,annotated,True,True,True
1730127,1730127:1,restaurant,"The food is outstanding and the service is quick, friendly and very professional.",service,SERVICE#GENERAL,positive,annotated,True,True,True
1730127,1730127:2,restaurant,"Always a nice crowd, but never loud.",crowd,RESTAURANT#MISCELLANEOUS,positive,annotated,True,True,True
1730127,1730127:2,restaurant,"Always a nice crowd, but never loud.",NULL,AMBIENCE#GENERAL,positive,annotated,True,True,False
1730127,1730127:3,restaurant,Go here.,NULL,RESTAURANT#GENERAL,positive,annotated,True,True,False
1730127,1730127:4,restaurant,Good for dates or with friends.,NULL,RESTAURANT#MISCELLANEOUS,positive,annotated,True,True,False
1730447,1730447:0,restaurant,I am reluctant to write because I would not want my jem of a pizza place to become overcrowded.,pizza place,RESTAURANT#MISCELLANEOUS,positive,annotated,True,True,True
1730447,1730447:1,restaurant,"However, it is jus too good to not praise it.",NULL,RESTAURANT#GENERAL,positive,annotated,True,True,False
1730447,1730447:2,restaurant,"By far, the best pizza in Manhattan.",pizza,FOOD#QUALITY,positive,annotated,True,True,True
1730447,1730447:3,restaurant,"The crust is thin, the ingredients are fresh and the staff is friendly.",crust,FOOD#QUALITY,positive,annotated,True,True,True
1730447,1730447:3,restaurant,"The crust is thin, the ingredients are fresh and the staff is friendly.",staff,SERVICE#GENERAL,positive,annotated,True,True,True
1730447,1730447:3,restaurant,"The crust is thin, the ingredients are fresh and the staff is friendly.",ingredients,FOOD#QUALITY,positive,annotated,True,True,True
1730447,1730447:4,restaurant,"For all you lazy folks that don't want to come to Alphabet City, I say, good - stay out.",,,,non_annotated,False,False,False
1730447,1730447:5,restaurant,less wait time for me!,,,,non_annotated,False,False,False
1746113,1746113:0,restaurant,We arrived on time for our reservation and seated promptly.,,,,non_annotated,False,False,False
1746113,1746113:1,restaurant,The menu has so many fish items and oysters.,menu,FOOD#STYLE_OPTIONS,positive,annotated,True,True,True
1746113,1746113:2,restaurant,We all ordered different entrees so we could share.,,,,non_annotated,False,False,False
1746113,1746113:3,restaurant,"The fish was really,really fresh.",fish,FOOD#QUALITY,positive,annotated,True,True,True
1746113,1746113:4,restaurant,I lived in Maine for ten years and grew up on fish.,,,,non_annotated,False,False,False
1746113,1746113:5,restaurant,We all agreed that mare is one of the best seafood restaurants in New York.,mare,RESTAURANT#GENERAL,positive,annotated,True,True,True
1748813,1748813:0,restaurant,I stumbled upon this great pizzeria as I explored my new neighborhood.,pizzeria,RESTAURANT#GENERAL,positive,annotated,True,True,True
1748813,1748813:1,restaurant,All of the pizzas are terrific and the price is even better!,pizzas,FOOD#QUALITY,positive,annotated,True,True,True
1748813,1748813:1,restaurant,All of the pizzas are terrific and the price is even better!,NULL,RESTAURANT#PRICES,positive,annotated,True,True,False
1748813,1748813:2,restaurant,I highly recommend the Sophia pizza.,Sophia pizza,FOOD#QUALITY,positive,annotated,True,True,True
1748813,1748813:3,restaurant,It's to die for!,NULL,FOOD#QUALITY,positive,annotated,True,True,False
1748839,1748839:0,restaurant,The food was mediocre at best but it was the horrible service that made me vow never to go back.,food,FOOD#QUALITY,negative,annotated,True,True,True
1748839,1748839:0,restaurant,The food was mediocre at best but it was the horrible service that made me vow never to go back.,service,SERVICE#GENERAL,negative,annotated,True,True,True
1748839,1748839:1,restaurant,"Immediately after we paid, the waiter took the money and said, okay, you guys are outta here.",waiter,SERVICE#GENERAL,negative,annotated,True,True,True
1748839,1748839:2,restaurant,There are other people waiting!,,,,non_annotated,False,False,False
1748839,1748839:3,restaurant,We weren't even at our table for more than an hour total.,,,,non_annotated,False,False,False
1748839,1748839:4,restaurant,"As we were leaving, the couple standing by the door said to another waiter, we're not in a hurry.",,,,non_annotated,False,False,False
1748839,1748839:5,restaurant,Our friends have not arrived yet.,,,,non_annotated,False,False,False
1748839,1748839:6,restaurant,So rushing us out was absolutely unnecessary!,NULL,SERVICE#GENERAL,negative,annotated,True,True,False
1748839,1748839:7,restaurant,"For the people who want great food plus great service, Roxy is a place to AVOID!",food,FOOD#QUALITY,negative,annotated,True,True,True
1748839,1748839:7,restaurant,"For the people who want great food plus great service, Roxy is a place to AVOID!",service,SERVICE#GENERAL,negative,annotated,True,True,True
378848,378848:0,restaurant,I've been here twice now.,,,,non_annotated,False,False,False
378848,378848:1,restaurant,"The first time the sushi was outstanding, the second time it was a little bland.",sushi,FOOD#QUALITY,positive,annotated,True,True,True
378848,378848:1,restaurant,"The first time the sushi was outstanding, the second time it was a little bland.",sushi,FOOD#QUALITY,negative,annotated,True,True,True
378848,378848:2,restaurant,I'm sure I'll return for a final judgement tho.,NULL,RESTAURANT#GENERAL,neutral,annotated,True,True,False
378848,378848:3,restaurant,"The blond wood decor is very soothing, the premium sake is excellent and the service is great.",blond wood decor,AMBIENCE#GENERAL,positive,annotated,True,True,True
378848,378848:3,restaurant,"The blond wood decor is very soothing, the premium sake is excellent and the service is great.",premium sake,DRINKS#QUALITY,positive,annotated,True,True,True
378848,378848:3,restaurant,"The blond wood decor is very soothing, the premium sake is excellent and the service is great.",service,SERVICE#GENERAL,positive,annotated,True,True,True
397331,397331:0,restaurant,Mizu is the Japenese find in Grammercy.,Mizu,RESTAURANT#GENERAL,positive,annotated,True,True,True
397331,397331:1,restaurant,"While their kitchen food is delicious, their Sushi is out of this world.",kitchen food,FOOD#QUALITY,positive,annotated,True,True,True
397331,397331:1,restaurant,"While their kitchen food is delicious, their Sushi is out of this world.",Sushi,FOOD#QUALITY,positive,annotated,True,True,True
397331,397331:2,restaurant,Mizu is home to creative and unique rolls not to found anywhere else.,rolls,FOOD#STYLE_OPTIONS,positive,annotated,True,True,True
397331,397331:3,restaurant,"Not only is the cuisine the best around, the service has always been attentive and charming.",cuisine,FOOD#QUALITY,positive,annotated,True,True,True
397331,397331:3,restaurant,"Not only is the cuisine the best around, the service has always been attentive and charming.",service,SERVICE#GENERAL,positive,annotated,True,True,True
397331,397331:4,restaurant,Warning: You may find it difficult to dine at other Japanese restaurants after a visit to Mizu!,Mizu,RESTAURANT#GENERAL,positive,annotated,True,True,True
404464,404464:0,restaurant,"Thalia is a beautiful restaurant with beautiful people serving you, but the food doesn't quite match up.",people,SERVICE#GENERAL,positive,annotated,True,True,True
404464,404464:0,restaurant,"Thalia is a beautiful restaurant with beautiful people serving you, but the food doesn't quite match up.",food,FOOD#QUALITY,negative,annotated,True,True,True
404464,404464:0,restaurant,"Thalia is a beautiful restaurant with beautiful people serving you, but the food doesn't quite match up.",Thalia,AMBIENCE#GENERAL,positive,annotated,True,True,True
404464,404464:1,restaurant,I ordered the smoked salmon and roe appetizer and it was off flavor.,smoked salmon and roe appetizer,FOOD#QUALITY,negative,annotated,True,True,True
404464,404464:2,restaurant,"The entree was bland and small, dessert was not inspired.",entree,FOOD#QUALITY,negative,annotated,True,True,True
404464,404464:2,restaurant,"The entree was bland and small, dessert was not inspired.",entree,FOOD#STYLE_OPTIONS,negative,annotated,True,True,True
404464,404464:2,restaurant,"The entree was bland and small, dessert was not inspired.",dessert,FOOD#QUALITY,negative,annotated,True,True,True
404464,404464:3,restaurant,I expected quite a bit more from such an expensive menu.,menu,FOOD#PRICES,negative,annotated,True,True,True
404464,404464:3,restaurant,I expected quite a bit more from such an expensive menu.,menu,FOOD#QUALITY,negative,annotated,True,True,True
426805,426805:0,restaurant,"The view is spectacular, and the food is great.",view,LOCATION#GENERAL,positive,annotated,True,True,True
426805,426805:0,restaurant,"The view is spectacular, and the food is great.",food,FOOD#QUALITY,positive,annotated,True,True,True
426805,426805:1,restaurant,Wonderful strawberry daiquiries as well!,strawberry daiquiries,DRINKS#QUALITY,positive,annotated,True,True,True
426805,426805:2,restaurant,Definitely worth the trip to Battery Park City!,NULL,RESTAURANT#GENERAL,positive,annotated,True,True,False
426805,426805:3,restaurant,One of my favorite places in Manhattan.,NULL,RESTAURANT#GENERAL,positive,annotated,True,True,False
426930,426930:0,restaurant,Authentic Taiwanese food that's cheap... what more could you ask for?,Taiwanese food,FOOD#QUALITY,positive,annotated,True,True,True
426930,426930:0,restaurant,Authentic Taiwanese food that's cheap... what more could you ask for?,Taiwanese food,FOOD#PRICES,positive,annotated,True,True,True
426930,426930:1,restaurant,(Besides that there should be more restaurants like it around the city).,NULL,RESTAURANT#GENERAL,positive,annotated,True,True,False
426930,426930:2,restaurant,The cold appetizer dishes taste like the way I remember them to taste when I was growing up in Taiwan.,cold appetizer dishes,FOOD#QUALITY,positive,annotated,True,True,True
430342,430342:0,restaurant,delicious simple food in nice outdoor atmosphere.,food,FOOD#QUALITY,positive,annotated,True,True,True
430342,430342:0,restaurant,delicious simple food in nice outdoor atmosphere.,food,FOOD#STYLE_OPTIONS,positive,annotated,True,True,True
430342,430342:0,restaurant,delicious simple food in nice outdoor atmosphere.,outdoor atmosphere,AMBIENCE#GENERAL,positive,annotated,True,True,True
430342,430342:1,restaurant,"Kind, attentive wait staff.",wait staff,SERVICE#GENERAL,positive,annotated,True,True,True
430342,430342:2,restaurant,I really like both the scallops and the mahi mahi (on saffron risotto-yum!).,scallops,FOOD#QUALITY,positive,annotated,True,True,True
430342,430342:2,restaurant,I really like both the scallops and the mahi mahi (on saffron risotto-yum!).,mahi mahi (on saffron risotto,FOOD#QUALITY,positive,annotated,True,True,True
430342,430342:3,restaurant,My friend devoured her chicken and mashed potatos.,chicken and mashed potatos,FOOD#QUALITY,positive,annotated,True,True,True
430342,430342:4,restaurant,Delicious crab cakes too.,crab cakes,FOOD#QUALITY,positive,annotated,True,True,True
430342,430342:5,restaurant,"Even if the food wasn't this good, the garden is a great place to sit outside and relax.",garden,AMBIENCE#GENERAL,positive,annotated,True,True,True
430342,430342:5,restaurant,"Even if the food wasn't this good, the garden is a great place to sit outside and relax.",food,FOOD#QUALITY,positive,annotated,True,True,True
430342,430342:6,restaurant,Great neighborhood joint.,joint,RESTAURANT#GENERAL,positive,annotated,True,True,True
433878,433878:0,restaurant,This is a nice pizza place with good selection of thin crust pizza including the Basil slice.,selection of thin crust pizza,FOOD#STYLE_OPTIONS,positive,annotated,True,True,True
433878,433878:0,restaurant,This is a nice pizza place with good selection of thin crust pizza including the Basil slice.,selection of thin crust pizza,FOOD#QUALITY,positive,annotated,True,True,True
433878,433878:0,restaurant,This is a nice pizza place with good selection of thin crust pizza including the Basil slice.,pizza place,RESTAURANT#GENERAL,positive,annotated,True,True,True
433878,433878:0,restaurant,This is a nice pizza place with good selection of thin crust pizza including the Basil slice.,Basil slice,FOOD#QUALITY,positive,annotated,True,True,True
433878,433878:1,restaurant,"Their calzones are horrific, bad, vomit-inducing, YUCK.",calzones,FOOD#QUALITY,negative,annotated,True,True,True
433878,433878:2,restaurant,They smell like they stuff them with old canned vegetables like the spinach mushroom calzone.,NULL,FOOD#QUALITY,negative,annotated,True,True,False
433878,433878:3,restaurant,The counter service is bad.,counter service,SERVICE#GENERAL,negative,annotated,True,True,True
433878,433878:4,restaurant,They charge different prices all the time.,NULL,SERVICE#GENERAL,negative,annotated,True,True,False
433878,433878:5,restaurant,"They're rude at times, and not very friendly.",NULL,SERVICE#GENERAL,negative,annotated,True,True,False
433878,433878:6,restaurant,NO PIZZA 33 for me!,PIZZA 33,RESTAURANT#GENERAL,negative,annotated,True,True,True
436868,436868:0,restaurant,"Anybody who likes this place must be from a different planet, where greasy, dry and tasteless are complimentary.",NULL,FOOD#QUALITY,negative,annotated,True,True,False
436868,436868:1,restaurant,"The dosas are skimpy, unattractive and drip with grease, and personally I'd drink popcorn topping before I'd eat another one of these.",dosas,FOOD#STYLE_OPTIONS,negative,annotated,True,True,True
436868,436868:1,restaurant,"The dosas are skimpy, unattractive and drip with grease, and personally I'd drink popcorn topping before I'd eat another one of these.",dosas,FOOD#QUALITY,negative,annotated,True,True,True
436868,436868:2,restaurant,"The sandwiches are dry, tasteless and way overpriced.",sandwiches,FOOD#QUALITY,negative,annotated,True,True,True
436868,436868:2,restaurant,"The sandwiches are dry, tasteless and way overpriced.",sandwiches,FOOD#PRICES,negative,annotated,True,True,True
436868,436868:3,restaurant,"Calling the place Hampton Chutney Co. does warn you that these folks offer more style than substance, but in this unattractive room with unhelpful clerks there was a dearth of the former too.",place,RESTAURANT#GENERAL,negative,annotated,True,True,True
436868,436868:3,restaurant,"Calling the place Hampton Chutney Co. does warn you that these folks offer more style than substance, but in this unattractive room with unhelpful clerks there was a dearth of the former too.",room,AMBIENCE#GENERAL,negative,annotated,True,True,True
436868,436868:3,restaurant,"Calling the place Hampton Chutney Co. does warn you that these folks offer more style than substance, but in this unattractive room with unhelpful clerks there was a dearth of the former too.",clerks,SERVICE#GENERAL,negative,annotated,True,True,True
444818,444818:0,restaurant,"Seriously, this place kicks ass.",place,RESTAURANT#GENERAL,positive,annotated,True,True,True
444818,444818:1,restaurant,"The atmosphere is unheralded, the service impecible, and the food magnificant.",atmosphere,AMBIENCE#GENERAL,positive,annotated,True,True,True
444818,444818:1,restaurant,"The atmosphere is unheralded, the service impecible, and the food magnificant.",service,SERVICE#GENERAL,positive,annotated,True,True,True
444818,444818:1,restaurant,"The atmosphere is unheralded, the service impecible, and the food magnificant.",food,FOOD#QUALITY,positive,annotated,True,True,True
444818,444818:2,restaurant,"Best Italian food I ever had (and being Italian, that means alot).",Italian food,FOOD#QUALITY,positive,annotated,True,True,True
444818,444818:3,restaurant,"It is nearly impossible to get a table, so if you ever have the chance to go here for dinner, DO NOT pass it up.",NULL,RESTAURANT#GENERAL,positive,annotated,True,True,False
445960,445960:0,restaurant,"This is such a lovely, peaceful place to eat outside.",place,AMBIENCE#GENERAL,positive,annotated,True,True,True
445960,445960:1,restaurant,The restaurant looks out over beautiful green lawns to the Hudson River and the Statue of Liberty.,restaurant,LOCATION#GENERAL,positive,annotated,True,True,True
445960,445960:2,restaurant,"It is set far from the small street it's on, and there is no traffic noise.",NULL,LOCATION#GENERAL,positive,annotated,True,True,False
445960,445960:3,restaurant,"The food is good, especially their more basic dishes, and the drinks are delicious.",food,FOOD#QUALITY,positive,annotated,True,True,True
445960,445960:3,restaurant,"The food is good, especially their more basic dishes, and the drinks are delicious.",basic dishes,FOOD#QUALITY,positive,annotated,True,True,True
445960,445960:3,restaurant,"The food is good, especially their more basic dishes, and the drinks are delicious.",drinks,DRINKS#QUALITY,positive,annotated,True,True,True
445960,445960:4,restaurant,"This is a great place to take out-of-towners, and perfect for watching the sunset.",place,LOCATION#GENERAL,positive,annotated,True,True,True
447697,447697:0,restaurant,Great sushi experience.,sushi,FOOD#QUALITY,positive,annotated,True,True,True
447697,447697:1,restaurant,Nice value.,NULL,RESTAURANT#PRICES,positive,annotated,True,True,False
447697,447697:2,restaurant,Unique apppetizers.,apppetizers,FOOD#QUALITY,positive,annotated,True,True,True
447697,447697:3,restaurant,Try sushimi cucumber roll.,sushimi cucumber roll,FOOD#QUALITY,positive,annotated,True,True,True
449802,449802:0,restaurant,"Good spreads, great beverage selections and bagels really tasty.",spreads,FOOD#QUALITY,positive,annotated,True,True,True
449802,449802:0,restaurant,"Good spreads, great beverage selections and bagels really tasty.",beverage selections,DRINKS#STYLE_OPTIONS,positive,annotated,True,True,True
449802,449802:0,restaurant,"Good spreads, great beverage selections and bagels really tasty.",bagels,FOOD#QUALITY,positive,annotated,True,True,True
449802,449802:1,restaurant,THE BIG COMPLAINT: NO TOASTING AVAILABLE.,NULL,SERVICE#GENERAL,negative,annotated,True,True,False
449802,449802:2,restaurant,I complete the total bagel experience by having it lightly toasted.,,,,non_annotated,False,False,False
449802,449802:3,restaurant,Murray won't do it.,NULL,SERVICE#GENERAL,negative,annotated,True,True,False
449802,449802:4,restaurant,Won't or Can't is not in the service directory.,,,,non_annotated,False,False,False
449802,449802:5,restaurant,But who says Murray's is anything about service.,service,SERVICE#GENERAL,negative,annotated,True,True,True
449802,449802:6,restaurant,"So close, but not good enough.",NULL,RESTAURANT#GENERAL,neutral,annotated,True,True,False
454704,454704:0,restaurant,Don't be fooled by crowds of people.,NULL,RESTAURANT#MISCELLANEOUS,negative,annotated,True,True,False
454704,454704:1,restaurant,The service is awful.,service,SERVICE#GENERAL,negative,annotated,True,True,True
454704,454704:2,restaurant,This place is not worth the prices.,place,RESTAURANT#GENERAL,negative,annotated,True,True,True
454704,454704:2,restaurant,This place is not worth the prices.,place,RESTAURANT#PRICES,negative,annotated,True,True,True
454704,454704:3,restaurant,"Also, don't plan on asking for your favorite roll, if it's not on the menu, you can't have it.",NULL,SERVICE#GENERAL,negative,annotated,True,True,False
455623,455623:0,restaurant,Love Pizza 33..,Pizza 33,RESTAURANT#GENERAL,positive,annotated,True,True,True
455623,455623:1,restaurant,I will be out with friends and all of a sudden I am hungry and I only crave one thing... their Pizza.,Pizza,FOOD#QUALITY,positive,annotated,True,True,True
455623,455623:2,restaurant,I live in the neightborhood and am a regular.,,,,non_annotated,False,False,False
455623,455623:3,restaurant,It hits the spot every time,NULL,RESTAURANT#GENERAL,positive,annotated,True,True,False
461928,461928:0,restaurant,This tiny Williamsburg spot is always pleasantly surprising.,Williamsburg spot,RESTAURANT#GENERAL,positive,annotated,True,True,True
461928,461928:1,restaurant,The pizza is delicious and the proprietor is one of the nicest in NYC.,pizza,FOOD#QUALITY,positive,annotated,True,True,True
461928,461928:1,restaurant,The pizza is delicious and the proprietor is one of the nicest in NYC.,proprietor,SERVICE#GENERAL,positive,annotated,True,True,True
461928,461928:2,restaurant,Even the pasta is delicious here (a rarity in New York pizza restaurants).,,,,non_annotated,False,False,False
461928,461928:3,restaurant,I've been many time and have never been disappointed.,NULL,RESTAURANT#GENERAL,positive,annotated,True,True,False
464215,464215:0,restaurant,"Compared to Ess-a, Tal offers a less doughy bagel!",,,,non_annotated,False,False,False
464215,464215:1,restaurant,They even scoop it out nice (for those on a diet) not too much not to little.,NULL,FOOD#STYLE_OPTIONS,positive,annotated,True,True,False
464215,464215:2,restaurant,The cream cheeses are out of this world and I love that coffee!!,cream cheeses,FOOD#QUALITY,positive,annotated,True,True,True
464215,464215:2,restaurant,The cream cheeses are out of this world and I love that coffee!!,coffee,DRINKS#QUALITY,positive,annotated,True,True,True
464215,464215:3,restaurant,A little crowded but they move that line really fast!,NULL,SERVICE#GENERAL,positive,annotated,True,True,False
464215,464215:3,restaurant,A little crowded but they move that line really fast!,NULL,RESTAURANT#MISCELLANEOUS,negative,annotated,True,True,False
464215,464215:4,restaurant,A little pricey but it really hits the spot on a Sunday morning!,NULL,RESTAURANT#PRICES,negative,annotated,True,True,False
464215,464215:4,restaurant,A little pricey but it really hits the spot on a Sunday morning!,NULL,RESTAURANT#GENERAL,positive,annotated,True,True,False
464342,464342:0,restaurant,"Bagels are ok, but be sure not to make any special requests!",Bagels,FOOD#QUALITY,neutral,annotated,True,True,True
464342,464342:0,restaurant,"Bagels are ok, but be sure not to make any special requests!",NULL,SERVICE#GENERAL,negative,annotated,True,True,False
464342,464342:1,restaurant,I asked for an open faced cheese sandwich and the manager basically told me to take my business elsewhere!,manager,SERVICE#GENERAL,negative,annotated,True,True,True
464342,464342:2,restaurant,Be sure not to get anything other than bagels!..,NULL,FOOD#QUALITY,negative,annotated,True,True,False
464342,464342:2,restaurant,Be sure not to get anything other than bagels!..,bagels,FOOD#QUALITY,positive,annotated,True,True,True
464342,464342:3,restaurant,the turkey burgers are scary!,turkey burgers,FOOD#QUALITY,negative,annotated,True,True,True
470488,470488:0,restaurant,The worst excuse for Japanese food I've ever encountered.,NULL,RESTAURANT#MISCELLANEOUS,negative,annotated,True,True,False
470488,470488:1,restaurant,The soup for the udon was soy sauce and water.,soup for the udon,FOOD#QUALITY,negative,annotated,True,True,True
470488,470488:2,restaurant,The sushi was awful!,sushi,FOOD#QUALITY,negative,annotated,True,True,True
470488,470488:3,restaurant,The rice was poor quality and was cooked so badly it was hard.,rice,FOOD#QUALITY,negative,annotated,True,True,True
470488,470488:4,restaurant,"Furthermore, the rice had no seasoning, so the sushi was bland and disgusting.",rice,FOOD#QUALITY,negative,annotated,True,True,True
470488,470488:4,restaurant,"Furthermore, the rice had no seasoning, so the sushi was bland and disgusting.",sushi,FOOD#QUALITY,negative,annotated,True,True,True
470488,470488:5,restaurant,"The fish was adequate, but inexpertly sliced.",fish,FOOD#STYLE_OPTIONS,negative,annotated,True,True,True
470488,470488:6,restaurant,It is obvious that no one in the restaurant has any idea about or experience with Japanese cuisine.,Japanese cuisine,FOOD#QUALITY,negative,annotated,True,True,True
475298,475298:0,restaurant,"Good, fast service.",service,SERVICE#GENERAL,positive,annotated,True,True,True
475298,475298:1,restaurant,I would highly recommend.,NULL,RESTAURANT#GENERAL,positive,annotated,True,True,False
475298,475298:2,restaurant,Food is great and inexpensive.,Food,FOOD#QUALITY,positive,annotated,True,True,True
475298,475298:2,restaurant,Food is great and inexpensive.,Food,FOOD#PRICES,positive,annotated,True,True,True
475298,475298:3,restaurant,The location is perfect.,location,LOCATION#GENERAL,positive,annotated,True,True,True
475298,475298:4,restaurant,Give it a try and enjoy.,NULL,RESTAURANT#GENERAL,positive,annotated,True,True,False
475512,475512:0,restaurant,I thought going to Jimmys would give me a real Domincan exprience.,,,,non_annotated,False,False,False
475512,475512:1,restaurant,Jimmy is Dominican!,,,,non_annotated,False,False,False
475512,475512:2,restaurant,"Well, this place is so Ghetto its not even funny.",place,AMBIENCE#GENERAL,negative,annotated,True,True,True
475512,475512:3,restaurant,If you like your music blasted and the system isnt that great and if you want to pay at least 100 dollar bottle minimun then you'll love it here.,bottle,DRINKS#PRICES,negative,annotated,True,True,True
475512,475512:3,restaurant,If you like your music blasted and the system isnt that great and if you want to pay at least 100 dollar bottle minimun then you'll love it here.,music,AMBIENCE#GENERAL,negative,annotated,True,True,True
475512,475512:4,restaurant,Would NEVER go back there.,NULL,RESTAURANT#GENERAL,negative,annotated,True,True,False
475512,475512:5,restaurant,Too bad Latin Quarters closed.,,,,non_annotated,False,False,False
475512,475512:6,restaurant,"That place was awesome,,,  sally !",,,,non_annotated,False,False,False
476473,476473:0,restaurant,Awsome Pizza especially the Margheritta slice.,Pizza,FOOD#QUALITY,positive,annotated,True,True,True
476473,476473:0,restaurant,Awsome Pizza especially the Margheritta slice.,Margheritta slice,FOOD#QUALITY,positive,annotated,True,True,True
476473,476473:1,restaurant,Always busy but fast moving.,NULL,SERVICE#GENERAL,positive,annotated,True,True,False
476473,476473:2,restaurant,Great atmoshere and worth every bit.,atmoshere,AMBIENCE#GENERAL,positive,annotated,True,True,True
476473,476473:2,restaurant,Great atmoshere and worth every bit.,NULL,RESTAURANT#GENERAL,positive,annotated,True,True,False
476473,476473:3,restaurant,Open late (well as late as I ever got there and I'm a night person),NULL,RESTAURANT#MISCELLANEOUS,positive,annotated,True,True,False
483111,483111:0,restaurant,Winnie and her staff are the best crew you can find serving you.,staff,SERVICE#GENERAL,positive,annotated,True,True,True
483111,483111:0,restaurant,Winnie and her staff are the best crew you can find serving you.,Winnie,SERVICE#GENERAL,positive,annotated,True,True,True
483111,483111:1,restaurant,The food is reliable and the price is moderate.,food,FOOD#QUALITY,positive,annotated,True,True,True
483111,483111:1,restaurant,The food is reliable and the price is moderate.,NULL,RESTAURANT#PRICES,neutral,annotated,True,True,False
483111,483111:2,restaurant,What more can you ask for?,NULL,RESTAURANT#GENERAL,positive,annotated,True,True,False
485026,485026:0,restaurant,"For authentic Thai food, look no further than Toons.",Thai food,FOOD#QUALITY,positive,annotated,True,True,True
485026,485026:1,restaurant,"Ive been to many Thai restaurants in Manhattan before, and Toons is by far the best Thai food Ive had (except for my mom's of course).",,,,non_annotated,False,False,False
485026,485026:2,restaurant,"Try the Pad Thai, or sample anything on the appetizer menu...they're all delicious.",Pad Thai,FOOD#QUALITY,positive,annotated,True,True,True
485026,485026:2,restaurant,"Try the Pad Thai, or sample anything on the appetizer menu...they're all delicious.",appetizer menu,FOOD#QUALITY,positive,annotated,True,True,True
485767,485767:0,restaurant,Everything about this restaurant was special.,restaurant,RESTAURANT#GENERAL,positive,annotated,True,True,True
485767,485767:1,restaurant,"The service was attentive, yet discreet.",service,SERVICE#GENERAL,positive,annotated,True,True,True
485767,485767:2,restaurant,The flavors robust and subtle.,NULL,FOOD#QUALITY,positive,annotated,True,True,False
485767,485767:3,restaurant,The brioche and lollies as party favors is a cute and sweet touch to a most memorable meal.,brioche and lollies,FOOD#QUALITY,positive,annotated,True,True,True
485767,485767:4,restaurant,I'm saving up for my next visit.,NULL,RESTAURANT#GENERAL,positive,annotated,True,True,False
485966,485966:0,restaurant,I went there in late afternoon for some bite size food and refleshment with my date.,,,,non_annotated,False,False,False
485966,485966:1,restaurant,The place was quiet and delightful.,place,AMBIENCE#GENERAL,positive,annotated,True,True,True
485966,485966:2,restaurant,Service was good and food is wonderful.,Service,SERVICE#GENERAL,positive,annotated,True,True,True
485966,485966:2,restaurant,Service was good and food is wonderful.,food,FOOD#QUALITY,positive,annotated,True,True,True
485966,485966:3,restaurant,I did not try the caviar but I tried their salmon and crab salad (they are all good),salmon,FOOD#QUALITY,positive,annotated,True,True,True
485966,485966:3,restaurant,I did not try the caviar but I tried their salmon and crab salad (they are all good),crab salad,FOOD#QUALITY,positive,annotated,True,True,True
485966,485966:4,restaurant,It is definitely a good spot for snacks and chat.,spot,RESTAURANT#GENERAL,positive,annotated,True,True,True
490565,490565:0,restaurant,"As a retired hipster, I can say with some degree of certainty that for the last year Lucky Strike has been the best laid-back late night in the city.",Lucky Strike,RESTAURANT#GENERAL,positive,annotated,True,True,True
490565,490565:1,restaurant,"The wait staff is pleasant, fun, and for the most part gorgeous (in the wonderful aesthetic beautification way, not in that she's-way-cuter-than-me-that-b@#$* way).",wait staff,SERVICE#GENERAL,positive,annotated,True,True,True
490565,490565:2,restaurant,"The food is yummy, especially their cooked-to-perfection mussels in spicy tomato sauce and their shoestring crispy fries.",food,FOOD#QUALITY,positive,annotated,True,True,True
490565,490565:2,restaurant,"The food is yummy, especially their cooked-to-perfection mussels in spicy tomato sauce and their shoestring crispy fries.",mussels in spicy tomato sauce,FOOD#QUALITY,positive,annotated,True,True,True
490565,490565:2,restaurant,"The food is yummy, especially their cooked-to-perfection mussels in spicy tomato sauce and their shoestring crispy fries.",fries,FOOD#QUALITY,positive,annotated,True,True,True
490565,490565:3,restaurant,"But the best part about LS is the late night atmosphere, delightfully free of the BTs.",late night atmosphere,AMBIENCE#GENERAL,positive,annotated,True,True,True
490565,490565:4,restaurant,"You can get a completely delish martini in a glass (that's about 2 1/2 drinks) for $8.50 (I recommend the Vanilla Shanty, mmmm!) in a great homey setting with great music.",martini,DRINKS#QUALITY,positive,annotated,True,True,True
490565,490565:4,restaurant,"You can get a completely delish martini in a glass (that's about 2 1/2 drinks) for $8.50 (I recommend the Vanilla Shanty, mmmm!) in a great homey setting with great music.",martini,DRINKS#STYLE_OPTIONS,positive,annotated,True,True,True
490565,490565:4,restaurant,"You can get a completely delish martini in a glass (that's about 2 1/2 drinks) for $8.50 (I recommend the Vanilla Shanty, mmmm!) in a great homey setting with great music.",martini,DRINKS#PRICES,positive,annotated,True,True,True
490565,490565:4,restaurant,"You can get a completely delish martini in a glass (that's about 2 1/2 drinks) for $8.50 (I recommend the Vanilla Shanty, mmmm!) in a great homey setting with great music.",Vanilla Shanty,DRINKS#QUALITY,positive,annotated,True,True,True
490565,490565:4,restaurant,"You can get a completely delish martini in a glass (that's about 2 1/2 drinks) for $8.50 (I recommend the Vanilla Shanty, mmmm!) in a great homey setting with great music.",setting,AMBIENCE#GENERAL,positive,annotated,True,True,True
490565,490565:4,restaurant,"You can get a completely delish martini in a glass (that's about 2 1/2 drinks) for $8.50 (I recommend the Vanilla Shanty, mmmm!) in a great homey setting with great music.",music,AMBIENCE#GENERAL,positive,annotated,True,True,True
490565,490565:5,restaurant,"The in-house lady DJ on Saturday nights has outrageously good taste in music, and moreover, takes requests.",in-house lady DJ,AMBIENCE#GENERAL,positive,annotated,True,True,True
490565,490565:6,restaurant,You can't go wrong with this place.,place,RESTAURANT#GENERAL,positive,annotated,True,True,True
493013,493013:0,restaurant,Suan is a great place that I often take my friends (classmates) too.,Suan,RESTAURANT#GENERAL,positive,annotated,True,True,True
493013,493013:1,restaurant,"Its location is good and the fact that Hutner College is near and their prices are very reasonable, makes students go back to Suan again and again.",location,LOCATION#GENERAL,positive,annotated,True,True,True
493013,493013:1,restaurant,"Its location is good and the fact that Hutner College is near and their prices are very reasonable, makes students go back to Suan again and again.",Suan,RESTAURANT#PRICES,positive,annotated,True,True,True
493013,493013:2,restaurant,I LOVE their Thai,Thai,FOOD#QUALITY,positive,annotated,True,True,True
493013,493013:3,restaurant,noodles with shrimp and chicken and coconut juice is the MUST!,noodles with shrimp and chicken and coconut juice,FOOD#QUALITY,positive,annotated,True,True,True
493013,493013:4,restaurant,"I was in love with Pongsri on 48th, but compared to Suan it is slow in service and overpriced.",,,,non_annotated,False,False,False
493013,493013:5,restaurant,I will go back to Suan soon!,Suan,RESTAURANT#GENERAL,positive,annotated,True,True,True
493013,493013:6,restaurant,In summer-eat outside on a terrace (another great feature of Suan)!!!,terrace,AMBIENCE#GENERAL,positive,annotated,True,True,True
493514,493514:0,restaurant,I cannot imagine a friendlier staff working in a restaurant.,staff,SERVICE#GENERAL,positive,annotated,True,True,True
493514,493514:1,restaurant,I cannot imagine better Indian food in all of the city.,Indian food,FOOD#QUALITY,positive,annotated,True,True,True
493514,493514:2,restaurant,I cannot imagine you not rushing out to eat there.,NULL,RESTAURANT#GENERAL,positive,annotated,True,True,False
494850,494850:0,restaurant,This restaurant used to be our regular Thursday night dinner location.,,,,non_annotated,False,False,False
494850,494850:1,restaurant,"During the course of the past 3 months, the chef and staff changed and it was not for the better.",chef,FOOD#QUALITY,negative,annotated,True,True,True
494850,494850:1,restaurant,"During the course of the past 3 months, the chef and staff changed and it was not for the better.",staff,SERVICE#GENERAL,negative,annotated,True,True,True
494850,494850:2,restaurant,I wish they would change back to what it was before.,NULL,RESTAURANT#GENERAL,negative,annotated,True,True,False
494850,494850:3,restaurant,The food now is inconsistent.,food,FOOD#QUALITY,negative,annotated,True,True,True
496132,496132:0,restaurant,This is the kind of place you'd like to take all your friends to and still keep a secret.,place,RESTAURANT#MISCELLANEOUS,positive,annotated,True,True,True
496132,496132:1,restaurant,The setting is casual and romantic.,setting,AMBIENCE#GENERAL,positive,annotated,True,True,True
496132,496132:2,restaurant,Prices are very good.,NULL,RESTAURANT#PRICES,positive,annotated,True,True,False
496132,496132:3,restaurant,The food is excellent!,food,FOOD#QUALITY,positive,annotated,True,True,True
496132,496132:4,restaurant,"if you're daring, try the balsamic vinegar over icecream, it's wonderful!",balsamic vinegar over icecream,FOOD#QUALITY,positive,annotated,True,True,True
498657,498657:0,restaurant,"Do not get the Go Go Hamburgers, no matter what the reviews say.",Go Go Hamburgers,FOOD#QUALITY,negative,annotated,True,True,True
498657,498657:1,restaurant,They were such a rip-off ($8.95 for four small meat patties in steamed buns) and not worth trying.,NULL,FOOD#QUALITY,negative,annotated,True,True,False
498657,498657:1,restaurant,They were such a rip-off ($8.95 for four small meat patties in steamed buns) and not worth trying.,NULL,FOOD#STYLE_OPTIONS,negative,annotated,True,True,False
498657,498657:1,restaurant,They were such a rip-off ($8.95 for four small meat patties in steamed buns) and not worth trying.,NULL,FOOD#PRICES,negative,annotated,True,True,False
498657,498657:2,restaurant,"The rest of the dim sum, though pricey by Chinatown standards, is worth it.",dim sum,FOOD#PRICES,negative,annotated,True,True,True
498657,498657:2,restaurant,"The rest of the dim sum, though pricey by Chinatown standards, is worth it.",dim sum,FOOD#QUALITY,positive,annotated,True,True,True
498657,498657:3,restaurant,Steamed fresh so brought hot hot hot to your table.,NULL,FOOD#QUALITY,positive,annotated,True,True,False
498657,498657:4,restaurant,"The wait here is long for dim sum, but if you don't like sharing tables or if the typical raucous dim sum atmosphere is not your gig, this is a sleek (for Chinatown) alternative.",wait,SERVICE#GENERAL,negative,annotated,True,True,True
498657,498657:4,restaurant,"The wait here is long for dim sum, but if you don't like sharing tables or if the typical raucous dim sum atmosphere is not your gig, this is a sleek (for Chinatown) alternative.",atmosphere,AMBIENCE#GENERAL,negative,annotated,True,True,True
498657,498657:4,restaurant,"The wait here is long for dim sum, but if you don't like sharing tables or if the typical raucous dim sum atmosphere is not your gig, this is a sleek (for Chinatown) alternative.",NULL,RESTAURANT#MISCELLANEOUS,negative,annotated,True,True,False
498657,498657:5,restaurant,"A few tips: skip the turnip cake, roast pork buns and egg custards.",turnip cake,FOOD#QUALITY,negative,annotated,True,True,True
498657,498657:5,restaurant,"A few tips: skip the turnip cake, roast pork buns and egg custards.",roast pork buns,FOOD#QUALITY,negative,annotated,True,True,True
498657,498657:5,restaurant,"A few tips: skip the turnip cake, roast pork buns and egg custards.",egg custards,FOOD#QUALITY,negative,annotated,True,True,True
498657,498657:6,restaurant,These are overpriced and you can get better just around the corner:,NULL,FOOD#PRICES,negative,annotated,True,True,False
498657,498657:6,restaurant,These are overpriced and you can get better just around the corner:,NULL,FOOD#QUALITY,negative,annotated,True,True,False
498657,498657:7,restaurant,(1) turnip cakes at the little kiosk on east side of Mott St. just south of bayard,,,,non_annotated,False,False,False
498657,498657:8,restaurant,(2) egg custards and pork buns at either bakery on west side of Mott street just south of Canal.,,,,non_annotated,False,False,False
503807,503807:0,restaurant,After passing by this restaurant for sometime I finally decided to go in and have dinner.,,,,non_annotated,False,False,False
503807,503807:1,restaurant,I was pleasantly suprised.,NULL,RESTAURANT#GENERAL,positive,annotated,True,True,False
503807,503807:2,restaurant,The food was exceptional.,food,FOOD#QUALITY,positive,annotated,True,True,True
503807,503807:3,restaurant,"The menu consisted of standard brassiere food, better then places like Balthazar etc.",,,,non_annotated,False,False,False
503807,503807:4,restaurant,"I choose to go with one of the special, the braised lamb shank in red wine, which was excellent.",braised lamb shank in red wine,FOOD#QUALITY,positive,annotated,True,True,True
503807,503807:5,restaurant,The service was friendly and the atmosphere was casual.,service,SERVICE#GENERAL,positive,annotated,True,True,True
503807,503807:5,restaurant,The service was friendly and the atmosphere was casual.,atmosphere,AMBIENCE#GENERAL,neutral,annotated,True,True,True
503807,503807:6,restaurant,The restaurant is a bit noisy but that is something that can be overlooked once you sit down and enjoy a great meal,meal,FOOD#QUALITY,positive,annotated,True,True,True
503807,503807:6,restaurant,The restaurant is a bit noisy but that is something that can be overlooked once you sit down and enjoy a great meal,restaurant,AMBIENCE#GENERAL,negative,annotated,True,True,True
505535,505535:0,restaurant,this little place has a cute interior decor and affordable city prices.,interior decor,AMBIENCE#GENERAL,positive,annotated,True,True,True
505535,505535:0,restaurant,this little place has a cute interior decor and affordable city prices.,place,RESTAURANT#PRICES,positive,annotated,True,True,True
505535,505535:1,restaurant,"the pad se ew chicken was delicious, however the pad thai was far too oily.",pad se ew chicken,FOOD#QUALITY,positive,annotated,True,True,True
505535,505535:1,restaurant,"the pad se ew chicken was delicious, however the pad thai was far too oily.",pad thai,FOOD#QUALITY,negative,annotated,True,True,True
505535,505535:2,restaurant,i would just ask for no oil next time.,,,,non_annotated,False,False,False
507755,507755:0,restaurant,"Have eaten at Ginger House several times, and it's always good.",Ginger House,RESTAURANT#GENERAL,positive,annotated,True,True,True
507755,507755:1,restaurant,The fried dumplings are GREAT!,fried dumplings,FOOD#QUALITY,positive,annotated,True,True,True
507755,507755:2,restaurant,Finally a reliable Chinese restaurant!,Chinese restaurant,RESTAURANT#GENERAL,positive,annotated,True,True,True
507844,507844:0,restaurant,This place would be so much better served by being run by a group that actually understands customer service.,customer service,SERVICE#GENERAL,negative,annotated,True,True,True
507844,507844:1,restaurant,"The only thing you can do here is walk in and eat .. but planning an event, especially a small, intimate one, forget about it.",,,,non_annotated,False,False,False
507844,507844:2,restaurant,"They are not helpful in the least and will give you the grand run around so by the time the event date rolls around you will not only regret chosing this place, but also become hostile!",NULL,SERVICE#GENERAL,negative,annotated,True,True,False
507844,507844:3,restaurant,"Nobody at this restaurant will give firm answers about anything and in the end, not one person takes responsibility for anything.",NULL,SERVICE#GENERAL,negative,annotated,True,True,False
507844,507844:4,restaurant,"Terrible, terrible management - deserves to be shut-down.",management,SERVICE#GENERAL,negative,annotated,True,True,True
507844,507844:4,restaurant,"Terrible, terrible management - deserves to be shut-down.",NULL,RESTAURANT#GENERAL,negative,annotated,True,True,False
507937,507937:0,restaurant,Never fails to please.,NULL,RESTAURANT#GENERAL,positive,annotated,True,True,False
507937,507937:1,restaurant,"delicious bagels, especially when right out of the oven.",bagels,FOOD#QUALITY,positive,annotated,True,True,True
507937,507937:2,restaurant,Spreads and toppings are great - though a bit pricey.,Spreads,FOOD#QUALITY,positive,annotated,True,True,True
507937,507937:2,restaurant,Spreads and toppings are great - though a bit pricey.,toppings,FOOD#QUALITY,positive,annotated,True,True,True
507937,507937:2,restaurant,Spreads and toppings are great - though a bit pricey.,Spreads,FOOD#PRICES,negative,annotated,True,True,True
507937,507937:2,restaurant,Spreads and toppings are great - though a bit pricey.,toppings,FOOD#PRICES,negative,annotated,True,True,True
507937,507937:3,restaurant,Service is fast and friendly.,Service,SERVICE#GENERAL,positive,annotated,True,True,True
507937,507937:4,restaurant,"Only drawback - they won't toast your bagel, and they don't make eggs for the bagel.",NULL,SERVICE#GENERAL,negative,annotated,True,True,False
507937,507937:5,restaurant,But that is highly forgivable.,NULL,RESTAURANT#MISCELLANEOUS,positive,annotated,True,True,False
509227,509227:0,restaurant,"Been there, done that, and New York, it's not that big a deal.",,,,non_annotated,False,False,False
509227,509227:1,restaurant,"The food is decent at best, and the ambience, well, it's a matter of opinion, some may consider it to be a sweet thing, I thought it was just annoying.",food,FOOD#QUALITY,negative,annotated,True,True,True
509227,509227:1,restaurant,"The food is decent at best, and the ambience, well, it's a matter of opinion, some may consider it to be a sweet thing, I thought it was just annoying.",ambience,AMBIENCE#GENERAL,negative,annotated,True,True,True
509227,509227:2,restaurant,"If celebrities make you sweat, then your in for a ride, but if your like most around these parts then you'll just yawn and wonder whats with all the hype.",NULL,RESTAURANT#MISCELLANEOUS,negative,annotated,True,True,False
509227,509227:3,restaurant,"Rao is a good restaurant, but it's nothing special.",Rao,RESTAURANT#GENERAL,neutral,annotated,True,True,True
511290,511290:0,restaurant,I've eaten at many different Indian restaurants.,,,,non_annotated,False,False,False
511290,511290:1,restaurant,"But after last night, Spice Grill is the only place I'm eating indian cuisine.",indian cuisine,FOOD#QUALITY,positive,annotated,True,True,True
511290,511290:2,restaurant,You must try the shrimp appetizers.,shrimp appetizers,FOOD#QUALITY,positive,annotated,True,True,True
511290,511290:3,restaurant,Even my Indian friend couldn't believe how good and tasty everything was.,NULL,FOOD#QUALITY,positive,annotated,True,True,False
511290,511290:4,restaurant,This place has the the correct ambience and an excellent staff to make you feel like a guest and a friend at the same time.,ambience,AMBIENCE#GENERAL,positive,annotated,True,True,True
511290,511290:4,restaurant,This place has the the correct ambience and an excellent staff to make you feel like a guest and a friend at the same time.,staff,SERVICE#GENERAL,positive,annotated,True,True,True
512294,512294:0,restaurant,"Great food, great prices, great service.",food,FOOD#QUALITY,positive,annotated,True,True,True
512294,512294:0,restaurant,"Great food, great prices, great service.",NULL,RESTAURANT#PRICES,positive,annotated,True,True,False
512294,512294:0,restaurant,"Great food, great prices, great service.",service,SERVICE#GENERAL,positive,annotated,True,True,True
512294,512294:1,restaurant,"If you are looking for a good quality, cheap eats - this is the place.",eats,FOOD#QUALITY,positive,annotated,True,True,True
512294,512294:1,restaurant,"If you are looking for a good quality, cheap eats - this is the place.",eats,FOOD#PRICES,positive,annotated,True,True,True
512925,512925:0,restaurant,it's a perfect place to have a amanzing indian food.,indian food,FOOD#QUALITY,positive,annotated,True,True,True
512925,512925:1,restaurant,I really loved the different and inovated touch that's the cheff gives to the food.,cheff,FOOD#STYLE_OPTIONS,positive,annotated,True,True,True
512925,512925:2,restaurant,"also it's great to have dinner in a very romantic and confortable place, the service it's just perfect...they're so frendly that we never want to live the place!",place,AMBIENCE#GENERAL,positive,annotated,True,True,True
512925,512925:2,restaurant,"also it's great to have dinner in a very romantic and confortable place, the service it's just perfect...they're so frendly that we never want to live the place!",service,SERVICE#GENERAL,positive,annotated,True,True,True
513395,513395:0,restaurant,"I love Ess-a-bagel, but I live on the west side, so I often go to Murray's for convenience.",,,,non_annotated,False,False,False
513395,513395:1,restaurant,"Their bagels are fine, but they are a little overcooked, and not really a 'special' bagel experience.",bagels,FOOD#QUALITY,negative,annotated,True,True,True
513395,513395:2,restaurant,"Better than the bagel shop on the corner, but not worth going out of your way for, in my opinion.",,,,non_annotated,False,False,False
513395,513395:3,restaurant,Also a little more expensive than your average bagel place.,,,,non_annotated,False,False,False
513521,513521:0,restaurant,Great bagels made the old-fashioned way.,bagels,FOOD#QUALITY,positive,annotated,True,True,True
513521,513521:0,restaurant,Great bagels made the old-fashioned way.,bagels,FOOD#STYLE_OPTIONS,positive,annotated,True,True,True
513521,513521:1,restaurant,The appetizing is excellent - just as good as Zabars Barney Greengrass at a reasonable price (if bought by the pound).,,,,non_annotated,False,False,False
513521,513521:2,restaurant,Drawbacks: service is slow and they don't toast!,service,SERVICE#GENERAL,negative,annotated,True,True,True
519425,519425:0,restaurant,The food was absolutely amazing!!,food,FOOD#QUALITY,positive,annotated,True,True,True
519425,519425:1,restaurant,The baked clams octopus we shared as appetizers were the best we've ever had!!,baked clams octopus,FOOD#QUALITY,positive,annotated,True,True,True
519425,519425:2,restaurant,"The lamb was tender so full of flavor, the dessert was divine!!",lamb,FOOD#QUALITY,positive,annotated,True,True,True
519425,519425:2,restaurant,"The lamb was tender so full of flavor, the dessert was divine!!",dessert,FOOD#QUALITY,positive,annotated,True,True,True
519425,519425:3,restaurant,The waiter was attentive.,waiter,SERVICE#GENERAL,positive,annotated,True,True,True
519425,519425:4,restaurant,The place itself is beautiful the bar scene seems to be happening.,place,AMBIENCE#GENERAL,positive,annotated,True,True,True
519425,519425:4,restaurant,The place itself is beautiful the bar scene seems to be happening.,bar scene,AMBIENCE#GENERAL,positive,annotated,True,True,True
521916,521916:0,restaurant,"Downtown Dinner 2002 - Prixe fix: Appetizers were ok, waiter gave me poor suggestion..try the potato stuff kanish best one.",Appetizers,FOOD#QUALITY,neutral,annotated,True,True,True
521916,521916:0,restaurant,"Downtown Dinner 2002 - Prixe fix: Appetizers were ok, waiter gave me poor suggestion..try the potato stuff kanish best one.",waiter,SERVICE#GENERAL,negative,annotated,True,True,True
521916,521916:0,restaurant,"Downtown Dinner 2002 - Prixe fix: Appetizers were ok, waiter gave me poor suggestion..try the potato stuff kanish best one.",potato stuff kanish,FOOD#QUALITY,positive,annotated,True,True,True
521916,521916:1,restaurant,"Small servings for main entree, i had salmon (wasnt impressed) girlfriend had chicken, it was good.",salmon,FOOD#QUALITY,negative,annotated,True,True,True
521916,521916:1,restaurant,"Small servings for main entree, i had salmon (wasnt impressed) girlfriend had chicken, it was good.",chicken,FOOD#QUALITY,positive,annotated,True,True,True
521916,521916:1,restaurant,"Small servings for main entree, i had salmon (wasnt impressed) girlfriend had chicken, it was good.",servings for main entree,FOOD#GENERAL,negative,annotated,True,True,True
521916,521916:2,restaurant,Dessert is a joke...dont bother,Dessert,FOOD#QUALITY,negative,annotated,True,True,True
527109,527109:0,restaurant,"Volare virgins or weekly regulars, everyone gets treated the same and you can't ask for more than that when the service is this friendly.",service,SERVICE#GENERAL,positive,annotated,True,True,True
527109,527109:1,restaurant,"The restaurant has a Family feel, not least with regard to the portions which are enormous; the veal alone could have single-handedly solved third world famine.",restaurant,AMBIENCE#GENERAL,positive,annotated,True,True,True
527109,527109:1,restaurant,"The restaurant has a Family feel, not least with regard to the portions which are enormous; the veal alone could have single-handedly solved third world famine.",portions,FOOD#STYLE_OPTIONS,positive,annotated,True,True,True
527109,527109:1,restaurant,"The restaurant has a Family feel, not least with regard to the portions which are enormous; the veal alone could have single-handedly solved third world famine.",veal,FOOD#STYLE_OPTIONS,positive,annotated,True,True,True
527109,527109:2,restaurant,"The anti-pasta was excellent, especially the calamari, as were the filling pasta mains.",anti-pasta,FOOD#QUALITY,positive,annotated,True,True,True
527109,527109:2,restaurant,"The anti-pasta was excellent, especially the calamari, as were the filling pasta mains.",calamari,FOOD#QUALITY,positive,annotated,True,True,True
527109,527109:2,restaurant,"The anti-pasta was excellent, especially the calamari, as were the filling pasta mains.",pasta mains,FOOD#QUALITY,positive,annotated,True,True,True
527109,527109:2,restaurant,"The anti-pasta was excellent, especially the calamari, as were the filling pasta mains.",pasta mains,FOOD#STYLE_OPTIONS,positive,annotated,True,True,True
527109,527109:3,restaurant,The wine list is extensive and can easily hike up an otherwise reasonably priced meal.,wine list,DRINKS#STYLE_OPTIONS,positive,annotated,True,True,True
527109,527109:3,restaurant,The wine list is extensive and can easily hike up an otherwise reasonably priced meal.,meal,FOOD#PRICES,positive,annotated,True,True,True
527109,527109:4,restaurant,"Still, any quibbles about the bill were off-set by the pour-your-own measures of liquers which were courtesey of the house...",NULL,RESTAURANT#PRICES,neutral,annotated,True,True,False
527109,527109:4,restaurant,"Still, any quibbles about the bill were off-set by the pour-your-own measures of liquers which were courtesey of the house...",measures of liquers,DRINKS#STYLE_OPTIONS,positive,annotated,True,True,True
528251,528251:0,restaurant,Fantastic place.,place,RESTAURANT#GENERAL,positive,annotated,True,True,True
528251,528251:1,restaurant,Cute and decorative.,NULL,AMBIENCE#GENERAL,positive,annotated,True,True,False
528251,528251:2,restaurant,A pleasant surprise.,NULL,RESTAURANT#GENERAL,positive,annotated,True,True,False
528251,528251:3,restaurant,Go there to relax and feel like your somewhere else.,NULL,AMBIENCE#GENERAL,positive,annotated,True,True,False
530517,530517:0,restaurant,Lucky Strike is a great casual place to just grab a bite to eat.,Lucky Strike,RESTAURANT#GENERAL,positive,annotated,True,True,True
530517,530517:1,restaurant,"Yeah the crowd can take it a bit seriously, but it shouldn't.",,,,non_annotated,False,False,False
530517,530517:2,restaurant,"Great food, great decor, great service.",food,FOOD#QUALITY,positive,annotated,True,True,True
530517,530517:2,restaurant,"Great food, great decor, great service.",decor,AMBIENCE#GENERAL,positive,annotated,True,True,True
530517,530517:2,restaurant,"Great food, great decor, great service.",service,SERVICE#GENERAL,positive,annotated,True,True,True
530517,530517:3,restaurant,I recommend it!,NULL,RESTAURANT#GENERAL,positive,annotated,True,True,False
530517,530517:4,restaurant,Just ignore the trendy wannabes.,,,,non_annotated,False,False,False
535086,535086:0,restaurant,"This is the perfect spot for meeting friends, having lunch, dinner, pre-theatre or after-theatre drinks!",spot,RESTAURANT#MISCELLANEOUS,positive,annotated,True,True,True
535086,535086:1,restaurant,(Always ask the bartender for the SEASONAL beer!!!,SEASONAL beer,DRINKS#QUALITY,positive,annotated,True,True,True
535086,535086:2,restaurant,Guaranteed to be a tasty experience!),NULL,DRINKS#QUALITY,positive,annotated,True,True,False
535086,535086:3,restaurant,Excellent spot for holiday get togethers with co-workers or friends that you haven't seen in a while.,spot,RESTAURANT#MISCELLANEOUS,positive,annotated,True,True,True
535086,535086:4,restaurant,I have been doing all of the above at the Heartland Brewery for over 5 years now and I HAVE NEVER BEEN DISAPPOINTED!,Heartland Brewery,RESTAURANT#GENERAL,positive,annotated,True,True,True
535086,535086:5,restaurant,All the people that I bring there go back on their own and bring THEIR friends!,NULL,RESTAURANT#MISCELLANEOUS,positive,annotated,True,True,False
535086,535086:6,restaurant,Go there once and oh yes...you will go back...you will...,NULL,RESTAURANT#GENERAL,positive,annotated,True,True,False
535171,535171:0,restaurant,What a great place!,place,RESTAURANT#GENERAL,positive,annotated,True,True,True
535171,535171:1,restaurant,Not the typical NYC gimmick theme restaurant.,restaurant,AMBIENCE#GENERAL,positive,annotated,True,True,True
535171,535171:2,restaurant,"A cool bar with great food, and tons of excellent beer.",bar,AMBIENCE#GENERAL,positive,annotated,True,True,True
535171,535171:2,restaurant,"A cool bar with great food, and tons of excellent beer.",food,FOOD#QUALITY,positive,annotated,True,True,True
535171,535171:2,restaurant,"A cool bar with great food, and tons of excellent beer.",beer,DRINKS#QUALITY,positive,annotated,True,True,True
535171,535171:2,restaurant,"A cool bar with great food, and tons of excellent beer.",beer,DRINKS#STYLE_OPTIONS,positive,annotated,True,True,True
535171,535171:3,restaurant,And even with it's Pub atmosphere they were great to my kids too!,NULL,SERVICE#GENERAL,positive,annotated,True,True,False
535171,535171:4,restaurant,Loved it!,NULL,RESTAURANT#GENERAL,positive,annotated,True,True,False
535248,535248:0,restaurant,"Out of the hundreds of Italian restaurants in Queens, this is among the best.",,,,non_annotated,False,False,False
535248,535248:1,restaurant,The shrimp scampi was excellent and the antipasti were plentiful.,shrimp scampi,FOOD#QUALITY,positive,annotated,True,True,True
535248,535248:1,restaurant,The shrimp scampi was excellent and the antipasti were plentiful.,antipasti,FOOD#STYLE_OPTIONS,positive,annotated,True,True,True
535248,535248:2,restaurant,It is expensive but well worth the money.,NULL,RESTAURANT#PRICES,negative,annotated,True,True,False
535248,535248:2,restaurant,It is expensive but well worth the money.,NULL,RESTAURANT#GENERAL,positive,annotated,True,True,False
535248,535248:3,restaurant,"If you venture off the island of Manhattan and can't seem to find a great Italian restaurant, drive to Corona.",Corona,RESTAURANT#GENERAL,positive,annotated,True,True,True
536919,536919:0,restaurant,The only thing more wonderful than the food (which is exceptional) is the service.,food,FOOD#QUALITY,positive,annotated,True,True,True
536919,536919:0,restaurant,The only thing more wonderful than the food (which is exceptional) is the service.,service,SERVICE#GENERAL,positive,annotated,True,True,True
536919,536919:1,restaurant,The only thing the waiters don't do for you is wipe your chin when you leave.,waiters,SERVICE#GENERAL,positive,annotated,True,True,True
536919,536919:2,restaurant,Wonderful at holiday time.,NULL,RESTAURANT#MISCELLANEOUS,positive,annotated,True,True,False
541532,541532:0,restaurant,Cozy romantic atomosphere with only around 15 tables at most.,atomosphere,AMBIENCE#GENERAL,positive,annotated,True,True,True
541532,541532:1,restaurant,Service was very prompt but slightly rushed.,Service,SERVICE#GENERAL,positive,annotated,True,True,True
541532,541532:2,restaurant,"Food was very good, but not what I would consider out of this world.",Food,FOOD#QUALITY,neutral,annotated,True,True,True
541532,541532:3,restaurant,Go here for a romantic dinner but not for an all out wow dining experience.,NULL,AMBIENCE#GENERAL,positive,annotated,True,True,False
541532,541532:3,restaurant,Go here for a romantic dinner but not for an all out wow dining experience.,NULL,RESTAURANT#MISCELLANEOUS,negative,annotated,True,True,False
553097,553097:0,restaurant,My friend from Milan and myself were pleasantly surprised when we arrived and everyone spoke italian.,NULL,RESTAURANT#MISCELLANEOUS,positive,annotated,True,True,False
553097,553097:1,restaurant,Too bad the food wasn't of the same heritage.,food,FOOD#QUALITY,negative,annotated,True,True,True
553097,553097:2,restaurant,"The porcini mushroom pasta special was tasteless, so was the seafood tagliatelle.",porcini mushroom pasta special,FOOD#QUALITY,negative,annotated,True,True,True
553097,553097:2,restaurant,"The porcini mushroom pasta special was tasteless, so was the seafood tagliatelle.",seafood tagliatelle,FOOD#QUALITY,negative,annotated,True,True,True
553097,553097:3,restaurant,A real dissapointment.,NULL,FOOD#QUALITY,negative,annotated,True,True,False
553097,553097:4,restaurant,But that wasn't the icing on the cake: a tiramisu that resembled nothing I have ever had.,tiramisu,FOOD#QUALITY,negative,annotated,True,True,True
553097,553097:5,restaurant,They should have called it mascarpone with chocolate chips-good but a far cry from what the name implies.,NULL,FOOD#QUALITY,negative,annotated,True,True,False
553097,553097:6,restaurant,Priced at upper intermediate range.,NULL,RESTAURANT#PRICES,negative,annotated,True,True,False
555734,555734:0,restaurant,I really liked this place.,place,RESTAURANT#GENERAL,positive,annotated,True,True,True
555734,555734:1,restaurant,"Everything I had was good, and I'm a eater.",NULL,FOOD#QUALITY,positive,annotated,True,True,False
555734,555734:2,restaurant,It was pretty inexpensive too.,NULL,RESTAURANT#PRICES,positive,annotated,True,True,False
558423,558423:0,restaurant,This place has the best Chinese style BBQ ribs in the city.,BBQ ribs,FOOD#QUALITY,positive,annotated,True,True,True
558423,558423:0,restaurant,This place has the best Chinese style BBQ ribs in the city.,BBQ ribs,FOOD#STYLE_OPTIONS,positive,annotated,True,True,True
558423,558423:1,restaurant,I also recommend the rice dishes or the different varieties of congee (rice porridge).,rice dishes,FOOD#QUALITY,positive,annotated,True,True,True
558423,558423:1,restaurant,I also recommend the rice dishes or the different varieties of congee (rice porridge).,congee (rice porridge),FOOD#QUALITY,positive,annotated,True,True,True
558423,558423:2,restaurant,It's great to go for a quick lunch either alone or with a friend.,NULL,RESTAURANT#MISCELLANEOUS,positive,annotated,True,True,False
558423,558423:3,restaurant,It's definately not a place to go if you want to impress someone.,place,RESTAURANT#MISCELLANEOUS,negative,annotated,True,True,True
558423,558423:4,restaurant,"However, if you want great food at a great price and don't mind the decor, you can't beat this place.",food,FOOD#QUALITY,positive,annotated,True,True,True
558423,558423:4,restaurant,"However, if you want great food at a great price and don't mind the decor, you can't beat this place.",decor,AMBIENCE#GENERAL,neutral,annotated,True,True,True
558423,558423:4,restaurant,"However, if you want great food at a great price and don't mind the decor, you can't beat this place.",food,FOOD#PRICES,positive,annotated,True,True,True
558423,558423:5,restaurant,Quick and friendly service.,service,SERVICE#GENERAL,positive,annotated,True,True,True
558423,558423:6,restaurant,This is one of the best comfort food places in the city.,NULL,RESTAURANT#GENERAL,positive,annotated,True,True,False
558423,558423:7,restaurant,It's somewhere you can eat and be happy.,NULL,RESTAURANT#GENERAL,positive,annotated,True,True,False
561054,561054:0,restaurant,"When I'm feeling stressed by the noise and congestion around my office, I head for Cafe St. Bart's.",,,,non_annotated,False,False,False
561054,561054:1,restaurant,"When you're sitting in their main dining room (which has a spectacular, hand-painted high ceiling) you'd never know there was a world outside.",main dining room,AMBIENCE#GENERAL,positive,annotated,True,True,True
561054,561054:1,restaurant,"When you're sitting in their main dining room (which has a spectacular, hand-painted high ceiling) you'd never know there was a world outside.",ceiling,AMBIENCE#GENERAL,positive,annotated,True,True,True
561054,561054:2,restaurant,"The food is wonderful, tasty and filling, and the service is professional and friendly.",food,FOOD#QUALITY,positive,annotated,True,True,True
561054,561054:2,restaurant,"The food is wonderful, tasty and filling, and the service is professional and friendly.",food,FOOD#STYLE_OPTIONS,positive,annotated,True,True,True
561054,561054:2,restaurant,"The food is wonderful, tasty and filling, and the service is professional and friendly.",service,SERVICE#GENERAL,positive,annotated,True,True,True
561054,561054:3,restaurant,"I can't wait for summer, when they serve outside on their gigantic patio.",patio,AMBIENCE#GENERAL,positive,annotated,True,True,True
561054,561054:4,restaurant,Ahhh...,,,,non_annotated,False,False,False
565344,565344:0,restaurant,I recently tried Suan and I thought that it was great.,Suan,RESTAURANT#GENERAL,positive,annotated,True,True,True
565344,565344:1,restaurant,This little place definitely exceeded my expectations and you sure get a lot of food for your money.,food,FOOD#STYLE_OPTIONS,positive,annotated,True,True,True
565344,565344:1,restaurant,This little place definitely exceeded my expectations and you sure get a lot of food for your money.,place,RESTAURANT#GENERAL,positive,annotated,True,True,True
565344,565344:1,restaurant,This little place definitely exceeded my expectations and you sure get a lot of food for your money.,food,FOOD#PRICES,positive,annotated,True,True,True
565344,565344:2,restaurant,The service was fast and friendly and the food was very tasty and they had the best hot sauce to add to your meals.,service,SERVICE#GENERAL,positive,annotated,True,True,True
565344,565344:2,restaurant,The service was fast and friendly and the food was very tasty and they had the best hot sauce to add to your meals.,food,FOOD#QUALITY,positive,annotated,True,True,True
565344,565344:2,restaurant,The service was fast and friendly and the food was very tasty and they had the best hot sauce to add to your meals.,hot sauce,FOOD#QUALITY,positive,annotated,True,True,True
565344,565344:3,restaurant,I have to say that I am pleasantly suprised and I will most likely stop in again if I am in the neighborhood.,NULL,RESTAURANT#GENERAL,positive,annotated,True,True,False
571962,571962:0,restaurant,They all know you.,NULL,SERVICE#GENERAL,positive,annotated,True,True,False
571962,571962:1,restaurant,Good food.,food,FOOD#QUALITY,positive,annotated,True,True,True
571962,571962:2,restaurant,Good drink.,drink,DRINKS#QUALITY,positive,annotated,True,True,True
571962,571962:3,restaurant,How do you rate home?,NULL,RESTAURANT#MISCELLANEOUS,positive,annotated,True,True,False
578016,578016:0,restaurant,I have never had cheescake like this.,cheescake,FOOD#QUALITY,positive,annotated,True,True,True
578016,578016:1,restaurant,I thought I had died and gone to heaven.,NULL,FOOD#QUALITY,positive,annotated,True,True,False
584025,584025:0,restaurant,"Great spot, whether looking for a couple of drinks or quiet dinner.",spot,RESTAURANT#GENERAL,positive,annotated,True,True,True
584025,584025:0,restaurant,"Great spot, whether looking for a couple of drinks or quiet dinner.",spot,RESTAURANT#MISCELLANEOUS,positive,annotated,True,True,True
584025,584025:1,restaurant,Warm and friendly in the winter and terrific outdoor seating in the warmer months.,NULL,AMBIENCE#GENERAL,positive,annotated,True,True,False
584025,584025:1,restaurant,Warm and friendly in the winter and terrific outdoor seating in the warmer months.,outdoor seating,AMBIENCE#GENERAL,positive,annotated,True,True,True
584025,584025:2,restaurant,The food is great and they have a good selecion of wines at reasonable prices.,food,FOOD#QUALITY,positive,annotated,True,True,True
584025,584025:2,restaurant,The food is great and they have a good selecion of wines at reasonable prices.,wines,DRINKS#STYLE_OPTIONS,positive,annotated,True,True,True
584025,584025:2,restaurant,The food is great and they have a good selecion of wines at reasonable prices.,wines,DRINKS#PRICES,positive,annotated,True,True,True
584025,584025:3,restaurant,Have been several times and it never dissapoints.,NULL,RESTAURANT#GENERAL,positive,annotated,True,True,False
608500,608500:0,restaurant,"After hearing a lot of great things about the restaurant, and passing by it on a daily basis, we decided to try.",,,,non_annotated,False,False,False
608500,608500:1,restaurant,We were less than impressed.,NULL,RESTAURANT#GENERAL,negative,annotated,True,True,False
608500,608500:2,restaurant,"While the ambiance and atmosphere were great, the food and service could have been a lot better.",ambiance,AMBIENCE#GENERAL,positive,annotated,True,True,True
608500,608500:2,restaurant,"While the ambiance and atmosphere were great, the food and service could have been a lot better.",atmosphere,AMBIENCE#GENERAL,positive,annotated,True,True,True
608500,608500:2,restaurant,"While the ambiance and atmosphere were great, the food and service could have been a lot better.",food,FOOD#QUALITY,negative,annotated,True,True,True
608500,608500:2,restaurant,"While the ambiance and atmosphere were great, the food and service could have been a lot better.",service,SERVICE#GENERAL,negative,annotated,True,True,True
608500,608500:3,restaurant,"We ordered the chicken casserole, but what we got were a few small pieces of chicken, all dark meat and on the bone.",chicken casserole,FOOD#QUALITY,negative,annotated,True,True,True
608500,608500:3,restaurant,"We ordered the chicken casserole, but what we got were a few small pieces of chicken, all dark meat and on the bone.",chicken casserole,FOOD#STYLE_OPTIONS,negative,annotated,True,True,True
608500,608500:4,restaurant,Probably would not go again...,NULL,RESTAURANT#GENERAL,negative,annotated,True,True,False
610611,610611:0,restaurant,"i've been to sapphire twice and both times the food was fine, if not good.",food,FOOD#QUALITY,positive,annotated,True,True,True
610611,610611:1,restaurant,"stick with the chicken, beef, and lamb dishes.",chicken,FOOD#QUALITY,positive,annotated,True,True,True
610611,610611:1,restaurant,"stick with the chicken, beef, and lamb dishes.",beef,FOOD#QUALITY,positive,annotated,True,True,True
610611,610611:1,restaurant,"stick with the chicken, beef, and lamb dishes.",lamb dishes,FOOD#QUALITY,positive,annotated,True,True,True
610611,610611:2,restaurant,i don't usually order wine with indian so i can't comment on their wine list or their wines.,,,,non_annotated,False,False,False
610611,610611:3,restaurant,instead ordered an ice cold beer which to me works with indian.,,,,non_annotated,False,False,False
610611,610611:4,restaurant,"service is friendly, and never had a problem walking in and getting a table.",service,SERVICE#GENERAL,positive,annotated,True,True,True
610611,610611:4,restaurant,"service is friendly, and never had a problem walking in and getting a table.",NULL,RESTAURANT#MISCELLANEOUS,positive,annotated,True,True,False
610611,610611:5,restaurant,i would recommend reservations on weekends though.,,,,non_annotated,False,False,False
610611,610611:6,restaurant,skip dessert.,dessert,FOOD#QUALITY,negative,annotated,True,True,True
611117,611117:0,restaurant,Best Reuben sandwich ever!,Reuben sandwich,FOOD#QUALITY,positive,annotated,True,True,True
611117,611117:1,restaurant,A classic!,NULL,FOOD#QUALITY,positive,annotated,True,True,False
611117,611117:2,restaurant,Don't miss Bloom's on your next trip to Manhatten.,Bloom's,RESTAURANT#GENERAL,positive,annotated,True,True,True
611117,611117:3,restaurant,"It was the first place we ate on our first trip to New York, and it will be the last place we stop as we head out of town on our next trip to New York.",place,RESTAURANT#MISCELLANEOUS,positive,annotated,True,True,True
611117,611117:4,restaurant,Thanks Bloom's for a lovely trip.,Bloom's,RESTAURANT#GENERAL,positive,annotated,True,True,True
615180,615180:0,restaurant,"As a fan of Thai, I have tried quite a few different restaurants in NYC and this one was definitely the worst.",,,,non_annotated,False,False,False
615180,615180:1,restaurant,"The food was not fresh, the sauces were bland and very oily.",food,FOOD#QUALITY,negative,annotated,True,True,True
615180,615180:1,restaurant,"The food was not fresh, the sauces were bland and very oily.",sauces,FOOD#QUALITY,negative,annotated,True,True,True
615180,615180:2,restaurant,It just wasn't Thai.,NULL,FOOD#QUALITY,negative,annotated,True,True,False
620892,620892:0,restaurant,Went to Ottimo and was expecting outstanding pizza (as I love La Pizza Fresca).,,,,non_annotated,False,False,False
620892,620892:1,restaurant,Was surprisingly disappointed.,NULL,FOOD#QUALITY,negative,annotated,True,True,False
620892,620892:2,restaurant,Pizza was a little soggy.,Pizza,FOOD#QUALITY,negative,annotated,True,True,True
620892,620892:3,restaurant,Ravioli was good...but I have to say that I found everything a bit overpriced.,Ravioli,FOOD#QUALITY,positive,annotated,True,True,True
620892,620892:3,restaurant,Ravioli was good...but I have to say that I found everything a bit overpriced.,NULL,FOOD#PRICES,negative,annotated,True,True,False
620892,620892:4,restaurant,Not enough wines by the glass either.,wines by the glass,DRINKS#STYLE_OPTIONS,negative,annotated,True,True,True
620892,620892:5,restaurant,"Service, however, was excellent...and I liked the setting/atmosphere a lot.",Service,SERVICE#GENERAL,positive,annotated,True,True,True
620892,620892:5,restaurant,"Service, however, was excellent...and I liked the setting/atmosphere a lot.",setting/atmosphere,AMBIENCE#GENERAL,positive,annotated,True,True,True
620892,620892:6,restaurant,"Food was just average...if they lowered the prices just a bit, it would be a bigger draw.",Food,FOOD#QUALITY,neutral,annotated,True,True,True
620892,620892:6,restaurant,"Food was just average...if they lowered the prices just a bit, it would be a bigger draw.",NULL,RESTAURANT#PRICES,negative,annotated,True,True,False
624715,624715:0,restaurant,This place is a great bargain.,place,RESTAURANT#PRICES,positive,annotated,True,True,True
624715,624715:1,restaurant,Authentic Pakistani food.,Pakistani food,FOOD#QUALITY,positive,annotated,True,True,True
624715,624715:2,restaurant,People are always friendly.,People,SERVICE#GENERAL,positive,annotated,True,True,True
624715,624715:3,restaurant,Don't waste money on decor.,,,,non_annotated,False,False,False
624715,624715:4,restaurant,"Just straight up cheap, good food.",food,FOOD#QUALITY,positive,annotated,True,True,True
624715,624715:4,restaurant,"Just straight up cheap, good food.",food,FOOD#PRICES,positive,annotated,True,True,True
626269,626269:0,restaurant,Faan is sooo good.,Faan,RESTAURANT#GENERAL,positive,annotated,True,True,True
626269,626269:1,restaurant,The best pad thai i've ever had.,pad thai,FOOD#QUALITY,positive,annotated,True,True,True
626269,626269:2,restaurant,The design and atmosphere is just as good.,design,AMBIENCE#GENERAL,positive,annotated,True,True,True
626269,626269:2,restaurant,The design and atmosphere is just as good.,atmosphere,AMBIENCE#GENERAL,positive,annotated,True,True,True
626269,626269:3,restaurant,bottles of wine are cheap and good.,bottles of wine,DRINKS#PRICES,positive,annotated,True,True,True
626269,626269:3,restaurant,bottles of wine are cheap and good.,bottles of wine,DRINKS#QUALITY,positive,annotated,True,True,True
626269,626269:4,restaurant,What more could you want?,NULL,RESTAURANT#GENERAL,positive,annotated,True,True,False
630914,630914:0,restaurant,The food was actually aweful.,food,FOOD#QUALITY,negative,annotated,True,True,True
630914,630914:1,restaurant,I'm not picky - but it was actually gross.,NULL,FOOD#QUALITY,negative,annotated,True,True,False
630914,630914:2,restaurant,"The mussles were the fishiest things I've ever tasted, the seabass was bland, the goat cheese salad was missing the goat cheese, the penne w/ chicken had bones in it... It was disgusting.",mussles,FOOD#QUALITY,negative,annotated,True,True,True
630914,630914:2,restaurant,"The mussles were the fishiest things I've ever tasted, the seabass was bland, the goat cheese salad was missing the goat cheese, the penne w/ chicken had bones in it... It was disgusting.",seabass,FOOD#QUALITY,negative,annotated,True,True,True
630914,630914:2,restaurant,"The mussles were the fishiest things I've ever tasted, the seabass was bland, the goat cheese salad was missing the goat cheese, the penne w/ chicken had bones in it... It was disgusting.",goat cheese salad,FOOD#QUALITY,negative,annotated,True,True,True
630914,630914:2,restaurant,"The mussles were the fishiest things I've ever tasted, the seabass was bland, the goat cheese salad was missing the goat cheese, the penne w/ chicken had bones in it... It was disgusting.",penne w/ chicken,FOOD#QUALITY,negative,annotated,True,True,True
630914,630914:2,restaurant,"The mussles were the fishiest things I've ever tasted, the seabass was bland, the goat cheese salad was missing the goat cheese, the penne w/ chicken had bones in it... It was disgusting.",NULL,FOOD#QUALITY,negative,annotated,True,True,False
630914,630914:3,restaurant,"Nice atmosphere, the service was very pleasant and the desert was good.",atmosphere,AMBIENCE#GENERAL,positive,annotated,True,True,True
630914,630914:3,restaurant,"Nice atmosphere, the service was very pleasant and the desert was good.",service,SERVICE#GENERAL,positive,annotated,True,True,True
630914,630914:3,restaurant,"Nice atmosphere, the service was very pleasant and the desert was good.",desert,FOOD#QUALITY,positive,annotated,True,True,True
630914,630914:4,restaurant,Wouldn't recomend it for dinner!,NULL,RESTAURANT#GENERAL,negative,annotated,True,True,False
632121,632121:0,restaurant,This is the perfect date spot for Williamsburg couples.,NULL,RESTAURANT#MISCELLANEOUS,positive,annotated,True,True,False
632121,632121:1,restaurant,The jukebox plays everything from Italian Opera to The Strokes.,jukebox,AMBIENCE#GENERAL,positive,annotated,True,True,True
632121,632121:2,restaurant,"The food is amazing, rich pastas and fresh doughy pizza.",food,FOOD#QUALITY,positive,annotated,True,True,True
632121,632121:2,restaurant,"The food is amazing, rich pastas and fresh doughy pizza.",pastas,FOOD#STYLE_OPTIONS,positive,annotated,True,True,True
632121,632121:2,restaurant,"The food is amazing, rich pastas and fresh doughy pizza.",pizza,FOOD#QUALITY,positive,annotated,True,True,True
632121,632121:3,restaurant,"Best of all is the warm vibe, the owner is super friendly and service is fast.",vibe,AMBIENCE#GENERAL,positive,annotated,True,True,True
632121,632121:3,restaurant,"Best of all is the warm vibe, the owner is super friendly and service is fast.",owner,SERVICE#GENERAL,positive,annotated,True,True,True
632121,632121:3,restaurant,"Best of all is the warm vibe, the owner is super friendly and service is fast.",service,SERVICE#GENERAL,positive,annotated,True,True,True
632121,632121:4,restaurant,"If only they delivered, they'd make a mint!",NULL,RESTAURANT#MISCELLANEOUS,neutral,annotated,True,True,False
657129,657129:0,restaurant,go here for the drinks!,drinks,DRINKS#QUALITY,positive,annotated,True,True,True
657129,657129:1,restaurant,esp. during happy hour!,,,,non_annotated,False,False,False
657129,657129:2,restaurant,enough said!,,,,non_annotated,False,False,False
657129,657129:3,restaurant,the drinks are amazing and half off till 8pm.,drinks,DRINKS#QUALITY,positive,annotated,True,True,True
657129,657129:3,restaurant,the drinks are amazing and half off till 8pm.,drinks,DRINKS#PRICES,positive,annotated,True,True,True
657129,657129:4,restaurant,"Ask for Usha, the nicest bartender in manhattan.",Usha,SERVICE#GENERAL,positive,annotated,True,True,True
657129,657129:5,restaurant,My fav was the sassy lassi...,sassy lassi,DRINKS#QUALITY,positive,annotated,True,True,True
680345,680345:0,restaurant,This is an amazing place to try some roti rolls.,roti rolls,FOOD#QUALITY,positive,annotated,True,True,True
680345,680345:1,restaurant,I really recommend the very simple Unda (Egg) rolls.,Unda (Egg) rolls,FOOD#QUALITY,positive,annotated,True,True,True
680345,680345:2,restaurant,"Delicate spices, onions, eggs and a kick-ass roti.",spices,FOOD#QUALITY,positive,annotated,True,True,True
680345,680345:2,restaurant,"Delicate spices, onions, eggs and a kick-ass roti.",onions,FOOD#QUALITY,positive,annotated,True,True,True
680345,680345:2,restaurant,"Delicate spices, onions, eggs and a kick-ass roti.",eggs,FOOD#QUALITY,positive,annotated,True,True,True
680345,680345:2,restaurant,"Delicate spices, onions, eggs and a kick-ass roti.",roti,FOOD#QUALITY,positive,annotated,True,True,True
680345,680345:3,restaurant,Amazing!,NULL,FOOD#QUALITY,positive,annotated,True,True,False
680390,680390:0,restaurant,"Toons has recently been redone, so it's now a very attractive space.",Toons,AMBIENCE#GENERAL,positive,annotated,True,True,True
680390,680390:1,restaurant,The food's as good as ever.,food,FOOD#QUALITY,positive,annotated,True,True,True
680390,680390:2,restaurant,"In an area sadly lacking in decent Thai food, this is one of the best spots.",Thai food,FOOD#QUALITY,positive,annotated,True,True,True
682250,682250:0,restaurant,"Went here last night - nice decor, good service, but the food was surprisingly excellent.",decor,AMBIENCE#GENERAL,positive,annotated,True,True,True
682250,682250:0,restaurant,"Went here last night - nice decor, good service, but the food was surprisingly excellent.",service,SERVICE#GENERAL,positive,annotated,True,True,True
682250,682250:0,restaurant,"Went here last night - nice decor, good service, but the food was surprisingly excellent.",food,FOOD#QUALITY,positive,annotated,True,True,True
682250,682250:1,restaurant,"The portions are HUGE, so it might be good to order three things to split (rather than one appetizer and entree per person) for two people.",portions,FOOD#STYLE_OPTIONS,neutral,annotated,True,True,True
682250,682250:2,restaurant,"Among all of the new 5th avenue restaurants, this offers by far one of the best values for your money.",,,,non_annotated,False,False,False
682250,682250:3,restaurant,Can't wait to go back.,NULL,RESTAURANT#GENERAL,positive,annotated,True,True,False
682391,682391:0,restaurant,Best drumsticks over rice and sour spicy soup in town!,drumsticks over rice,FOOD#QUALITY,positive,annotated,True,True,True
682391,682391:0,restaurant,Best drumsticks over rice and sour spicy soup in town!,sour spicy soup,FOOD#QUALITY,positive,annotated,True,True,True
682391,682391:1,restaurant,Beef noodle soup is good as well.,Beef noodle soup,FOOD#QUALITY,positive,annotated,True,True,True
682391,682391:2,restaurant,The service is good and the resturant is clean.,service,SERVICE#GENERAL,positive,annotated,True,True,True
682391,682391:2,restaurant,The service is good and the resturant is clean.,resturant,AMBIENCE#GENERAL,positive,annotated,True,True,True
682391,682391:3,restaurant,Best Taiwanese food in NY!,Taiwanese food,FOOD#QUALITY,positive,annotated,True,True,True
707917,707917:0,restaurant,I have been to Rao's probably 15 times the past 3 years and it keeps getting better.,Rao's,RESTAURANT#GENERAL,positive,annotated,True,True,True
707917,707917:1,restaurant,"For those that go once and don't enjoy it, all I can say is that they just don't get it.",NULL,RESTAURANT#MISCELLANEOUS,positive,annotated,True,True,False
707917,707917:2,restaurant,Rao's has the best service and atmosphere in NYC.,service,SERVICE#GENERAL,positive,annotated,True,True,True
707917,707917:2,restaurant,Rao's has the best service and atmosphere in NYC.,atmosphere,AMBIENCE#GENERAL,positive,annotated,True,True,True
707917,707917:3,restaurant,Good luck getting a table.,NULL,RESTAURANT#MISCELLANEOUS,negative,annotated,True,True,False
709294,709294:0,restaurant,My roommate and I LOVE this place.,place,RESTAURANT#GENERAL,positive,annotated,True,True,True
709294,709294:1,restaurant,"We recently decided to try this location, and to our delight, they have outdoor seating, perfect since I had my yorkie with me.",outdoor seating,AMBIENCE#GENERAL,positive,annotated,True,True,True
709294,709294:2,restaurant,Indoor was very cozy and cute.,Indoor,AMBIENCE#GENERAL,positive,annotated,True,True,True
709294,709294:3,restaurant,"The portion sizes here are huge, and the sushi is good.",portion sizes,FOOD#STYLE_OPTIONS,positive,annotated,True,True,True
709294,709294:3,restaurant,"The portion sizes here are huge, and the sushi is good.",sushi,FOOD#QUALITY,positive,annotated,True,True,True
709294,709294:4,restaurant,"While it's not Nobu, it sure is a great deal and you definitely will leave feeling satisfied and full.",,,,non_annotated,False,False,False
709294,709294:5,restaurant,Staff is very accomodating.,Staff,SERVICE#GENERAL,positive,annotated,True,True,True
713152,713152:0,restaurant,"Excellent dumplings served amid clean, chic decor.",dumplings,FOOD#QUALITY,positive,annotated,True,True,True
713152,713152:0,restaurant,"Excellent dumplings served amid clean, chic decor.",decor,AMBIENCE#GENERAL,positive,annotated,True,True,True
713152,713152:1,restaurant,"I got the $10 10-piece dim sum combo, every bite of which was great.",$10 10-piece dim sum combo,FOOD#QUALITY,positive,annotated,True,True,True
713152,713152:2,restaurant,But $1 for each small piece???,NULL,FOOD#PRICES,negative,annotated,True,True,False
713152,713152:3,restaurant,Not worth it.,NULL,FOOD#PRICES,negative,annotated,True,True,False
713152,713152:4,restaurant,I won't go back unless someone else is footing the bill.,NULL,RESTAURANT#PRICES,negative,annotated,True,True,False
717570,717570:0,restaurant,I came here with my boyfriend for our anniversary because it was highly recommended to him by a friend.,,,,non_annotated,False,False,False
717570,717570:1,restaurant,The decor is very simple but comfortable.,decor,AMBIENCE#GENERAL,positive,annotated,True,True,True
717570,717570:2,restaurant,The food was delicious but do not come here on a empty stomach.,food,FOOD#QUALITY,positive,annotated,True,True,True
717570,717570:2,restaurant,The food was delicious but do not come here on a empty stomach.,food,FOOD#STYLE_OPTIONS,negative,annotated,True,True,True
717570,717570:3,restaurant,The portions are small but being that the food was so good makes up for that.,portions,FOOD#STYLE_OPTIONS,negative,annotated,True,True,True
717570,717570:3,restaurant,The portions are small but being that the food was so good makes up for that.,food,FOOD#QUALITY,positive,annotated,True,True,True
717570,717570:4,restaurant,You must have the crabmeat lasagna which is out of this world and the chocolate bread pudding for dessert.,crabmeat lasagna,FOOD#QUALITY,positive,annotated,True,True,True
717570,717570:4,restaurant,You must have the crabmeat lasagna which is out of this world and the chocolate bread pudding for dessert.,chocolate bread pudding,FOOD#QUALITY,positive,annotated,True,True,True
717570,717570:5,restaurant,The staff there is very attentive and down to earth.,staff,SERVICE#GENERAL,positive,annotated,True,True,True
717570,717570:6,restaurant,I loved it and would go again.,NULL,RESTAURANT#GENERAL,positive,annotated,True,True,False
720418,720418:0,restaurant,Great Indian food and the service is incredible.,Indian food,FOOD#QUALITY,positive,annotated,True,True,True
720418,720418:0,restaurant,Great Indian food and the service is incredible.,service,SERVICE#GENERAL,positive,annotated,True,True,True
720418,720418:1,restaurant,The owner truly caters to all your needs.,owner,SERVICE#GENERAL,positive,annotated,True,True,True
720418,720418:2,restaurant,"When family came in he gave them apps to test their palets, and then ordered for them.",NULL,SERVICE#GENERAL,positive,annotated,True,True,False
720418,720418:3,restaurant,Everyone was more then happy with his choices.,NULL,SERVICE#GENERAL,positive,annotated,True,True,False
720418,720418:4,restaurant,Great food and the prices are very reasonable.,food,FOOD#QUALITY,positive,annotated,True,True,True
720418,720418:4,restaurant,Great food and the prices are very reasonable.,NULL,RESTAURANT#PRICES,positive,annotated,True,True,False
720620,720620:0,restaurant,"Obviously the Chinese translation of this place does not mean Big Wong, it actually means Great Prosperity.",,,,non_annotated,False,False,False
720620,720620:1,restaurant,The food here does a great service to the name (Cantonese that is...).,food,FOOD#QUALITY,positive,annotated,True,True,True
720620,720620:2,restaurant,I fell in love with the egg noodles in the beef broth with shrimp dumplings and slices of BBQ roast pork.,egg noodles in the beef broth with shrimp dumplings and slices of BBQ roast pork,FOOD#QUALITY,positive,annotated,True,True,True
720620,720620:3,restaurant,This dish is my favorite and I always get it when I go there and never get tired of it.,dish,FOOD#QUALITY,positive,annotated,True,True,True
720620,720620:4,restaurant,"Try the congee and the donut like deep fried dough they call Ow Ley Soh, a delicious and sweet tasting bread.",congee,FOOD#QUALITY,positive,annotated,True,True,True
720620,720620:4,restaurant,"Try the congee and the donut like deep fried dough they call Ow Ley Soh, a delicious and sweet tasting bread.",Ow Ley Soh,FOOD#QUALITY,positive,annotated,True,True,True
720620,720620:5,restaurant,Simply some good tasting Chinese food at incredible prices...,Chinese food,FOOD#QUALITY,positive,annotated,True,True,True
720620,720620:5,restaurant,Simply some good tasting Chinese food at incredible prices...,Chinese food,FOOD#PRICES,positive,annotated,True,True,True
720620,720620:6,restaurant,Service is not what you are coming here for...,Service,SERVICE#GENERAL,negative,annotated,True,True,True
720620,720620:7,restaurant,Just make sure my ice water is kept full and my tea kettle filled with piping hot tea and that's all the service I need...,,,,non_annotated,False,False,False
720620,720620:8,restaurant,Big Wong is a great place to eat and fill your stomach.,Big Wong,RESTAURANT#GENERAL,positive,annotated,True,True,True
735448,735448:0,restaurant,this place... we stumbled upon it on labor day weekend.,,,,non_annotated,False,False,False
735448,735448:1,restaurant,"whoever the jazz duo was, they were on POINT.",jazz duo,AMBIENCE#GENERAL,positive,annotated,True,True,True
735448,735448:2,restaurant,"good music, great food, speedy service affordable prices.",music,AMBIENCE#GENERAL,positive,annotated,True,True,True
735448,735448:2,restaurant,"good music, great food, speedy service affordable prices.",food,FOOD#QUALITY,positive,annotated,True,True,True
735448,735448:2,restaurant,"good music, great food, speedy service affordable prices.",service,SERVICE#GENERAL,positive,annotated,True,True,True
735448,735448:2,restaurant,"good music, great food, speedy service affordable prices.",NULL,RESTAURANT#PRICES,positive,annotated,True,True,False
735448,735448:3,restaurant,even the wine by the glass was good.,wine by the glass,DRINKS#QUALITY,positive,annotated,True,True,True
735448,735448:4,restaurant,"its a little out of the way if you don't live in the neighborhood, but definitely worth the trip from wherever you are.",NULL,LOCATION#GENERAL,negative,annotated,True,True,False
735448,735448:4,restaurant,"its a little out of the way if you don't live in the neighborhood, but definitely worth the trip from wherever you are.",NULL,RESTAURANT#GENERAL,positive,annotated,True,True,False
737999,737999:0,restaurant,Consistently good Japanese Tapas.,Japanese Tapas,FOOD#QUALITY,positive,annotated,True,True,True
737999,737999:1,restaurant,"Same owner as the guy who owns Typhoon, which is just down the street on St. Marks and 1st Ave.",,,,non_annotated,False,False,False
737999,737999:2,restaurant,Always good drinks and service is pretty good;,drinks,DRINKS#QUALITY,positive,annotated,True,True,True
737999,737999:2,restaurant,Always good drinks and service is pretty good;,service,SERVICE#GENERAL,positive,annotated,True,True,True
737999,737999:3,restaurant,Atmosphere is nice and relaxed too...,Atmosphere,AMBIENCE#GENERAL,positive,annotated,True,True,True
737999,737999:4,restaurant,A great place to meet up for some food and drinks...,place,RESTAURANT#MISCELLANEOUS,positive,annotated,True,True,True
737999,737999:5,restaurant,Yakitori (bbq meats) is tasty too.,Yakitori (bbq meats),FOOD#QUALITY,positive,annotated,True,True,True
737999,737999:6,restaurant,"It's also attached to Angel's Share, which is a cool, more romantic bar...",,,,non_annotated,False,False,False
740923,740923:0,restaurant,Just moved to the neighborhood and we've been trying all the West Village Sushi restaurants.,,,,non_annotated,False,False,False
740923,740923:1,restaurant,"If you don't mind pre-sliced low quality fish, unfriendly staff and a sushi chef that looks like he is miserable then this is your place.",fish,FOOD#QUALITY,negative,annotated,True,True,True
740923,740923:1,restaurant,"If you don't mind pre-sliced low quality fish, unfriendly staff and a sushi chef that looks like he is miserable then this is your place.",staff,SERVICE#GENERAL,negative,annotated,True,True,True
740923,740923:1,restaurant,"If you don't mind pre-sliced low quality fish, unfriendly staff and a sushi chef that looks like he is miserable then this is your place.",sushi chef,RESTAURANT#MISCELLANEOUS,negative,annotated,True,True,True
740923,740923:2,restaurant,Price and quality of fish alone will keep us from making a return visit.,fish,FOOD#PRICES,negative,annotated,True,True,True
740923,740923:2,restaurant,Price and quality of fish alone will keep us from making a return visit.,fish,FOOD#QUALITY,negative,annotated,True,True,True
740923,740923:2,restaurant,Price and quality of fish alone will keep us from making a return visit.,NULL,RESTAURANT#GENERAL,negative,annotated,True,True,False
740923,740923:3,restaurant,Wasn't going to share but I feel obligated...while sitting at the sushi bar dining we watched the chef accidentally drop a piece of Unagi on the floor and upon retrieving it from the floor proceed to use the piece in the delivery order he was preparing.,chef,FOOD#QUALITY,negative,annotated,True,True,True
740923,740923:4,restaurant,No thanks!!!,NULL,RESTAURANT#GENERAL,negative,annotated,True,True,False
744478,744478:0,restaurant,"This place, which is only a few months old, is perhaps Queens' biggest secret!",place,RESTAURANT#GENERAL,positive,annotated,True,True,True
744478,744478:1,restaurant,"Fabulous decor - makes you feel like you're in a trendy Manhattan restaurant, very very good food, cheaply-priced, generally friendly staff, and if you're a Manhattanite, or spend most of your time in Manhattan, Rice Avenue will make you feel at home.....very Soho/Village/Upper West Side minus the expensive prices and pretentious clientele.....all on Roosevelt Avenue!",decor,AMBIENCE#GENERAL,positive,annotated,True,True,True
744478,744478:1,restaurant,"Fabulous decor - makes you feel like you're in a trendy Manhattan restaurant, very very good food, cheaply-priced, generally friendly staff, and if you're a Manhattanite, or spend most of your time in Manhattan, Rice Avenue will make you feel at home.....very Soho/Village/Upper West Side minus the expensive prices and pretentious clientele.....all on Roosevelt Avenue!",food,FOOD#QUALITY,positive,annotated,True,True,True
744478,744478:1,restaurant,"Fabulous decor - makes you feel like you're in a trendy Manhattan restaurant, very very good food, cheaply-priced, generally friendly staff, and if you're a Manhattanite, or spend most of your time in Manhattan, Rice Avenue will make you feel at home.....very Soho/Village/Upper West Side minus the expensive prices and pretentious clientele.....all on Roosevelt Avenue!",food,FOOD#PRICES,positive,annotated,True,True,True
744478,744478:1,restaurant,"Fabulous decor - makes you feel like you're in a trendy Manhattan restaurant, very very good food, cheaply-priced, generally friendly staff, and if you're a Manhattanite, or spend most of your time in Manhattan, Rice Avenue will make you feel at home.....very Soho/Village/Upper West Side minus the expensive prices and pretentious clientele.....all on Roosevelt Avenue!",staff,SERVICE#GENERAL,positive,annotated,True,True,True
744478,744478:1,restaurant,"Fabulous decor - makes you feel like you're in a trendy Manhattan restaurant, very very good food, cheaply-priced, generally friendly staff, and if you're a Manhattanite, or spend most of your time in Manhattan, Rice Avenue will make you feel at home.....very Soho/Village/Upper West Side minus the expensive prices and pretentious clientele.....all on Roosevelt Avenue!",Rice Avenue,AMBIENCE#GENERAL,positive,annotated,True,True,True
744478,744478:1,restaurant,"Fabulous decor - makes you feel like you're in a trendy Manhattan restaurant, very very good food, cheaply-priced, generally friendly staff, and if you're a Manhattanite, or spend most of your time in Manhattan, Rice Avenue will make you feel at home.....very Soho/Village/Upper West Side minus the expensive prices and pretentious clientele.....all on Roosevelt Avenue!",Rice Avenue,LOCATION#GENERAL,positive,annotated,True,True,True
744478,744478:1,restaurant,"Fabulous decor - makes you feel like you're in a trendy Manhattan restaurant, very very good food, cheaply-priced, generally friendly staff, and if you're a Manhattanite, or spend most of your time in Manhattan, Rice Avenue will make you feel at home.....very Soho/Village/Upper West Side minus the expensive prices and pretentious clientele.....all on Roosevelt Avenue!",Rice Avenue,RESTAURANT#PRICES,positive,annotated,True,True,True
746254,746254:0,restaurant,We were seated outside and the waiter spilled red wine and hot tea on myself and my date.,waiter,SERVICE#GENERAL,negative,annotated,True,True,True
746254,746254:1,restaurant,We were then shooed inside.,NULL,SERVICE#GENERAL,negative,annotated,True,True,False
746254,746254:2,restaurant,"One would think we'd get an apology or complimentary drinks - instead, we got a snobby waiter wouldn't even take our order for 15 minutes and gave us lip when we asked him to do so.",waiter,SERVICE#GENERAL,negative,annotated,True,True,True
746254,746254:3,restaurant,"We left, never to return.",NULL,RESTAURANT#GENERAL,negative,annotated,True,True,False
746254,746254:4,restaurant,"With so many good restaurants on the UWS, I don't need overpriced food, absurdly arrogant wait-staff who don't recognize they work at a glorified diner, clumsy service, and management that doesn't care.",food,FOOD#PRICES,negative,annotated,True,True,True
746254,746254:4,restaurant,"With so many good restaurants on the UWS, I don't need overpriced food, absurdly arrogant wait-staff who don't recognize they work at a glorified diner, clumsy service, and management that doesn't care.",wait-staff,SERVICE#GENERAL,negative,annotated,True,True,True
746254,746254:4,restaurant,"With so many good restaurants on the UWS, I don't need overpriced food, absurdly arrogant wait-staff who don't recognize they work at a glorified diner, clumsy service, and management that doesn't care.",service,SERVICE#GENERAL,negative,annotated,True,True,True
746254,746254:4,restaurant,"With so many good restaurants on the UWS, I don't need overpriced food, absurdly arrogant wait-staff who don't recognize they work at a glorified diner, clumsy service, and management that doesn't care.",management,SERVICE#GENERAL,negative,annotated,True,True,True
751493,751493:0,restaurant,I am relatively new to the area and tried Pick a bgel on 2nd and was disappointed with the service and I thought the food was overated and on the pricey side.,service,SERVICE#GENERAL,negative,annotated,True,True,True
751493,751493:0,restaurant,I am relatively new to the area and tried Pick a bgel on 2nd and was disappointed with the service and I thought the food was overated and on the pricey side.,food,FOOD#PRICES,negative,annotated,True,True,True
751493,751493:0,restaurant,I am relatively new to the area and tried Pick a bgel on 2nd and was disappointed with the service and I thought the food was overated and on the pricey side.,food,FOOD#QUALITY,negative,annotated,True,True,True
751493,751493:1,restaurant,If you are in the area try The Bagel Shoppe on 74th street which is 3 blocks away on 2nd Ave.,,,,non_annotated,False,False,False
751493,751493:2,restaurant,"Great bagels, spreads and a good place to hang out in.",,,,non_annotated,False,False,False
754495,754495:0,restaurant,You fellas above says its the best Taiwanese restaurant in town.,,,,non_annotated,False,False,False
754495,754495:1,restaurant,However it is the ONLY Taiwanese restaurant in town.,,,,non_annotated,False,False,False
754495,754495:2,restaurant,The food is okay and the prices here are mediocre.,food,FOOD#QUALITY,neutral,annotated,True,True,True
754495,754495:2,restaurant,The food is okay and the prices here are mediocre.,NULL,RESTAURANT#PRICES,neutral,annotated,True,True,False
754495,754495:3,restaurant,You can't say its cheap because food is cheaper in Chinatown.,,,,non_annotated,False,False,False
754495,754495:4,restaurant,"They're are better Taiwanese restaurants and they are located in Flushing, Queens.",,,,non_annotated,False,False,False
757762,757762:0,restaurant,Baluchi's has solid food and a nice decor at reasonable prices.,food,FOOD#QUALITY,positive,annotated,True,True,True
757762,757762:0,restaurant,Baluchi's has solid food and a nice decor at reasonable prices.,decor,AMBIENCE#GENERAL,positive,annotated,True,True,True
757762,757762:0,restaurant,Baluchi's has solid food and a nice decor at reasonable prices.,Baluchi's,RESTAURANT#PRICES,positive,annotated,True,True,True
757762,757762:1,restaurant,The only problem is that the manager is a complete incompetent.,manager,SERVICE#GENERAL,negative,annotated,True,True,True
757762,757762:2,restaurant,He offers subpar service and has no personality.,service,SERVICE#GENERAL,negative,annotated,True,True,True
757762,757762:3,restaurant,"In fact, it appears he is going to go postal at any moment.",NULL,SERVICE#GENERAL,negative,annotated,True,True,False
757762,757762:4,restaurant,Skip this location and go to the one in Soho.,,,,non_annotated,False,False,False
757762,757762:5,restaurant,There is no excuse for such lousy service!,service,SERVICE#GENERAL,negative,annotated,True,True,True
758263,758263:0,restaurant,I have never before eaten 40 pieces of relatively good nigiri.,nigiri,FOOD#QUALITY,neutral,annotated,True,True,True
758263,758263:1,restaurant,Stuffing yourself with Japanese food is a rare thing.,,,,non_annotated,False,False,False
758263,758263:2,restaurant,You can do it here.,NULL,FOOD#STYLE_OPTIONS,positive,annotated,True,True,False
758263,758263:3,restaurant,$20 for all you can eat sushi cannot be beaten.,all you can eat sushi,FOOD#PRICES,positive,annotated,True,True,True
759781,759781:0,restaurant,"I went to Areo on a Sunday afternoon with four of my girlfriends, and spent three enjoyable hours there.",Areo,RESTAURANT#GENERAL,positive,annotated,True,True,True
759781,759781:1,restaurant,"The restaurant was packed at first, so we waited at the bar for about 20 minutes before we were seated.",,,,non_annotated,False,False,False
759781,759781:2,restaurant,"Most of the servers are very attentive, friendly and quite attractive.",servers,SERVICE#GENERAL,positive,annotated,True,True,True
759781,759781:3,restaurant,"The atmosphere was mostly of an older crowd, but there were a few groups of mid 20's/30 year olds also.",,,,non_annotated,False,False,False
759781,759781:4,restaurant,"The vibe is very relaxed and cozy, service was great and the food was excellent!",vibe,AMBIENCE#GENERAL,positive,annotated,True,True,True
759781,759781:4,restaurant,"The vibe is very relaxed and cozy, service was great and the food was excellent!",service,SERVICE#GENERAL,positive,annotated,True,True,True
759781,759781:4,restaurant,"The vibe is very relaxed and cozy, service was great and the food was excellent!",food,FOOD#QUALITY,positive,annotated,True,True,True
759781,759781:5,restaurant,Me and my girls will definitely go back.,NULL,RESTAURANT#GENERAL,positive,annotated,True,True,False
773720,773720:0,restaurant,Food was good and the view of the new york city skiline was terrific even on a foggy rainy day like that of when I went.,Food,FOOD#QUALITY,positive,annotated,True,True,True
773720,773720:0,restaurant,Food was good and the view of the new york city skiline was terrific even on a foggy rainy day like that of when I went.,view of the new york city skiline,LOCATION#GENERAL,positive,annotated,True,True,True
773720,773720:1,restaurant,I would highly recommand requesting a table by the window.,table by the window,LOCATION#GENERAL,positive,annotated,True,True,True
773720,773720:2,restaurant,Although they do the typical what kind of water would you like questions the service was good and overall very relaxing to place to eat.,service,SERVICE#GENERAL,positive,annotated,True,True,True
773720,773720:2,restaurant,Although they do the typical what kind of water would you like questions the service was good and overall very relaxing to place to eat.,place,AMBIENCE#GENERAL,positive,annotated,True,True,True
872763,872763:0,restaurant,"I've eaten at Pizza Gruppo a few times, but more often I order delivery.",,,,non_annotated,False,False,False
872763,872763:1,restaurant,The food is great.,food,FOOD#QUALITY,positive,annotated,True,True,True
872763,872763:2,restaurant,Personal pans are the perfect size for those hungry nights.,Personal pans,FOOD#STYLE_OPTIONS,positive,annotated,True,True,True
872763,872763:3,restaurant,I heartily recommend.,NULL,RESTAURANT#GENERAL,positive,annotated,True,True,False
872763,872763:4,restaurant,There is a downside if you're ordering in -- the delivery guys have MAJOR attitude.,delivery guys,SERVICE#GENERAL,negative,annotated,True,True,True
872763,872763:5,restaurant,Never have I had such dramatic delivery guys (a lot of huffing and panting and muttering under breath b/c I live in a walkup) who always seem disappointed with their tips.,delivery guys,SERVICE#GENERAL,negative,annotated,True,True,True
872763,872763:6,restaurant,"Hey, I think $2+ for a 5 block walk ain't bad.",,,,non_annotated,False,False,False
875139,875139:0,restaurant,"Love the scene first off- the place has a character and nice light to it..very fortunate, location wise.",scene,AMBIENCE#GENERAL,positive,annotated,True,True,True
875139,875139:0,restaurant,"Love the scene first off- the place has a character and nice light to it..very fortunate, location wise.",place,AMBIENCE#GENERAL,positive,annotated,True,True,True
875139,875139:0,restaurant,"Love the scene first off- the place has a character and nice light to it..very fortunate, location wise.",location,LOCATION#GENERAL,positive,annotated,True,True,True
875139,875139:1,restaurant,The pizza was pretty good and huge.,pizza,FOOD#QUALITY,positive,annotated,True,True,True
875139,875139:1,restaurant,The pizza was pretty good and huge.,pizza,FOOD#STYLE_OPTIONS,positive,annotated,True,True,True
875139,875139:2,restaurant,The price very reasonable.,NULL,RESTAURANT#PRICES,positive,annotated,True,True,False
875139,875139:3,restaurant,We were 4 and got the family size penne a la vodka which was tremendously gigantic portion...a bucket of food literally.,penne a la vodka,FOOD#STYLE_OPTIONS,positive,annotated,True,True,True
875139,875139:4,restaurant,We got most of it back at home with us.,,,,non_annotated,False,False,False
875139,875139:5,restaurant,I would say that all was fine and tasty but the heaviness on my stomach someting that i can't not mention or undermine.,NULL,FOOD#QUALITY,negative,annotated,True,True,False
875139,875139:6,restaurant,"The pasta penne was pretty extra buttery, creamy which means a big task to diggest.. tasty at first but i would say that i was full with a slice of pizza and 7 to count, penne...got a little moody afterwards cause was stuffed...lol",pasta penne,FOOD#QUALITY,negative,annotated,True,True,True
875139,875139:6,restaurant,"The pasta penne was pretty extra buttery, creamy which means a big task to diggest.. tasty at first but i would say that i was full with a slice of pizza and 7 to count, penne...got a little moody afterwards cause was stuffed...lol",pasta penne,FOOD#STYLE_OPTIONS,negative,annotated,True,True,True
929329,929329:0,restaurant,"No, really.",,,,non_annotated,False,False,False
929329,929329:1,restaurant,I have eaten a lot of pizza here.,,,,non_annotated,False,False,False
929329,929329:2,restaurant,"La Rosa waltzes in, and I think they are doing it the best.",La Rosa,FOOD#QUALITY,positive,annotated,True,True,True
929329,929329:3,restaurant,"Interesting selection, good wines, service fine, fun decor.",wines,DRINKS#QUALITY,positive,annotated,True,True,True
929329,929329:3,restaurant,"Interesting selection, good wines, service fine, fun decor.",service,SERVICE#GENERAL,positive,annotated,True,True,True
929329,929329:3,restaurant,"Interesting selection, good wines, service fine, fun decor.",decor,AMBIENCE#GENERAL,positive,annotated,True,True,True
929329,929329:3,restaurant,"Interesting selection, good wines, service fine, fun decor.",selection,FOOD#STYLE_OPTIONS,positive,annotated,True,True,True
935633,935633:0,restaurant,I have been twice to this restaurant.,,,,non_annotated,False,False,False
935633,935633:1,restaurant,I love it.,NULL,RESTAURANT#GENERAL,positive,annotated,True,True,False
935633,935633:2,restaurant,I plan on stopping by next week as well.,NULL,RESTAURANT#GENERAL,positive,annotated,True,True,False
935633,935633:3,restaurant,"I found it on a cold night, the perfect spot to warm up.",spot,RESTAURANT#MISCELLANEOUS,positive,annotated,True,True,True
935633,935633:4,restaurant,I recieved prompt service with a smile.,service,SERVICE#GENERAL,positive,annotated,True,True,True
935633,935633:5,restaurant,"To me it exemplifies Soho, cute, artsy, interesting.",NULL,AMBIENCE#GENERAL,positive,annotated,True,True,False
935633,935633:6,restaurant,Definately check it out!!!,NULL,RESTAURANT#GENERAL,positive,annotated,True,True,False
955711,955711:0,restaurant,This place blew me away...by far my new favorite restaurant on the uppereast side.,place,RESTAURANT#GENERAL,positive,annotated,True,True,True
955711,955711:1,restaurant,The wine list is extensive and impressive.,wine list,DRINKS#STYLE_OPTIONS,positive,annotated,True,True,True
955711,955711:2,restaurant,LOVE the atmosphere - felt like I was in Paris.,atmosphere,AMBIENCE#GENERAL,positive,annotated,True,True,True
955711,955711:3,restaurant,The mussels were fantastic and so was the dessert...definitely going to be back very soon.,mussels,FOOD#QUALITY,positive,annotated,True,True,True
955711,955711:3,restaurant,The mussels were fantastic and so was the dessert...definitely going to be back very soon.,dessert,FOOD#QUALITY,positive,annotated,True,True,True
955711,955711:3,restaurant,The mussels were fantastic and so was the dessert...definitely going to be back very soon.,NULL,RESTAURANT#GENERAL,positive,annotated,True,True,False
957145,957145:0,restaurant,I just read Mocaramel's review and felt compelled to respond.,,,,non_annotated,False,False,False
957145,957145:1,restaurant,I have been coming here for years and have nothing but good things to say about the service and the great staff at La Lanterna.,service,SERVICE#GENERAL,positive,annotated,True,True,True
957145,957145:1,restaurant,I have been coming here for years and have nothing but good things to say about the service and the great staff at La Lanterna.,staff,SERVICE#GENERAL,positive,annotated,True,True,True
957145,957145:2,restaurant,"Over the years the host, Vittorio, and his crew, have always treated me as family--although with all the business this not-so-little gem does, it amazing he's even able to remember a consistent but not-so-frequent visitor.",host,SERVICE#GENERAL,positive,annotated,True,True,True
957145,957145:2,restaurant,"Over the years the host, Vittorio, and his crew, have always treated me as family--although with all the business this not-so-little gem does, it amazing he's even able to remember a consistent but not-so-frequent visitor.",crew,SERVICE#GENERAL,positive,annotated,True,True,True
957145,957145:3,restaurant,"I've also been amazed at all the new additions in the past few years: A new Jazz Bar, the most fantastic Dining Garden, the Best Thin Crust Pizzas, and now a Lasagna Menu which is to die for (these are not your average lasagnas)!",Dining Garden,AMBIENCE#GENERAL,positive,annotated,True,True,True
957145,957145:3,restaurant,"I've also been amazed at all the new additions in the past few years: A new Jazz Bar, the most fantastic Dining Garden, the Best Thin Crust Pizzas, and now a Lasagna Menu which is to die for (these are not your average lasagnas)!",Jazz Bar,AMBIENCE#GENERAL,positive,annotated,True,True,True
957145,957145:3,restaurant,"I've also been amazed at all the new additions in the past few years: A new Jazz Bar, the most fantastic Dining Garden, the Best Thin Crust Pizzas, and now a Lasagna Menu which is to die for (these are not your average lasagnas)!",Thin Crust Pizzas,FOOD#QUALITY,positive,annotated,True,True,True
957145,957145:3,restaurant,"I've also been amazed at all the new additions in the past few years: A new Jazz Bar, the most fantastic Dining Garden, the Best Thin Crust Pizzas, and now a Lasagna Menu which is to die for (these are not your average lasagnas)!",Lasagna Menu,FOOD#QUALITY,positive,annotated,True,True,True
957145,957145:4,restaurant,I lOVE THIS PLACE!,PLACE,RESTAURANT#GENERAL,positive,annotated,True,True,True
957145,957145:5,restaurant,Keep up the good work guys!,NULL,RESTAURANT#GENERAL,positive,annotated,True,True,False
958809,958809:0,restaurant,My girlfiends and I ate at O.G. again last night.,,,,non_annotated,False,False,False
958809,958809:1,restaurant,I have to say I have never had a disapointing meal here.,meal,FOOD#QUALITY,positive,annotated,True,True,True
958809,958809:2,restaurant,We could have made a meal of the yummy dumplings from the dumpling menu.,dumplings,FOOD#QUALITY,positive,annotated,True,True,True
958809,958809:3,restaurant,"Luckily we saved room for the BBQ Salmon, Sea Bass and Crispy Duck.",BBQ Salmon,FOOD#QUALITY,positive,annotated,True,True,True
958809,958809:3,restaurant,"Luckily we saved room for the BBQ Salmon, Sea Bass and Crispy Duck.",Sea Bass,FOOD#QUALITY,positive,annotated,True,True,True
958809,958809:3,restaurant,"Luckily we saved room for the BBQ Salmon, Sea Bass and Crispy Duck.",Crispy Duck,FOOD#QUALITY,positive,annotated,True,True,True
958809,958809:4,restaurant,We got a little tipsy from the sake but isn't that what Saturday nights with the girlfriends are all about?,,,,non_annotated,False,False,False
79,79:0,laptop,Being a PC user my whole life....,,,,non_annotated,False,False,False
79,79:1,laptop,This computer is absolutely AMAZING!!!,,LAPTOP#GENERAL,positive,annotated,True,True,False
79,79:2,laptop,10 plus hours of battery...,,BATTERY#OPERATION_PERFORMANCE,positive,annotated,True,True,False
79,79:3,laptop,super fast processor and really nice graphics card..,,CPU#OPERATION_PERFORMANCE,positive,annotated,True,True,False
79,79:3,laptop,super fast processor and really nice graphics card..,,GRAPHICS#GENERAL,positive,annotated,True,True,False
79,79:4,laptop,and plenty of storage with 250 gb(though I will upgrade this and the ram..),,HARD_DISC#DESIGN_FEATURES,positive,annotated,True,True,False
79,79:5,laptop,This computer is really fast and I'm shocked as to how easy it is to get used to...,,LAPTOP#OPERATION_PERFORMANCE,positive,annotated,True,True,False
79,79:5,laptop,This computer is really fast and I'm shocked as to how easy it is to get used to...,,LAPTOP#USABILITY,positive,annotated,True,True,False
79,79:6,laptop,I've only had mine a day but I'm already used to it...,,LAPTOP#USABILITY,positive,annotated,True,True,False
79,79:7,laptop,MACS ARE AMAZING!!!,,,,non_annotated,False,False,False
79,79:8,laptop,GET THIS COMPUTER FOR PORTABILITY AND FAST PROCESSING!!!,,LAPTOP#PORTABILITY,positive,annotated,True,True,False
79,79:8,laptop,GET THIS COMPUTER FOR PORTABILITY AND FAST PROCESSING!!!,,CPU#OPERATION_PERFORMANCE,positive,annotated,True,True,False
10,10:0,laptop,the laptop was really good and it goes really fast just the way i thought it would of run.,,LAPTOP#GENERAL,positive,annotated,True,True,False
10,10:0,laptop,the laptop was really good and it goes really fast just the way i thought it would of run.,,LAPTOP#OPERATION_PERFORMANCE,positive,annotated,True,True,False
10,10:1,laptop,i would really recommend to any person out there to get this laptop cause its really worth it.,,LAPTOP#GENERAL,positive,annotated,True,True,False
10,10:2,laptop,and its really cheap and you wont regret buying it.,,LAPTOP#PRICE,positive,annotated,True,True,False
10,10:2,laptop,and its really cheap and you wont regret buying it.,,LAPTOP#GENERAL,positive,annotated,True,True,False
264,264:0,laptop,"As a lifelong Windows user, I was extremely pleased to make the change to Mac.",,,,non_annotated,False,False,False
264,264:1,laptop,"As a computer science student in college, I find that the portability, longevity, and ease of use of this computer make me (shockingly) want to do homework more;",,LAPTOP#PORTABILITY,positive,annotated,True,True,False
264,264:1,laptop,"As a computer science student in college, I find that the portability, longevity, and ease of use of this computer make me (shockingly) want to do homework more;",,LAPTOP#QUALITY,positive,annotated,True,True,False
264,264:1,laptop,"As a computer science student in college, I find that the portability, longevity, and ease of use of this computer make me (shockingly) want to do homework more;",,LAPTOP#USABILITY,positive,annotated,True,True,False
264,264:2,laptop,"without a big ol' clunky machine in my backpack, I feel like I can do programming homework anywhere.",,LAPTOP#DESIGN_FEATURES,positive,annotated,True,True,False
264,264:2,laptop,"without a big ol' clunky machine in my backpack, I feel like I can do programming homework anywhere.",,LAPTOP#PORTABILITY,positive,annotated,True,True,False
264,264:2,laptop,"without a big ol' clunky machine in my backpack, I feel like I can do programming homework anywhere.",,LAPTOP#MISCELLANEOUS,positive,annotated,True,True,False
264,264:3,laptop,I highly recommend this computer for students looking for a solid machine to get them through college.,,LAPTOP#MISCELLANEOUS,positive,annotated,True,True,False
264,264:3,laptop,I highly recommend this computer for students looking for a solid machine to get them through college.,,LAPTOP#QUALITY,positive,annotated,True,True,False
264,264:4,laptop,"A great feature is the spotlight search: one can search for documents by simply typing a keyword, rather than parsing tens of file folders for a document.",,OS#DESIGN_FEATURES,positive,annotated,True,True,False
24,24:0,laptop,Oh my goodness-I am not a happy camper.,,LAPTOP#GENERAL,negative,annotated,True,True,False
24,24:1,laptop,My HP is very heavy.,,LAPTOP#DESIGN_FEATURES,negative,annotated,True,True,False
24,24:2,laptop,Not easy to carry.,,LAPTOP#PORTABILITY,negative,annotated,True,True,False
24,24:3,laptop,The battery has never worked well.,,BATTERY#QUALITY,negative,annotated,True,True,False
24,24:3,laptop,The battery has never worked well.,,BATTERY#OPERATION_PERFORMANCE,negative,annotated,True,True,False
24,24:4,laptop,The battery gets so HOT it is scary.,,BATTERY#QUALITY,negative,annotated,True,True,False
24,24:5,laptop,"Yet, HP won't do anything about the problem.",,SUPPORT#QUALITY,negative,annotated,True,True,False
24,24:6,laptop,I returned the computer to HP and they kept it for 3 months.,,SUPPORT#QUALITY,negative,annotated,True,True,False
24,24:7,laptop,When I got the computer back and realizwed it still was not correct HP told me it was out of warranty and now it was my problem.,,SUPPORT#QUALITY,negative,annotated,True,True,False
24,24:8,laptop,"So, you can imagine how unhappy I am with this item.",,LAPTOP#GENERAL,negative,annotated,True,True,False
24,24:9,laptop,Currently if I use the laptop I can't sit it on my lap because it will burn my legs.,,LAPTOP#QUALITY,negative,annotated,True,True,False
24,24:10,laptop,I did contact HP and share how unhappy I am.,,,,non_annotated,False,False,False
24,24:11,laptop,"Well, they don't care a bunch.",,SUPPORT#QUALITY,negative,annotated,True,True,False
24,24:12,laptop,"But, at the same time they (the company) would not and could not do anything about my problem.",,SUPPORT#QUALITY,negative,annotated,True,True,False
24,24:13,laptop,I would  say if you want to buy one of these machines be careful.,,LAPTOP#GENERAL,negative,annotated,True,True,False
24,24:14,laptop,"And, if you are going to deal with HP be careful.",,COMPANY#GENERAL,negative,annotated,True,True,False
24,24:15,laptop,"In my house, HP is a nasty word.",,COMPANY#GENERAL,negative,annotated,True,True,False
277,277:0,laptop,"Since I purchased my Toshiba netbook, I have been very pleased with it, I have a laptob and a desktop.",,LAPTOP#GENERAL,positive,annotated,True,True,False
277,277:1,laptop,The netbook is easier for me to take to bed and carry around with me.,,LAPTOP#PORTABILITY,positive,annotated,True,True,False
277,277:2,laptop,"The screen takes some getting use to, because it is smaller than the laptop.",,DISPLAY#USABILITY,neutral,annotated,True,True,False
277,277:2,laptop,"The screen takes some getting use to, because it is smaller than the laptop.",,DISPLAY#DESIGN_FEATURES,neutral,annotated,True,True,False
277,277:3,laptop,I have not have any problems.,,LAPTOP#GENERAL,positive,annotated,True,True,False
178,178:0,laptop,"The Notebook PC,Toshiba Qosmio is the best gift my father could have ever gotten me.",,LAPTOP#GENERAL,positive,annotated,True,True,False
178,178:1,laptop,He gave me this PC about 3 years ago and up to this point im still sitting here using it.,,LAPTOP#QUALITY,positive,annotated,True,True,False
178,178:2,laptop,Its still going.,,LAPTOP#QUALITY,positive,annotated,True,True,False
178,178:3,laptop,It is in the best condition and has a really high quality.,,LAPTOP#QUALITY,positive,annotated,True,True,False
178,178:4,laptop,This is something i would deffinately reccomend to someone.,,LAPTOP#GENERAL,positive,annotated,True,True,False
178,178:5,laptop,You will not regret buying such a great thing like this!,,LAPTOP#GENERAL,positive,annotated,True,True,False
178,178:6,laptop,It can't get any better.,,LAPTOP#GENERAL,positive,annotated,True,True,False
77,77:0,laptop,"Waited on getting this computer, but it has been a great change.",,LAPTOP#GENERAL,positive,annotated,True,True,False
77,77:1,laptop,Ease of use is just one of the benefits I love about my Mac.,,LAPTOP#USABILITY,positive,annotated,True,True,False
342,342:0,laptop,This laptop meets every expectation and Windows 7 is great!,,LAPTOP#GENERAL,positive,annotated,True,True,False
342,342:0,laptop,This laptop meets every expectation and Windows 7 is great!,,OS#GENERAL,positive,annotated,True,True,False
342,342:1,laptop,"It's fast, it's easy easy easy to set up, easy to hook to my wireless network.",,LAPTOP#OPERATION_PERFORMANCE,positive,annotated,True,True,False
342,342:1,laptop,"It's fast, it's easy easy easy to set up, easy to hook to my wireless network.",,LAPTOP#USABILITY,positive,annotated,True,True,False
342,342:1,laptop,"It's fast, it's easy easy easy to set up, easy to hook to my wireless network.",,LAPTOP#CONNECTIVITY,positive,annotated,True,True,False
342,342:2,laptop,It's even easy to hook up to other wireless networks.,,LAPTOP#CONNECTIVITY,positive,annotated,True,True,False
342,342:3,laptop,The battery doesn't last long but I'm sure an upgrade battery would solve that problem.,,BATTERY#OPERATION_PERFORMANCE,neutral,annotated,True,True,False
342,342:4,laptop,I don't use my laptop in a way though that needs a long battery life so it's perfect for me.,,BATTERY#OPERATION_PERFORMANCE,positive,annotated,True,True,False
348,348:0,laptop,"Most everything is fine with this machine: speed, capacity, build.",,LAPTOP#GENERAL,positive,annotated,True,True,False
348,348:0,laptop,"Most everything is fine with this machine: speed, capacity, build.",,LAPTOP#OPERATION_PERFORMANCE,positive,annotated,True,True,False
348,348:0,laptop,"Most everything is fine with this machine: speed, capacity, build.",,HARD_DISC#DESIGN_FEATURES,positive,annotated,True,True,False
348,348:0,laptop,"Most everything is fine with this machine: speed, capacity, build.",,LAPTOP#QUALITY,positive,annotated,True,True,False
348,348:1,laptop,"The only thing I don't understand is that the resolution of the screen isn't high enough for some pages, such as Yahoo!Mail.",,DISPLAY#QUALITY,negative,annotated,True,True,False
348,348:2,laptop,"Yes, I have it on the highest available setting.",,,,non_annotated,False,False,False
347,347:0,laptop,I bought it for really cheap also and it's AMAZING.,,LAPTOP#PRICE,positive,annotated,True,True,False
347,347:0,laptop,I bought it for really cheap also and it's AMAZING.,,LAPTOP#GENERAL,positive,annotated,True,True,False
347,347:1,laptop,Easy to start up and does not overheat as much as other laptops.,,,,non_annotated,False,False,False
347,347:2,laptop,Recommended to people as their first laptop.,,LAPTOP#MISCELLANEOUS,positive,annotated,True,True,False
339,339:0,laptop,"Plain and simple, it(laptop) runs great and loads fast.",,LAPTOP#OPERATION_PERFORMANCE,positive,annotated,True,True,False
339,339:1,laptop,"Easy to carry, can be taken anywhere, can be hooked up to printers,headsets.",,LAPTOP#PORTABILITY,positive,annotated,True,True,False
339,339:1,laptop,"Easy to carry, can be taken anywhere, can be hooked up to printers,headsets.",,LAPTOP#CONNECTIVITY,positive,annotated,True,True,False
339,339:2,laptop,Love that it doesn't take up space like a regular computer.,,,,non_annotated,False,False,False
273,273:0,laptop,I'm already hooked on the sleek look and dependability that this laptop has shown.,,LAPTOP#DESIGN_FEATURES,positive,annotated,True,True,False
273,273:0,laptop,I'm already hooked on the sleek look and dependability that this laptop has shown.,,LAPTOP#QUALITY,positive,annotated,True,True,False
273,273:1,laptop,"Being a PC user my whole life, it's taking a bit of time to adapt to the OS of a Mac but I'm finding my way around.",,OS#USABILITY,neutral,annotated,True,True,False
273,273:2,laptop,The unibody design is edgy and durable.,,LAPTOP#DESIGN_FEATURES,positive,annotated,True,True,False
273,273:2,laptop,The unibody design is edgy and durable.,,LAPTOP#QUALITY,positive,annotated,True,True,False
273,273:3,laptop,The LED backlit display makes my pictures pop so much more.,,DISPLAY#DESIGN_FEATURES,positive,annotated,True,True,False
273,273:4,laptop,I'm learning the finger options for the mousepad that allow for quicker browsing of web pages.,,MOUSE#DESIGN_FEATURES,positive,annotated,True,True,False
273,273:4,laptop,I'm learning the finger options for the mousepad that allow for quicker browsing of web pages.,,LAPTOP#USABILITY,positive,annotated,True,True,False
273,273:5,laptop,"Granted, it's still a very new laptop but in comparison to my previous laptops and desktops, my Mac boots up noticeably quicker.",,,,non_annotated,False,False,False
273,273:6,laptop,A key contributor that led me to Mac is the art aspect.,,LAPTOP#DESIGN_FEATURES,positive,annotated,True,True,False
273,273:7,laptop,They have developed excellent proprietary software for editing video and pictures and I'm looking forward to utilizing these tools on the regular.,,SOFTWARE#MISCELLANEOUS,positive,annotated,True,True,False
273,273:8,laptop,I'm excited to learn more about what this powerful machine has to offer and encourage others to do the same.,,LAPTOP#GENERAL,positive,annotated,True,True,False
273,273:8,laptop,I'm excited to learn more about what this powerful machine has to offer and encourage others to do the same.,,LAPTOP#OPERATION_PERFORMANCE,positive,annotated,True,True,False
273,273:9,laptop,It's more expensive but well worth it in the long run.,,LAPTOP#PRICE,negative,annotated,True,True,False
273,273:9,laptop,It's more expensive but well worth it in the long run.,,LAPTOP#GENERAL,positive,annotated,True,True,False
240,240:0,laptop,"Great product, very easy to use and great graphics.",,LAPTOP#GENERAL,positive,annotated,True,True,False
240,240:0,laptop,"Great product, very easy to use and great graphics.",,LAPTOP#USABILITY,positive,annotated,True,True,False
240,240:0,laptop,"Great product, very easy to use and great graphics.",,GRAPHICS#GENERAL,positive,annotated,True,True,False
240,240:1,laptop,"One drawback, I wish the keys were backlit.",,KEYBOARD#DESIGN_FEATURES,negative,annotated,True,True,False
240,240:2,laptop,"I'm glad I bought this laptop, it was worth the few ($100) extra dollars.",,LAPTOP#GENERAL,positive,annotated,True,True,False
240,240:2,laptop,"I'm glad I bought this laptop, it was worth the few ($100) extra dollars.",,LAPTOP#PRICE,neutral,annotated,True,True,False
243,243:0,laptop,It had most of the features and all of the power that I wanted to replace my desktop machine.,,LAPTOP#DESIGN_FEATURES,positive,annotated,True,True,False
243,243:0,laptop,It had most of the features and all of the power that I wanted to replace my desktop machine.,,LAPTOP#OPERATION_PERFORMANCE,positive,annotated,True,True,False
243,243:1,laptop,I wasn't really as concerned about portability (it's a very large laptop) but it's not hard to move around or take on a trip which was a pleasant surprise.,,LAPTOP#DESIGN_FEATURES,neutral,annotated,True,True,False
243,243:1,laptop,I wasn't really as concerned about portability (it's a very large laptop) but it's not hard to move around or take on a trip which was a pleasant surprise.,,LAPTOP#PORTABILITY,positive,annotated,True,True,False
243,243:2,laptop,I'm very happy with this machine!,,LAPTOP#GENERAL,positive,annotated,True,True,False
285,285:0,laptop,"I love the size, keyboard, the functions.",,LAPTOP#DESIGN_FEATURES,positive,annotated,True,True,False
285,285:0,laptop,"I love the size, keyboard, the functions.",,KEYBOARD#GENERAL,positive,annotated,True,True,False
285,285:0,laptop,"I love the size, keyboard, the functions.",,LAPTOP#OPERATION_PERFORMANCE,positive,annotated,True,True,False
285,285:1,laptop,I don't really have a complaint.,,LAPTOP#GENERAL,positive,annotated,True,True,False
285,285:2,laptop,"It is easy to use, good quality and good price.",,LAPTOP#USABILITY,positive,annotated,True,True,False
285,285:2,laptop,"It is easy to use, good quality and good price.",,LAPTOP#QUALITY,positive,annotated,True,True,False
285,285:2,laptop,"It is easy to use, good quality and good price.",,LAPTOP#PRICE,positive,annotated,True,True,False
285,285:3,laptop,Perfect trifecta!,,LAPTOP#GENERAL,positive,annotated,True,True,False
285,285:4,laptop,I would recommend this product.,,LAPTOP#GENERAL,positive,annotated,True,True,False
212,212:0,laptop,The salesman talked us into this computer away from another we were looking at and we have had nothing but problems with software problems and just not happy with it.,,SOFTWARE#GENERAL,negative,annotated,True,True,False
212,212:0,laptop,The salesman talked us into this computer away from another we were looking at and we have had nothing but problems with software problems and just not happy with it.,,LAPTOP#GENERAL,negative,annotated,True,True,False
93,93:0,laptop,This is my first Dell I heard their customer service was lacking and that they were working on improving it!,,SUPPORT#QUALITY,neutral,annotated,True,True,False
93,93:1,laptop,I purchased this laptop 9 months ago!,,,,non_annotated,False,False,False
93,93:2,laptop,The DVD burner broke after burning 3 DVD'd during that time!,,OPTICAL_DRIVES#QUALITY,negative,annotated,True,True,False
93,93:3,laptop,They sent me a replacement part and without informing me are requiring that I return it within 15 days or contact them and let them know the broken part will be returned later.,,SUPPORT#QUALITY,negative,annotated,True,True,False
93,93:4,laptop,I am currently out of town and called to inform them the broken part would be returned when I got back in town.,,,,non_annotated,False,False,False
93,93:5,laptop,If this is an improvement in Customer Service then I would hate too see what it was before!,,SUPPORT#QUALITY,negative,annotated,True,True,False
93,93:6,laptop,I spoke to 4 different people and was told they needed to transfer me to a 5th person!,,SUPPORT#QUALITY,negative,annotated,True,True,False
93,93:7,laptop,Needless to say I told them No and have a nice day and hung up!,,SUPPORT#QUALITY,negative,annotated,True,True,False
93,93:8,laptop,I can guarantee this will be the last Dell I will ever purchase!,,LAPTOP#GENERAL,negative,annotated,True,True,False
93,93:8,laptop,I can guarantee this will be the last Dell I will ever purchase!,,COMPANY#GENERAL,negative,annotated,True,True,False
93,93:9,laptop,Breaking within 1 year of purchase and speaking to 4+ people to report the damaged part will be returned late!,,LAPTOP#QUALITY,negative,annotated,True,True,False
93,93:9,laptop,Breaking within 1 year of purchase and speaking to 4+ people to report the damaged part will be returned late!,,SUPPORT#QUALITY,negative,annotated,True,True,False
93,93:10,laptop,I do not recommend this company or their products!!!!,,COMPANY#GENERAL,negative,annotated,True,True,False
252,252:0,laptop,"So far, a great product.",,LAPTOP#GENERAL,positive,annotated,True,True,False
252,252:1,laptop,"High price tag, however.",,LAPTOP#PRICE,negative,annotated,True,True,False
252,252:2,laptop,Still trying to learn how to use it.,,LAPTOP#USABILITY,neutral,annotated,True,True,False
19,19:0,laptop,it is the worst computer dell ever made.,,LAPTOP#GENERAL,negative,annotated,True,True,False
19,19:1,laptop,it is hard to fix and makes it a hassle to own one.,,LAPTOP#QUALITY,negative,annotated,True,True,False
19,19:1,laptop,it is hard to fix and makes it a hassle to own one.,,LAPTOP#GENERAL,negative,annotated,True,True,False
19,19:2,laptop,breaks easily.,,LAPTOP#QUALITY,negative,annotated,True,True,False
19,19:3,laptop,only good thing is the graphics quality.,,GRAPHICS#QUALITY,positive,annotated,True,True,False
165,165:0,laptop,There are so many wonderful features and benefits to the new MacBook!,,LAPTOP#DESIGN_FEATURES,positive,annotated,True,True,False
165,165:0,laptop,There are so many wonderful features and benefits to the new MacBook!,,LAPTOP#GENERAL,positive,annotated,True,True,False
165,165:1,laptop,The #1 reason that is always repeated.,,,,non_annotated,False,False,False
165,165:2,laptop,No Viruses!,,LAPTOP#QUALITY,positive,annotated,True,True,False
165,165:3,laptop,This laptop is fast and you will literally learn all you can do with this dynamo by just watching the online tutorials.,,LAPTOP#OPERATION_PERFORMANCE,positive,annotated,True,True,False
165,165:3,laptop,This laptop is fast and you will literally learn all you can do with this dynamo by just watching the online tutorials.,,LAPTOP#USABILITY,positive,annotated,True,True,False
165,165:4,laptop,I am loyal to Apple.,,COMPANY#GENERAL,positive,annotated,True,True,False
165,165:5,laptop,The Macbooks worth every penny.,,,,non_annotated,False,False,False
165,165:6,laptop,"They're easy, fun, powerful and will last a long time.",,,,non_annotated,False,False,False
165,165:7,laptop,"The great 18 month same as cash financing and Advance Protection Plan which includes accidents like spills ., which Apple doesn't offer, is why I bought my MacBook at Best Buy.",,,,non_annotated,False,False,False
165,165:8,laptop,I am very Happy!,,LAPTOP#GENERAL,positive,annotated,True,True,False
111,111:0,laptop,This just keeps having it's hard drive replaced!,,HARD_DISC#QUALITY,negative,annotated,True,True,False
111,111:1,laptop,Acer won't replace the laptop.,,SUPPORT#QUALITY,negative,annotated,True,True,False
111,111:2,laptop,the manufacturer's warranty only covers replacement/repair of parts.,,WARRANTY#GENERAL,negative,annotated,True,True,False
111,111:3,laptop,This thing is a lemon.,,LAPTOP#QUALITY,negative,annotated,True,True,False
292,292:0,laptop,This MacBook is an outstanding product with great value.,,LAPTOP#GENERAL,positive,annotated,True,True,False
292,292:1,laptop,Its ease of use and the top service from Apple- be it their phone assistance or bellying up to the genius bar- cannot be beat.,,LAPTOP#USABILITY,positive,annotated,True,True,False
292,292:1,laptop,Its ease of use and the top service from Apple- be it their phone assistance or bellying up to the genius bar- cannot be beat.,,SUPPORT#QUALITY,positive,annotated,True,True,False
292,292:2,laptop,"Suffice it to say, my MacBook Pro keeps me going with its long battery life and blazing speed.",,BATTERY#OPERATION_PERFORMANCE,positive,annotated,True,True,False
292,292:2,laptop,"Suffice it to say, my MacBook Pro keeps me going with its long battery life and blazing speed.",,LAPTOP#OPERATION_PERFORMANCE,positive,annotated,True,True,False
292,292:3,laptop,It does run a little warm but that is a negligible concern.,,LAPTOP#QUALITY,neutral,annotated,True,True,False
359,359:0,laptop,I was so excited to receive the Toshiba L455 as a gift/bonus for some work I had done for a friend of mine!,,,,non_annotated,False,False,False
359,359:1,laptop,I have owned it only two months!,,,,non_annotated,False,False,False
359,359:2,laptop,I have had nothing but problems since the day I took it out of the box!,,LAPTOP#GENERAL,negative,annotated,True,True,False
359,359:2,laptop,I have had nothing but problems since the day I took it out of the box!,,LAPTOP#QUALITY,negative,annotated,True,True,False
359,359:3,laptop,My first problem was with the pre-loaded Norton Firewall/Security program.,,SOFTWARE#GENERAL,negative,annotated,True,True,False
359,359:4,laptop,It would not let me connect to my Wifi system where I lived.,,LAPTOP#CONNECTIVITY,negative,annotated,True,True,False
359,359:5,laptop,It took Toshiba tech support 4 calls and 4 different techs to correct the problem.,,SUPPORT#QUALITY,negative,annotated,True,True,False
359,359:6,laptop,"Then just the other day, my left ""mouse"" button snapped!",,MOUSE#QUALITY,negative,annotated,True,True,False
359,359:7,laptop,"Being only 2 months old, I am not a happy camper!",,LAPTOP#GENERAL,negative,annotated,True,True,False
359,359:8,laptop,Buyer Beware.,,LAPTOP#GENERAL,negative,annotated,True,True,False
359,359:9,laptop,"this one, in my opinion, might be a lemon!",,LAPTOP#QUALITY,negative,annotated,True,True,False
95,95:0,laptop,It rarely works and when it does it's incredibly slow.,,LAPTOP#QUALITY,negative,annotated,True,True,False
95,95:0,laptop,It rarely works and when it does it's incredibly slow.,,LAPTOP#OPERATION_PERFORMANCE,negative,annotated,True,True,False
95,95:1,laptop,I have had to take it to the geek squad guys to get it fixed because it has had viruses 3 times and i have not even had it for more then 4 months!,,LAPTOP#QUALITY,negative,annotated,True,True,False
95,95:2,laptop,"*IF YOU ARE LOOKING FOR A GOOD LAPTOP, THIS IS NOT IT!",,LAPTOP#GENERAL,negative,annotated,True,True,False
360,360:0,laptop,Like the price and operation.,,LAPTOP#PRICE,positive,annotated,True,True,False
360,360:0,laptop,Like the price and operation.,,LAPTOP#OPERATION_PERFORMANCE,positive,annotated,True,True,False
360,360:1,laptop,"Some features arent friendly ( volume wheel, sound quality, etc.",,LAPTOP#USABILITY,negative,annotated,True,True,False
360,360:1,laptop,"Some features arent friendly ( volume wheel, sound quality, etc.",,MULTIMEDIA_DEVICES#USABILITY,negative,annotated,True,True,False
360,360:1,laptop,"Some features arent friendly ( volume wheel, sound quality, etc.",,MULTIMEDIA_DEVICES#QUALITY,negative,annotated,True,True,False
360,360:2,laptop,"But, for the cost this is a winner.",,LAPTOP#GENERAL,positive,annotated,True,True,False
360,360:2,laptop,"But, for the cost this is a winner.",,LAPTOP#PRICE,positive,annotated,True,True,False
66,66:0,laptop,I absolutely love my mac!,,LAPTOP#GENERAL,positive,annotated,True,True,False
66,66:1,laptop,I can't imagine my life without it anymore!,,LAPTOP#GENERAL,positive,annotated,True,True,False
66,66:2,laptop,It's perfect for everything and runs faster than an average pc!,,,,non_annotated,False,False,False
384,384:0,laptop,I've haven't had any major problems with the laptop except that the plastic piece that covers the usb port wires have all come off.,,LAPTOP#GENERAL,positive,annotated,True,True,False
384,384:0,laptop,I've haven't had any major problems with the laptop except that the plastic piece that covers the usb port wires have all come off.,,PORTS#QUALITY,negative,annotated,True,True,False
384,384:1,laptop,Apparently they are defective since they are not securely attached.,,PORTS#QUALITY,negative,annotated,True,True,False
384,384:2,laptop,I can barely use any usb devices because they will not stay connected properly.,,LAPTOP#CONNECTIVITY,negative,annotated,True,True,False
384,384:3,laptop,I called Toshiba and they want me to be without my laptop for about two weeks while they look at the problem.,,SUPPORT#QUALITY,negative,annotated,True,True,False
384,384:4,laptop,I think I might rather suffer for something that is simple to fix in my opinion.,,SUPPORT#QUALITY,negative,annotated,True,True,False
54,54:0,laptop,I bought this laptop Was the worst Laptop I've ever bought.,,LAPTOP#GENERAL,negative,annotated,True,True,False
54,54:1,laptop,I spent alot of money on this product and its been a nightmare.,,LAPTOP#PRICE,negative,annotated,True,True,False
54,54:1,laptop,I spent alot of money on this product and its been a nightmare.,,LAPTOP#GENERAL,negative,annotated,True,True,False
54,54:2,laptop,And having to deal with the company has been a even worse nightmare.,,SUPPORT#QUALITY,negative,annotated,True,True,False
54,54:3,laptop,I sent it to them to fix in perfect condition but for what was wrong with it.,,,,non_annotated,False,False,False
54,54:4,laptop,They sent it back with a huge crack in it and it still didn't work.,,SUPPORT#QUALITY,negative,annotated,True,True,False
54,54:5,laptop,And that was the fourth time ive sent it to them to get fixed.,,SUPPORT#QUALITY,negative,annotated,True,True,False
54,54:6,laptop,Its been a year and am still waiting to see what there going to do about my laptop.,,SUPPORT#QUALITY,negative,annotated,True,True,False
54,54:7,laptop,So if anyones looking to buy a computer or laptop you should stay far far away from any that have the name TOSHIBA on it...,,COMPANY#GENERAL,negative,annotated,True,True,False
176,176:0,laptop,I saved for this laptop for 3 months and I can tell you personally it was worth the wait.,,LAPTOP#GENERAL,positive,annotated,True,True,False
176,176:1,laptop,"The display on this computer is the best I've seen in a very long time, the battery life is very long and very convienent.",,DISPLAY#GENERAL,positive,annotated,True,True,False
176,176:1,laptop,"The display on this computer is the best I've seen in a very long time, the battery life is very long and very convienent.",,BATTERY#OPERATION_PERFORMANCE,positive,annotated,True,True,False
176,176:2,laptop,"A little pricey but it is well, well worth it.",,LAPTOP#PRICE,negative,annotated,True,True,False
176,176:2,laptop,"A little pricey but it is well, well worth it.",,LAPTOP#GENERAL,positive,annotated,True,True,False
176,176:3,laptop,I've been a PC user and I just finally switched and I am never going back.,,,,non_annotated,False,False,False
176,176:4,laptop,It is amazing.,,LAPTOP#GENERAL,positive,annotated,True,True,False
59,59:0,laptop,In the first moth of owning this computer its hardrive failed which had to be replaced.,,HARD_DISC#QUALITY,negative,annotated,True,True,False
59,59:1,laptop,After replacing the hard drive the battery stopped working  (3 months of use) which was frustrating.,,BATTERY#QUALITY,negative,annotated,True,True,False
59,59:1,laptop,After replacing the hard drive the battery stopped working  (3 months of use) which was frustrating.,,BATTERY#OPERATION_PERFORMANCE,negative,annotated,True,True,False
59,59:2,laptop,Then after 4 or so months the charger stopped working so I was forced to go out and buy new hardware just to keep this computer running.,,POWER_SUPPLY#QUALITY,negative,annotated,True,True,False
59,59:2,laptop,Then after 4 or so months the charger stopped working so I was forced to go out and buy new hardware just to keep this computer running.,,POWER_SUPPLY#OPERATION_PERFORMANCE,negative,annotated,True,True,False
59,59:2,laptop,Then after 4 or so months the charger stopped working so I was forced to go out and buy new hardware just to keep this computer running.,,HARDWARE#QUALITY,negative,annotated,True,True,False
59,59:3,laptop,A tip for people looking into this computer: DO NOT BUY IT save up a bit more money and buy a computer that will last.,,LAPTOP#QUALITY,negative,annotated,True,True,False
170,170:0,laptop,Has a 5-6 hour battery life.,,BATTERY#OPERATION_PERFORMANCE,positive,annotated,True,True,False
170,170:1,laptop,Much faster than my old windows laptop that died on me.,,,,non_annotated,False,False,False
170,170:2,laptop,It is easy to use and lightweight.,,LAPTOP#USABILITY,positive,annotated,True,True,False
170,170:2,laptop,It is easy to use and lightweight.,,LAPTOP#DESIGN_FEATURES,positive,annotated,True,True,False
170,170:3,laptop,Was very much worth the price i paid.,,LAPTOP#GENERAL,positive,annotated,True,True,False
170,170:3,laptop,Was very much worth the price i paid.,,LAPTOP#PRICE,positive,annotated,True,True,False
90,90:0,laptop,This netbook went bad on me after 3 days.,,LAPTOP#QUALITY,negative,annotated,True,True,False
90,90:1,laptop,There is a blank lighted screen when I start and that is all.,,DISPLAY#OPERATION_PERFORMANCE,negative,annotated,True,True,False
90,90:2,laptop,I am also upset with CR for giving a good rating.,,,,non_annotated,False,False,False
220,220:0,laptop,I purchased this netbook after my original Toshiba laptop crashed right after the warranty expired.,,,,non_annotated,False,False,False
220,220:1,laptop,"Three weeks after I bought the netbook, the screen quit working.",,DISPLAY#QUALITY,negative,annotated,True,True,False
220,220:1,laptop,"Three weeks after I bought the netbook, the screen quit working.",,DISPLAY#OPERATION_PERFORMANCE,negative,annotated,True,True,False
220,220:2,laptop,I baby my electronics so I know for a fact it was defective and not anything that I did to it.,,DISPLAY#QUALITY,negative,annotated,True,True,False
220,220:3,laptop,"Overall I feel this netbook was poor quality, had poor performance, although it did have great battery life when it did work.",,LAPTOP#QUALITY,negative,annotated,True,True,False
220,220:3,laptop,"Overall I feel this netbook was poor quality, had poor performance, although it did have great battery life when it did work.",,LAPTOP#OPERATION_PERFORMANCE,negative,annotated,True,True,False
220,220:3,laptop,"Overall I feel this netbook was poor quality, had poor performance, although it did have great battery life when it did work.",,BATTERY#OPERATION_PERFORMANCE,positive,annotated,True,True,False
278,278:0,laptop,Took the netbook on a vacation trip and I was able to do whatever I wanted to do without lugging a much heavier laptop.,,LAPTOP#PORTABILITY,positive,annotated,True,True,False
278,278:0,laptop,Took the netbook on a vacation trip and I was able to do whatever I wanted to do without lugging a much heavier laptop.,,LAPTOP#DESIGN_FEATURES,positive,annotated,True,True,False
278,278:0,laptop,Took the netbook on a vacation trip and I was able to do whatever I wanted to do without lugging a much heavier laptop.,,LAPTOP#GENERAL,positive,annotated,True,True,False
278,278:1,laptop,To my mind much more usable than the toy called an IPad.,,,,non_annotated,False,False,False
135,135:0,laptop,The So called laptop Runs to Slow and I hate it!,,LAPTOP#OPERATION_PERFORMANCE,negative,annotated,True,True,False
135,135:0,laptop,The So called laptop Runs to Slow and I hate it!,,LAPTOP#GENERAL,negative,annotated,True,True,False
135,135:1,laptop,Do not  buy it!,,LAPTOP#GENERAL,negative,annotated,True,True,False
135,135:2,laptop,It is the worst laptop ever,,LAPTOP#GENERAL,negative,annotated,True,True,False
159,159:0,laptop,"The image is great, and the soud is excelent.",,DISPLAY#QUALITY,positive,annotated,True,True,False
159,159:0,laptop,"The image is great, and the soud is excelent.",,MULTIMEDIA_DEVICES#QUALITY,positive,annotated,True,True,False
159,159:1,laptop,i love ths notebook.,,LAPTOP#GENERAL,positive,annotated,True,True,False
57,57:0,laptop,I love the glass touchpad.,,MOUSE#DESIGN_FEATURES,positive,annotated,True,True,False
57,57:1,laptop,Easy learning curve.,,LAPTOP#USABILITY,positive,annotated,True,True,False
57,57:2,laptop,Also the display is exceptional!,,DISPLAY#GENERAL,positive,annotated,True,True,False
76,76:0,laptop,I have loved this since i took it out of the box.,,LAPTOP#GENERAL,positive,annotated,True,True,False
76,76:1,laptop,The battery is really long.,,BATTERY#OPERATION_PERFORMANCE,positive,annotated,True,True,False
76,76:2,laptop,"the features are great, the only thing it needs is better speakers.",,LAPTOP#DESIGN_FEATURES,positive,annotated,True,True,False
76,76:2,laptop,"the features are great, the only thing it needs is better speakers.",,MULTIMEDIA_DEVICES#GENERAL,negative,annotated,True,True,False
28,28:0,laptop,Small and light weight.,,LAPTOP#DESIGN_FEATURES,positive,annotated,True,True,False
28,28:1,laptop,Speakers too small to be of any real use.,,MULTIMEDIA_DEVICES#DESIGN_FEATURES,negative,annotated,True,True,False
28,28:1,laptop,Speakers too small to be of any real use.,,MULTIMEDIA_DEVICES#USABILITY,negative,annotated,True,True,False
28,28:2,laptop,Keyboard good sized and wasy to use.,,KEYBOARD#DESIGN_FEATURES,positive,annotated,True,True,False
28,28:2,laptop,Keyboard good sized and wasy to use.,,KEYBOARD#USABILITY,positive,annotated,True,True,False
28,28:3,laptop,I like it!,,LAPTOP#GENERAL,positive,annotated,True,True,False
267,267:0,laptop,Meets my needs perfectly and is light enough for this senior to carry without affecting my arthritis.,,LAPTOP#GENERAL,positive,annotated,True,True,False
267,267:0,laptop,Meets my needs perfectly and is light enough for this senior to carry without affecting my arthritis.,,LAPTOP#DESIGN_FEATURES,positive,annotated,True,True,False
267,267:0,laptop,Meets my needs perfectly and is light enough for this senior to carry without affecting my arthritis.,,LAPTOP#PORTABILITY,positive,annotated,True,True,False
132,132:0,laptop,"Needless to say, not to happy with the product.",,LAPTOP#GENERAL,negative,annotated,True,True,False
167,167:0,laptop,This is a great machine!,,LAPTOP#GENERAL,positive,annotated,True,True,False
167,167:1,laptop,"The design is awesome, quality is unprecedented.",,LAPTOP#DESIGN_FEATURES,positive,annotated,True,True,False
167,167:1,laptop,"The design is awesome, quality is unprecedented.",,LAPTOP#QUALITY,positive,annotated,True,True,False
169,169:0,laptop,"Apparently well-built and gorgeous to look at, the i5 MacBook Pro is a winning combination of price and performance.",,LAPTOP#QUALITY,positive,annotated,True,True,False
169,169:0,laptop,"Apparently well-built and gorgeous to look at, the i5 MacBook Pro is a winning combination of price and performance.",,LAPTOP#DESIGN_FEATURES,positive,annotated,True,True,False
169,169:0,laptop,"Apparently well-built and gorgeous to look at, the i5 MacBook Pro is a winning combination of price and performance.",,LAPTOP#PRICE,positive,annotated,True,True,False
169,169:0,laptop,"Apparently well-built and gorgeous to look at, the i5 MacBook Pro is a winning combination of price and performance.",,LAPTOP#OPERATION_PERFORMANCE,positive,annotated,True,True,False
197,197:0,laptop,It is by far one of the greatest investments I have ever made.,,LAPTOP#GENERAL,positive,annotated,True,True,False
284,284:0,laptop,Consumer Report recommended Toshiba.,,,,non_annotated,False,False,False
284,284:1,laptop,"Am very glad I bought it, great netbook, low price.",,LAPTOP#GENERAL,positive,annotated,True,True,False
284,284:1,laptop,"Am very glad I bought it, great netbook, low price.",,LAPTOP#PRICE,positive,annotated,True,True,False
299,299:0,laptop,Very good quality and well made.,,LAPTOP#QUALITY,positive,annotated,True,True,False
299,299:1,laptop,Great pick for portability and affordability.,,LAPTOP#PORTABILITY,positive,annotated,True,True,False
299,299:1,laptop,Great pick for portability and affordability.,,LAPTOP#PRICE,positive,annotated,True,True,False
299,299:2,laptop,The black model also has a very nice seamless appearance - one of the better looking notebooks I've seen.,,LAPTOP#DESIGN_FEATURES,positive,annotated,True,True,False
321,321:0,laptop,The only problem is a lack of screen resolutions!,,DISPLAY#QUALITY,negative,annotated,True,True,False
325,325:0,laptop,"If you need an affordable, entry-level laptop, this will fit the bill.",,LAPTOP#PRICE,positive,annotated,True,True,False
325,325:0,laptop,"If you need an affordable, entry-level laptop, this will fit the bill.",,LAPTOP#MISCELLANEOUS,positive,annotated,True,True,False
325,325:1,laptop,"I dislike the weight and size, cubersome.",,LAPTOP#PORTABILITY,negative,annotated,True,True,False
325,325:1,laptop,"I dislike the weight and size, cubersome.",,LAPTOP#DESIGN_FEATURES,negative,annotated,True,True,False
325,325:2,laptop,I dislike the quality and the placement of the speakers.,,MULTIMEDIA_DEVICES#QUALITY,negative,annotated,True,True,False
325,325:2,laptop,I dislike the quality and the placement of the speakers.,,MULTIMEDIA_DEVICES#DESIGN_FEATURES,negative,annotated,True,True,False
325,325:3,laptop,"Overall, it's ok.",,LAPTOP#GENERAL,neutral,annotated,True,True,False
326,326:0,laptop,"Laptop is advertised as a 15"" but the casing looks like that of a 17"".",,LAPTOP#DESIGN_FEATURES,negative,annotated,True,True,False
326,326:1,laptop,This laptop is very large and barely fits in any carrying cases.,,LAPTOP#DESIGN_FEATURES,negative,annotated,True,True,False
326,326:1,laptop,This laptop is very large and barely fits in any carrying cases.,,LAPTOP#PORTABILITY,negative,annotated,True,True,False
326,326:2,laptop,Peformance is good for the price.,,LAPTOP#OPERATION_PERFORMANCE,positive,annotated,True,True,False
326,326:2,laptop,Peformance is good for the price.,,LAPTOP#PRICE,neutral,annotated,True,True,False
326,326:3,laptop,"If you're not wanting to be mobile, this is a good laptop to sit on a desk.",,LAPTOP#PORTABILITY,negative,annotated,True,True,False
326,326:3,laptop,"If you're not wanting to be mobile, this is a good laptop to sit on a desk.",,LAPTOP#GENERAL,positive,annotated,True,True,False
8,8:0,laptop,Had to have this computer repaired twice in the first 5 months after purchasing it.,,LAPTOP#QUALITY,negative,annotated,True,True,False
8,8:1,laptop,Not good for a person who gets online daily.,,LAPTOP#MISCELLANEOUS,negative,annotated,True,True,False
8,8:2,laptop,May be better for the occasional web surfer.,,LAPTOP#MISCELLANEOUS,neutral,annotated,True,True,False
83,83:0,laptop,"I just got this laptop for college, and so far I am very happy with it.",,LAPTOP#GENERAL,positive,annotated,True,True,False
83,83:1,laptop,I really wanted a Mac over a pc because I used a Mac in high school.,,,,non_annotated,False,False,False
83,83:2,laptop,It is so much easier to use,,LAPTOP#USABILITY,positive,annotated,True,True,False
81,81:0,laptop,"Good keyboard, long battery life, largest hard drive and windows 7.",,KEYBOARD#GENERAL,positive,annotated,True,True,False
81,81:0,laptop,"Good keyboard, long battery life, largest hard drive and windows 7.",,BATTERY#OPERATION_PERFORMANCE,positive,annotated,True,True,False
81,81:0,laptop,"Good keyboard, long battery life, largest hard drive and windows 7.",,HARD_DISC#DESIGN_FEATURES,positive,annotated,True,True,False
81,81:0,laptop,"Good keyboard, long battery life, largest hard drive and windows 7.",,OS#GENERAL,neutral,annotated,True,True,False
81,81:1,laptop,And Toshiba is a quality supplier.,,SUPPORT#QUALITY,positive,annotated,True,True,False
80,80:0,laptop,I love this little one.,,LAPTOP#GENERAL,positive,annotated,True,True,False
80,80:1,laptop,The keyboard has a wonderful nature feel.,,KEYBOARD#QUALITY,positive,annotated,True,True,False
80,80:2,laptop,I like it better than my big Dell Laptop.,,,,non_annotated,False,False,False
80,80:3,laptop,Seriously considering a larger laptop to replace the Dell,,,,non_annotated,False,False,False
44,44:0,laptop,great battery life.,,BATTERY#OPERATION_PERFORMANCE,positive,annotated,True,True,False
44,44:1,laptop,Keyboard is reasonable size.,,KEYBOARD#DESIGN_FEATURES,positive,annotated,True,True,False
44,44:2,laptop,Small screen somewhat limiting but great for travel.,,DISPLAY#DESIGN_FEATURES,negative,annotated,True,True,False
44,44:2,laptop,Small screen somewhat limiting but great for travel.,,LAPTOP#PORTABILITY,positive,annotated,True,True,False
44,44:3,laptop,Charger seems large for this class of computer.,,POWER_SUPPLY#DESIGN_FEATURES,negative,annotated,True,True,False
200,200:0,laptop,"Great Laptop for the price, works well with action pack games.",,LAPTOP#GENERAL,positive,annotated,True,True,False
200,200:0,laptop,"Great Laptop for the price, works well with action pack games.",,LAPTOP#PRICE,neutral,annotated,True,True,False
200,200:0,laptop,"Great Laptop for the price, works well with action pack games.",,LAPTOP#MISCELLANEOUS,positive,annotated,True,True,False
200,200:1,laptop,"The only thing that I have, is the key broad is a little dark to see the letters, would help if it was a little lighter then it is.",,KEYBOARD#DESIGN_FEATURES,negative,annotated,True,True,False
200,200:1,laptop,"The only thing that I have, is the key broad is a little dark to see the letters, would help if it was a little lighter then it is.",,KEYBOARD#USABILITY,negative,annotated,True,True,False
200,200:2,laptop,but other then that I would give this product a 4 in hafe stars.,,LAPTOP#GENERAL,positive,annotated,True,True,False
206,206:0,laptop,Good for every day computing and web browsing.,,LAPTOP#MISCELLANEOUS,positive,annotated,True,True,False
177,177:0,laptop,A great computer for light home use and business use.,,LAPTOP#MISCELLANEOUS,positive,annotated,True,True,False
177,177:1,laptop,Might not make the avid gamer happy but I don't really think that is what this computer is designed for.,,LAPTOP#MISCELLANEOUS,neutral,annotated,True,True,False
177,177:2,laptop,"Crisp screen, great battery life, and plenty of storage.",,DISPLAY#QUALITY,positive,annotated,True,True,False
177,177:2,laptop,"Crisp screen, great battery life, and plenty of storage.",,BATTERY#OPERATION_PERFORMANCE,positive,annotated,True,True,False
177,177:2,laptop,"Crisp screen, great battery life, and plenty of storage.",,HARD_DISC#DESIGN_FEATURES,positive,annotated,True,True,False
177,177:3,laptop,Very happy.,,LAPTOP#GENERAL,positive,annotated,True,True,False
276,276:0,laptop,"My son and his family have a hard time financially because he is self-employed so the family had no computer of any kind, and kyle the oldest child is 12 and really need something to help him in school.",,,,non_annotated,False,False,False
276,276:1,laptop,so we got a good deal on hsn for an ascer notebook and we bought it for him.,,,,non_annotated,False,False,False
276,276:2,laptop,He loves it and it is easy to use and well the schools start teaching the kids early about computers so it was easy for him to get started.,,LAPTOP#GENERAL,positive,annotated,True,True,False
276,276:2,laptop,He loves it and it is easy to use and well the schools start teaching the kids early about computers so it was easy for him to get started.,,LAPTOP#USABILITY,positive,annotated,True,True,False
276,276:3,laptop,now he mows yards so he can earn the money for the wireless internet.,,,,non_annotated,False,False,False
276,276:4,laptop,I would recomend this acer to parents and grandparents it can really help them in school.,,LAPTOP#MISCELLANEOUS,positive,annotated,True,True,False
191,191:0,laptop,MY ONLY PROBLEM IS I CAN NOT REG. THE PRODUCT KEY.,,LAPTOP#MISCELLANEOUS,negative,annotated,True,True,False
191,191:1,laptop,"IT WANT TAKE IT, IT KEEP SAYING ERROR.",,LAPTOP#MISCELLANEOUS,negative,annotated,True,True,False
191,191:2,laptop,"HELP, HELP, OTHER THAN THAT GETS A GREAT LITTLE WONDER.",,LAPTOP#GENERAL,positive,annotated,True,True,False
237,237:0,laptop,It's fast and has excellent battery life.,,LAPTOP#OPERATION_PERFORMANCE,positive,annotated,True,True,False
237,237:0,laptop,It's fast and has excellent battery life.,,BATTERY#OPERATION_PERFORMANCE,positive,annotated,True,True,False
237,237:1,laptop,The screen shows great colors.,,DISPLAY#QUALITY,positive,annotated,True,True,False
247,247:0,laptop,I was surprised with the performance and quality of this HP Laptop.,,LAPTOP#OPERATION_PERFORMANCE,positive,annotated,True,True,False
247,247:0,laptop,I was surprised with the performance and quality of this HP Laptop.,,LAPTOP#QUALITY,positive,annotated,True,True,False
247,247:1,laptop,the speed is fine.,,LAPTOP#OPERATION_PERFORMANCE,positive,annotated,True,True,False
247,247:2,laptop,Laptop is to be used like a Netbook.,,,,non_annotated,False,False,False
247,247:3,laptop,"But with A WAY Bigger Screen, and IS able to connect to an HDMI.",,DISPLAY#DESIGN_FEATURES,positive,annotated,True,True,False
247,247:3,laptop,"But with A WAY Bigger Screen, and IS able to connect to an HDMI.",,LAPTOP#CONNECTIVITY,positive,annotated,True,True,False
247,247:4,laptop,Love it.,,LAPTOP#GENERAL,positive,annotated,True,True,False
254,254:0,laptop,"I would recommend this computer to anyone searching for the perfect laptop, and the battery life is amazing.",,LAPTOP#GENERAL,positive,annotated,True,True,False
254,254:0,laptop,"I would recommend this computer to anyone searching for the perfect laptop, and the battery life is amazing.",,BATTERY#OPERATION_PERFORMANCE,positive,annotated,True,True,False
216,216:0,laptop,I BOUGHT THIS LAP TOP AND THE CHARGE TIME DOSEN'T LAST AS LONG AS THEY SAY IT WILL MORE LIKE 2 HOURS,,BATTERY#OPERATION_PERFORMANCE,negative,annotated,True,True,False
242,242:0,laptop,This computer is the ideal college companion.,,LAPTOP#MISCELLANEOUS,positive,annotated,True,True,False
242,242:1,laptop,It's software and speed enable it to do amazing things.,,LAPTOP#OPERATION_PERFORMANCE,positive,annotated,True,True,False
242,242:1,laptop,It's software and speed enable it to do amazing things.,,SOFTWARE#GENERAL,positive,annotated,True,True,False
338,338:0,laptop,I am not happy at all with the product I purchased.,,LAPTOP#GENERAL,negative,annotated,True,True,False
338,338:1,laptop,"A cheaper price should not equal a ""cheap"" product.",,LAPTOP#PRICE,neutral,annotated,True,True,False
338,338:1,laptop,"A cheaper price should not equal a ""cheap"" product.",,LAPTOP#QUALITY,negative,annotated,True,True,False
338,338:2,laptop,It was over rated!,,LAPTOP#GENERAL,negative,annotated,True,True,False
364,364:0,laptop,The Toshiba laptop was a great purchase.,,LAPTOP#GENERAL,positive,annotated,True,True,False
364,364:1,laptop,"The price was very good, and the product is top quality.",,LAPTOP#PRICE,positive,annotated,True,True,False
364,364:1,laptop,"The price was very good, and the product is top quality.",,LAPTOP#QUALITY,positive,annotated,True,True,False
364,364:2,laptop,"The delivery was fast, and I would not hesitate to purchase this laptop again.",,SHIPPING#QUALITY,positive,annotated,True,True,False
364,364:2,laptop,"The delivery was fast, and I would not hesitate to purchase this laptop again.",,LAPTOP#GENERAL,positive,annotated,True,True,False
362,362:0,laptop,"This is my second laptop,and it is head and shoulders above my first.",,,,non_annotated,False,False,False
362,362:1,laptop,It has easy to use features and all the speed and power I could ask for.,,LAPTOP#USABILITY,positive,annotated,True,True,False
362,362:1,laptop,It has easy to use features and all the speed and power I could ask for.,,LAPTOP#OPERATION_PERFORMANCE,positive,annotated,True,True,False
362,362:2,laptop,True quality at a great price!,,LAPTOP#QUALITY,positive,annotated,True,True,False
362,362:2,laptop,True quality at a great price!,,LAPTOP#PRICE,positive,annotated,True,True,False
357,357:0,laptop,I have used a computer at work but having your own personal laptop is AWSOME!,,,,non_annotated,False,False,False
357,357:1,laptop,I am enjoying it and the quality it provides is great!,,LAPTOP#GENERAL,positive,annotated,True,True,False
357,357:1,laptop,I am enjoying it and the quality it provides is great!,,LAPTOP#QUALITY,positive,annotated,True,True,False
357,357:2,laptop,"Toshiba is a great brand, even though I haven't had it for a long time, I am very happy with it!",,COMPANY#GENERAL,positive,annotated,True,True,False
357,357:2,laptop,"Toshiba is a great brand, even though I haven't had it for a long time, I am very happy with it!",,LAPTOP#GENERAL,positive,annotated,True,True,False
330,330:0,laptop,"This is the first laptop I've owned, althougth I used several at my previous job.",,,,non_annotated,False,False,False
330,330:1,laptop,"The screen graphics and clarity, and sharpness are great.",,DISPLAY#QUALITY,positive,annotated,True,True,False
330,330:2,laptop,I've already recommended this laptop to a friend who eye'd the computer when I took it out of my bag.,,LAPTOP#GENERAL,positive,annotated,True,True,False
322,322:0,laptop,I like the laptop overall.,,LAPTOP#GENERAL,positive,annotated,True,True,False
322,322:1,laptop,The only thing i can say is that the touch pad doesnt work like it should all the time.,,MOUSE#OPERATION_PERFORMANCE,negative,annotated,True,True,False
322,322:2,laptop,Sometimes you really have to tap the pad to get it to work,,MOUSE#OPERATION_PERFORMANCE,negative,annotated,True,True,False
322,322:2,laptop,Sometimes you really have to tap the pad to get it to work,,MOUSE#USABILITY,negative,annotated,True,True,False
354,354:0,laptop,This is a great little computer for the price.,,LAPTOP#GENERAL,positive,annotated,True,True,False
354,354:0,laptop,This is a great little computer for the price.,,LAPTOP#PRICE,neutral,annotated,True,True,False
354,354:1,laptop,"Simple to use, and great graphics.",,LAPTOP#USABILITY,positive,annotated,True,True,False
354,354:1,laptop,"Simple to use, and great graphics.",,GRAPHICS#GENERAL,positive,annotated,True,True,False
354,354:2,laptop,It has everything I would need for a home computer.,,LAPTOP#MISCELLANEOUS,positive,annotated,True,True,False
354,354:3,laptop,I'm very impressed.,,LAPTOP#GENERAL,positive,annotated,True,True,False
301,301:0,laptop,It was secure and easy to navigate.,,LAPTOP#QUALITY,positive,annotated,True,True,False
301,301:0,laptop,It was secure and easy to navigate.,,LAPTOP#USABILITY,positive,annotated,True,True,False
301,301:1,laptop,It is everything that I would want in a computer.,,LAPTOP#GENERAL,positive,annotated,True,True,False
301,301:2,laptop,"Besides the great look, it is a great machine.",,LAPTOP#DESIGN_FEATURES,positive,annotated,True,True,False
301,301:2,laptop,"Besides the great look, it is a great machine.",,LAPTOP#GENERAL,positive,annotated,True,True,False
301,301:3,laptop,I would definitely not go back to using a PC after using the mac.,,,,non_annotated,False,False,False
301,301:4,laptop,Once again apple stands alone at the top of the charts.,,COMPANY#GENERAL,positive,annotated,True,True,False
369,369:0,laptop,"I enjoy very much my new Toshiba, purchased specifially for attending online schooling.",,LAPTOP#GENERAL,positive,annotated,True,True,False
369,369:1,laptop,"I have found it very easy to use, very imformative, wonder alerts and tutorials making it very easy for someone like me who is not exactly technologically advanced to learn to use the various features and programs.",,LAPTOP#USABILITY,positive,annotated,True,True,False
369,369:2,laptop,"I have found also, it is very easy to be able to access wireless internet access; without having to have extra equipment and/or complicated routes to take to be able to do so.",,LAPTOP#CONNECTIVITY,positive,annotated,True,True,False
369,369:3,laptop,"I also love the small, convenient size of my laptop, making it a perfect tool for my academic studies.",,LAPTOP#DESIGN_FEATURES,positive,annotated,True,True,False
369,369:3,laptop,"I also love the small, convenient size of my laptop, making it a perfect tool for my academic studies.",,LAPTOP#USABILITY,positive,annotated,True,True,False
369,369:3,laptop,"I also love the small, convenient size of my laptop, making it a perfect tool for my academic studies.",,LAPTOP#MISCELLANEOUS,positive,annotated,True,True,False
369,369:4,laptop,I am very pleased with my purchase!,,LAPTOP#GENERAL,positive,annotated,True,True,False
371,371:0,laptop,This laptop serves all my needs.,,LAPTOP#GENERAL,positive,annotated,True,True,False
371,371:1,laptop,Screen size is perfect for portable use in any environment.,,DISPLAY#DESIGN_FEATURES,positive,annotated,True,True,False
371,371:1,laptop,Screen size is perfect for portable use in any environment.,,LAPTOP#PORTABILITY,positive,annotated,True,True,False
371,371:2,laptop,Price and purpose is awesome!,,LAPTOP#PRICE,positive,annotated,True,True,False
371,371:2,laptop,Price and purpose is awesome!,,LAPTOP#MISCELLANEOUS,positive,annotated,True,True,False
373,373:0,laptop,I have been very pleased with the performance of this laptop.,,LAPTOP#OPERATION_PERFORMANCE,positive,annotated,True,True,False
373,373:1,laptop,"The battery life seems to be very good, and have had no issues with it.",,BATTERY#OPERATION_PERFORMANCE,positive,annotated,True,True,False
373,373:2,laptop,Great product.,,LAPTOP#GENERAL,positive,annotated,True,True,False
382,382:0,laptop,The laptop was very easy to set up.,,LAPTOP#USABILITY,positive,annotated,True,True,False
382,382:1,laptop,I did not have to call the support line at all.,,,,non_annotated,False,False,False
382,382:2,laptop,Everything was so easy.,,LAPTOP#USABILITY,positive,annotated,True,True,False
385,385:0,laptop,I purchased two laptops (for my husband and 16 year old daughter).,,,,non_annotated,False,False,False
385,385:1,laptop,"My husband uses it mostly for games, email and music.",,,,non_annotated,False,False,False
385,385:2,laptop,"My daughter uses it for games, email, facebook, pictures and music.",,,,non_annotated,False,False,False
385,385:3,laptop,They were able to set-up with labtops themselves within a few minutes.,,LAPTOP#USABILITY,positive,annotated,True,True,False
385,385:4,laptop,It works fine with our wireless and they've had not problems.,,LAPTOP#CONNECTIVITY,positive,annotated,True,True,False
385,385:4,laptop,It works fine with our wireless and they've had not problems.,,LAPTOP#GENERAL,positive,annotated,True,True,False
385,385:5,laptop,It's a great product for a great price!,,LAPTOP#GENERAL,positive,annotated,True,True,False
385,385:5,laptop,It's a great product for a great price!,,LAPTOP#PRICE,positive,annotated,True,True,False
4,4:0,laptop,"Waited on getting this computer, but it has been a great change.",,LAPTOP#GENERAL,positive,annotated,True,True,False
4,4:1,laptop,Ease of use is just one of the benefits I love about my Mac.,,LAPTOP#USABILITY,positive,annotated,True,True,False
160,160:0,laptop,Purchased as a gift for a friend.,,,,non_annotated,False,False,False
160,160:1,laptop,The service I received from Toshiba went above and beyond the call of duty.,,SUPPORT#QUALITY,positive,annotated,True,True,False
160,160:2,laptop,"My friend reports the notebook is astonishing in performance, picture quality, and ease of use.",,LAPTOP#OPERATION_PERFORMANCE,positive,annotated,True,True,False
160,160:2,laptop,"My friend reports the notebook is astonishing in performance, picture quality, and ease of use.",,DISPLAY#QUALITY,positive,annotated,True,True,False
160,160:2,laptop,"My friend reports the notebook is astonishing in performance, picture quality, and ease of use.",,LAPTOP#USABILITY,positive,annotated,True,True,False
160,160:3,laptop,It is extremely portable and easily connects to WIFI at the library and elsewhere.,,LAPTOP#PORTABILITY,positive,annotated,True,True,False
160,160:3,laptop,It is extremely portable and easily connects to WIFI at the library and elsewhere.,,LAPTOP#CONNECTIVITY,positive,annotated,True,True,False
160,160:4,laptop,Just what the doctor ordered.,,LAPTOP#GENERAL,positive,annotated,True,True,False
185,185:0,laptop,2nd Mac book I have purchased from MacConnection.,,,,non_annotated,False,False,False
185,185:1,laptop,I cannot be happier with the service or product.,,SUPPORT#GENERAL,positive,annotated,True,True,False
185,185:1,laptop,I cannot be happier with the service or product.,,LAPTOP#GENERAL,positive,annotated,True,True,False
64,64:0,laptop,power supply went bad after 2 weeks --,,POWER_SUPPLY#QUALITY,negative,annotated,True,True,False
64,64:1,laptop,after much effort and 10 days ASUS replaced it,,SUPPORT#QUALITY,negative,annotated,True,True,False
64,64:2,laptop,The WiFi is very weak.,,LAPTOP#CONNECTIVITY,negative,annotated,True,True,False
64,64:3,laptop,"I have other computers that get strong signals that don't drop in places that this ""net""book loses its signal.",,,,non_annotated,False,False,False
64,64:4,laptop,Summary: Spend your money elsewhere,,LAPTOP#GENERAL,negative,annotated,True,True,False
78,78:0,laptop,This is a nicely sized laptop with lots of processing power and long battery life.,,LAPTOP#DESIGN_FEATURES,positive,annotated,True,True,False
78,78:0,laptop,This is a nicely sized laptop with lots of processing power and long battery life.,,CPU#OPERATION_PERFORMANCE,positive,annotated,True,True,False
78,78:0,laptop,This is a nicely sized laptop with lots of processing power and long battery life.,,BATTERY#OPERATION_PERFORMANCE,positive,annotated,True,True,False
78,78:1,laptop,Love it so far.,,LAPTOP#GENERAL,positive,annotated,True,True,False
270,270:0,laptop,The Toshiba Net book operates very well.,,LAPTOP#OPERATION_PERFORMANCE,positive,annotated,True,True,False
270,270:1,laptop,The only objection I have is that after you buy it the windows 7 system is a starter and charges for the upgrade.,,OS#MISCELLANEOUS,negative,annotated,True,True,False
214,214:0,laptop,"I bought this netbook for traveling, and it's great - light, functional, and meets my needs.",,LAPTOP#GENERAL,positive,annotated,True,True,False
214,214:0,laptop,"I bought this netbook for traveling, and it's great - light, functional, and meets my needs.",,LAPTOP#DESIGN_FEATURES,positive,annotated,True,True,False
214,214:0,laptop,"I bought this netbook for traveling, and it's great - light, functional, and meets my needs.",,LAPTOP#PORTABILITY,positive,annotated,True,True,False
214,214:0,laptop,"I bought this netbook for traveling, and it's great - light, functional, and meets my needs.",,LAPTOP#OPERATION_PERFORMANCE,positive,annotated,True,True,False
214,214:1,laptop,"The touchpad is extremely sensitive, which is the only drawback.",,MOUSE#OPERATION_PERFORMANCE,negative,annotated,True,True,False
214,214:1,laptop,"The touchpad is extremely sensitive, which is the only drawback.",,LAPTOP#GENERAL,positive,annotated,True,True,False
214,214:2,laptop,"Otherwise, I love it!",,LAPTOP#GENERAL,positive,annotated,True,True,False
350,350:0,laptop,I shopped around before buying.,,,,non_annotated,False,False,False
350,350:1,laptop,I wasn't really sure I wanted to spend that kind of money!,,LAPTOP#PRICE,negative,annotated,True,True,False
350,350:2,laptop,It Was a great deal after all.,,LAPTOP#GENERAL,positive,annotated,True,True,False
350,350:2,laptop,It Was a great deal after all.,,LAPTOP#PRICE,positive,annotated,True,True,False
350,350:3,laptop,I LOVE it!,,LAPTOP#GENERAL,positive,annotated,True,True,False
350,350:4,laptop,I should have bought one a long time ago.,,LAPTOP#GENERAL,positive,annotated,True,True,False
350,350:5,laptop,Not enough time for me to give it 5 stars!,,LAPTOP#GENERAL,neutral,annotated,True,True,False
294,294:0,laptop,"I've had the MacBook Pro 15 for about three weeks, and it really is a great computer.",,LAPTOP#GENERAL,positive,annotated,True,True,False
294,294:1,laptop,I have only had PCs with Windows before so this takes a little getting use to.,,OS#USABILITY,neutral,annotated,True,True,False
294,294:2,laptop,The real stand out on this computer is the feel of the keyboard and it's speed.,,KEYBOARD#QUALITY,positive,annotated,True,True,False
294,294:2,laptop,The real stand out on this computer is the feel of the keyboard and it's speed.,,LAPTOP#OPERATION_PERFORMANCE,positive,annotated,True,True,False
294,294:3,laptop,"It is fast booting up , shutting down, and connection with the internet.",,LAPTOP#OPERATION_PERFORMANCE,positive,annotated,True,True,False
294,294:3,laptop,"It is fast booting up , shutting down, and connection with the internet.",,LAPTOP#CONNECTIVITY,positive,annotated,True,True,False
294,294:4,laptop,The one thing I wish it had was a detailed hardcopy manuel.,,LAPTOP#MISCELLANEOUS,negative,annotated,True,True,False
294,294:5,laptop,"I think the manual is somewhere on the hard drive, but I rather have a hard copy.",,LAPTOP#MISCELLANEOUS,neutral,annotated,True,True,False
239,239:0,laptop,"If what you need is a machine to do some surfing, email checking, word processing, and watching a movie or two, this is the machine you want.",,LAPTOP#MISCELLANEOUS,positive,annotated,True,True,False
239,239:1,laptop,It's priced very reasonable and works very well right out of the box.,,LAPTOP#PRICE,positive,annotated,True,True,False
239,239:1,laptop,It's priced very reasonable and works very well right out of the box.,,LAPTOP#OPERATION_PERFORMANCE,positive,annotated,True,True,False
239,239:2,laptop,"If you want a little more custom ability, drop a few bucks and upgrade to one of the more robust versions of Win 7 and grab a 2GB stick of memory to spice it all up a bit more.",,,,non_annotated,False,False,False
239,239:3,laptop,(I found a 2GB stick for a bit under $50),,,,non_annotated,False,False,False
239,239:4,laptop,"Nice and portable and definitely a decent enough system to keep you entertained while sitting in the airplane for a couple of hours, or at the hotel taking care of some last minute details and documents.",,LAPTOP#GENERAL,positive,annotated,True,True,False
239,239:4,laptop,"Nice and portable and definitely a decent enough system to keep you entertained while sitting in the airplane for a couple of hours, or at the hotel taking care of some last minute details and documents.",,LAPTOP#PORTABILITY,positive,annotated,True,True,False
239,239:4,laptop,"Nice and portable and definitely a decent enough system to keep you entertained while sitting in the airplane for a couple of hours, or at the hotel taking care of some last minute details and documents.",,LAPTOP#MISCELLANEOUS,positive,annotated,True,True,False
239,239:5,laptop,My ONLY issues are:,,,,non_annotated,False,False,False
239,239:6,laptop,the screen/video resolution won't increase to a higher resolution then 1024 x 60,,DISPLAY#QUALITY,negative,annotated,True,True,False
239,239:7,laptop,"That being said, it still runs video in full screen decently.",,DISPLAY#OPERATION_PERFORMANCE,neutral,annotated,True,True,False
239,239:8,laptop,"The sound is a bit quiet if you're on a plane, this can easily be overcome with a decent pair of head phones.",,MULTIMEDIA_DEVICES#QUALITY,neutral,annotated,True,True,False
239,239:9,laptop,"Bottom line, I doubt you'd be overly disappointed if you invest in this machine.",,LAPTOP#GENERAL,positive,annotated,True,True,False
85,85:0,laptop,"Okay, let's just start out by saying I am in no way a computer techy.",,,,non_annotated,False,False,False
85,85:1,laptop,"I am a wife, mom and a school teacher and a college student.",,,,non_annotated,False,False,False
85,85:2,laptop,"Trying to balance all of my roles leaves very little time for me to do anything, so I want to manage my time I do have to be the most efficient.",,,,non_annotated,False,False,False
85,85:3,laptop,I work on a PC at home and have used Pc all through college.,,,,non_annotated,False,False,False
85,85:4,laptop,"I use the computer to basically check emails, surf the web, print coupons and for my college papers.",,,,non_annotated,False,False,False
85,85:5,laptop,I was getting extrememly frustrated when I would want to do these simple taks that I would have to wait and wait and wait for things to download or virus that would clog up my PC.,,,,non_annotated,False,False,False
85,85:6,laptop,It would take up too much time to do reaearch for my papers and I would be up hours-just because the computer was too slow.,,,,non_annotated,False,False,False
85,85:7,laptop,My brother is a computer wiz and would laugh at me because he used an Apple.,,,,non_annotated,False,False,False
85,85:8,laptop,"Finally, I couldn't take it anymore and ordered my Apple.",,,,non_annotated,False,False,False
85,85:9,laptop,"Yes, I thought the expese was a little much, but I now realize you get what you pay for.",,LAPTOP#PRICE,negative,annotated,True,True,False
85,85:9,laptop,"Yes, I thought the expese was a little much, but I now realize you get what you pay for.",,LAPTOP#GENERAL,positive,annotated,True,True,False
85,85:10,laptop,"I love my Apple, it is quick and easy to use.",,LAPTOP#GENERAL,positive,annotated,True,True,False
85,85:10,laptop,"I love my Apple, it is quick and easy to use.",,LAPTOP#OPERATION_PERFORMANCE,positive,annotated,True,True,False
85,85:10,laptop,"I love my Apple, it is quick and easy to use.",,LAPTOP#USABILITY,positive,annotated,True,True,False
85,85:11,laptop,"I've had to call Apple support to set up my new printer and have had wonderful experiences with helpful, english speaking (from Vancouver) techs that walked me through the processes to help me.",,SUPPORT#QUALITY,positive,annotated,True,True,False
85,85:12,laptop,I can't say enough of how satisfied I am with their product and help aftermarket.,,LAPTOP#GENERAL,positive,annotated,True,True,False
85,85:12,laptop,I can't say enough of how satisfied I am with their product and help aftermarket.,,SUPPORT#QUALITY,positive,annotated,True,True,False
85,85:13,laptop,Money and time well spent!,,LAPTOP#GENERAL,positive,annotated,True,True,False
85,85:13,laptop,Money and time well spent!,,LAPTOP#PRICE,positive,annotated,True,True,False
85,85:14,laptop,Highly recommended!,,LAPTOP#GENERAL,positive,annotated,True,True,False
84,84:0,laptop,I was looking for a mac which is portable and has all the features that I was looking for.,,,,non_annotated,False,False,False
84,84:1,laptop,"The 13"" Macbook Pro just fits in my budget and with free shipping and no tax to CA this is the best price we can get for a great product.",,LAPTOP#PRICE,positive,annotated,True,True,False
84,84:1,laptop,"The 13"" Macbook Pro just fits in my budget and with free shipping and no tax to CA this is the best price we can get for a great product.",,SHIPPING#PRICE,positive,annotated,True,True,False
84,84:1,laptop,"The 13"" Macbook Pro just fits in my budget and with free shipping and no tax to CA this is the best price we can get for a great product.",,LAPTOP#GENERAL,positive,annotated,True,True,False
84,84:2,laptop,"The Macbook arrived in a nice twin packing and sealed in the box, all the functions works great.",,LAPTOP#MISCELLANEOUS,positive,annotated,True,True,False
84,84:2,laptop,"The Macbook arrived in a nice twin packing and sealed in the box, all the functions works great.",,LAPTOP#OPERATION_PERFORMANCE,positive,annotated,True,True,False
84,84:3,laptop,I would recommend anyone to buy from pcconnection express.,,,,non_annotated,False,False,False
84,84:4,laptop,Speakers doesn't sound that great.,,MULTIMEDIA_DEVICES#QUALITY,negative,annotated,True,True,False
84,84:5,laptop,The battery life also doesn't keep up with the claim but still I think macbook is much ahead from the rest of the pack.,,,,non_annotated,False,False,False
193,193:0,laptop,This was an update from an early MacBook Pro.,,,,non_annotated,False,False,False
193,193:1,laptop,"Love the speed, especially!",,LAPTOP#OPERATION_PERFORMANCE,positive,annotated,True,True,False
193,193:2,laptop,So glad I decided to upgrade!,,LAPTOP#GENERAL,positive,annotated,True,True,False
193,193:3,laptop,"Thanks, MacConnection, for making this a seamless purchase!",,,,non_annotated,False,False,False
332,332:0,laptop,"I've owned this labtop for less then two months, already the mouse button has broke.",,MOUSE#QUALITY,negative,annotated,True,True,False
332,332:1,laptop,"Still under warrenty so called Toshiba, no help at all.",,SUPPORT#QUALITY,negative,annotated,True,True,False
332,332:2,laptop,I'm stuck w/ a broken computer.,,LAPTOP#QUALITY,negative,annotated,True,True,False
332,332:3,laptop,"Will not buy another Toshiba, this is my second, not happy w/ either.",,LAPTOP#GENERAL,negative,annotated,True,True,False
332,332:3,laptop,"Will not buy another Toshiba, this is my second, not happy w/ either.",,COMPANY#GENERAL,negative,annotated,True,True,False
55,55:0,laptop,This is my 3rd Apple Laptop and first MacBook Pro.,,,,non_annotated,False,False,False
55,55:1,laptop,"I love its solid build, light wt and excellent battery life (for now).",,LAPTOP#QUALITY,positive,annotated,True,True,False
55,55:1,laptop,"I love its solid build, light wt and excellent battery life (for now).",,LAPTOP#DESIGN_FEATURES,positive,annotated,True,True,False
55,55:1,laptop,"I love its solid build, light wt and excellent battery life (for now).",,BATTERY#OPERATION_PERFORMANCE,positive,annotated,True,True,False
55,55:2,laptop,Excellent LED monitor and well equipped.,,DISPLAY#DESIGN_FEATURES,positive,annotated,True,True,False
55,55:2,laptop,Excellent LED monitor and well equipped.,,LAPTOP#DESIGN_FEATURES,positive,annotated,True,True,False
55,55:3,laptop,I love the Apple products.,,COMPANY#GENERAL,positive,annotated,True,True,False
86,86:0,laptop,"The Toshiba Mini Notebook, Model NB 305-N410BL, is a great little computer.",,LAPTOP#GENERAL,positive,annotated,True,True,False
86,86:1,laptop,"It is easy to use, its keyboard easily accommodates large hands, and its weight is fantasic.",,KEYBOARD#DESIGN_FEATURES,positive,annotated,True,True,False
86,86:1,laptop,"It is easy to use, its keyboard easily accommodates large hands, and its weight is fantasic.",,KEYBOARD#USABILITY,positive,annotated,True,True,False
86,86:1,laptop,"It is easy to use, its keyboard easily accommodates large hands, and its weight is fantasic.",,LAPTOP#DESIGN_FEATURES,positive,annotated,True,True,False
86,86:1,laptop,"It is easy to use, its keyboard easily accommodates large hands, and its weight is fantasic.",,LAPTOP#USABILITY,positive,annotated,True,True,False
86,86:2,laptop,"Upgrading from Windows 7 Starter, thru Windows 7 Home Premium, to Windows 7 Professional was a snap;",,LAPTOP#USABILITY,positive,annotated,True,True,False
86,86:3,laptop,both upgrades were quickly accomplished after purchasing the necessary Product Key.,,LAPTOP#USABILITY,positive,annotated,True,True,False
86,86:4,laptop,"Other installed features, such as certain printer software, are also most attractive.",,LAPTOP#DESIGN_FEATURES,positive,annotated,True,True,False
127,127:0,laptop,"Ever since I bought this laptop, so far I've experience nothing but constant break downs of the laptop and bad customer services I received over the phone with toshiba customer services hotlines.",,LAPTOP#QUALITY,negative,annotated,True,True,False
127,127:0,laptop,"Ever since I bought this laptop, so far I've experience nothing but constant break downs of the laptop and bad customer services I received over the phone with toshiba customer services hotlines.",,SUPPORT#QUALITY,negative,annotated,True,True,False
127,127:1,laptop,I constantly had to send my laptop in for services every 3 months and it always seems to be the same problem that they said they had already fixed.,,LAPTOP#QUALITY,negative,annotated,True,True,False
127,127:1,laptop,I constantly had to send my laptop in for services every 3 months and it always seems to be the same problem that they said they had already fixed.,,SUPPORT#QUALITY,negative,annotated,True,True,False
127,127:2,laptop,"Toshiba customer services will indirectly deal with your problems by constantly tranferring you from one country to another, and I am not kidding you, I called different hours of the day and you'll get someone else from another country trying to get you to tell them your life story all over again, since they make it sound like they don't have your history list of your calls right in front of them.",,SUPPORT#QUALITY,negative,annotated,True,True,False
127,127:3,laptop,It's a long and tirring process that after a while it seems like their game plan was to wear you out so you would want to give up on contacting them.,,SUPPORT#QUALITY,negative,annotated,True,True,False
127,127:4,laptop,"And at one point, they blame me for installing a bad memory stick when I upgrade my memory for the first time during my purchase of the laptop (I bought the memory stick they recomended).",,SUPPORT#QUALITY,negative,annotated,True,True,False
127,127:5,laptop,"Long story short, since I experience so many problems with my laptop every since I bought it from day one, I didn't ask for a new laptop or a refund of what I pay for a crapy laptop, but just an extension of my laptop warranty for another year, they made a big deal of out that and after so many calls and complaints about their products and services, they finally gave in.",,LAPTOP#QUALITY,negative,annotated,True,True,False
127,127:5,laptop,"Long story short, since I experience so many problems with my laptop every since I bought it from day one, I didn't ask for a new laptop or a refund of what I pay for a crapy laptop, but just an extension of my laptop warranty for another year, they made a big deal of out that and after so many calls and complaints about their products and services, they finally gave in.",,SUPPORT#QUALITY,negative,annotated,True,True,False
127,127:6,laptop,Was this product worth my time and money to ever want to purchase another products that is toshiba or relating to toshiba?,,LAPTOP#GENERAL,negative,annotated,True,True,False
127,127:6,laptop,Was this product worth my time and money to ever want to purchase another products that is toshiba or relating to toshiba?,,COMPANY#GENERAL,negative,annotated,True,True,False
127,127:7,laptop,Probably not ever again.,,,,non_annotated,False,False,False
127,127:8,laptop,I'll rather be out of date then spend more money on toshiba.,,COMPANY#GENERAL,negative,annotated,True,True,False
127,127:9,laptop,Remember to do your research first before consider buying a toshiba product.,,COMPANY#GENERAL,negative,annotated,True,True,False
1,1:0,laptop,All I can say is W-O-W.,,LAPTOP#GENERAL,positive,annotated,True,True,False
1,1:1,laptop,This laptop is insane!!!,,LAPTOP#GENERAL,positive,annotated,True,True,False
1,1:2,laptop,It's so nice to look at and the keys are easy to type with.,,LAPTOP#DESIGN_FEATURES,positive,annotated,True,True,False
1,1:2,laptop,It's so nice to look at and the keys are easy to type with.,,KEYBOARD#USABILITY,positive,annotated,True,True,False
1,1:3,laptop,I bought a protector for my key pad and it works great :),,KEYBOARD#OPERATION_PERFORMANCE,positive,annotated,True,True,False
1,1:4,laptop,This is definitely a computer worth the money;,,LAPTOP#GENERAL,positive,annotated,True,True,False
1,1:4,laptop,This is definitely a computer worth the money;,,LAPTOP#PRICE,positive,annotated,True,True,False
1,1:5,laptop,The mouse is a little bit different than what you're used to though- it has one big flat panel and one full bar (instead of two separate ones) to click with- but you get used to it quite quickly.,,MOUSE#DESIGN_FEATURES,neutral,annotated,True,True,False
1,1:5,laptop,The mouse is a little bit different than what you're used to though- it has one big flat panel and one full bar (instead of two separate ones) to click with- but you get used to it quite quickly.,,MOUSE#USABILITY,neutral,annotated,True,True,False
1,1:6,laptop,"AND the best part is that it even comes with a free printer (when they have a certain promotion/offer going, of course)!",,LAPTOP#MISCELLANEOUS,positive,annotated,True,True,False
1,1:7,laptop,"Overall, this laptop is definitely a keeper with its simple yet stylish design and its array of fantastic colors to choose from.",,LAPTOP#GENERAL,positive,annotated,True,True,False
1,1:7,laptop,"Overall, this laptop is definitely a keeper with its simple yet stylish design and its array of fantastic colors to choose from.",,LAPTOP#DESIGN_FEATURES,positive,annotated,True,True,False
1,1:8,laptop,The Apple team also assists you very nicely when choosing which computer is right for you :),,SUPPORT#QUALITY,positive,annotated,True,True,False
1,1:9,laptop,"Obviously, this Macbook is P-E-R-F-E-C-T for me because it does exactly what I need in an easy-to-function way.",,LAPTOP#GENERAL,positive,annotated,True,True,False
1,1:9,laptop,"Obviously, this Macbook is P-E-R-F-E-C-T for me because it does exactly what I need in an easy-to-function way.",,LAPTOP#USABILITY,positive,annotated,True,True,False
1,1:10,laptop,DEFINITELY recommended!!!,,LAPTOP#GENERAL,positive,annotated,True,True,False
213,213:0,laptop,"Not a bad laptop, it's a bit slow, but gets the job done.",,LAPTOP#GENERAL,positive,annotated,True,True,False
213,213:0,laptop,"Not a bad laptop, it's a bit slow, but gets the job done.",,LAPTOP#OPERATION_PERFORMANCE,neutral,annotated,True,True,False
213,213:1,laptop,The lcd screen stopped working on mine after 10 months.,,DISPLAY#QUALITY,negative,annotated,True,True,False
213,213:1,laptop,The lcd screen stopped working on mine after 10 months.,,DISPLAY#OPERATION_PERFORMANCE,negative,annotated,True,True,False
213,213:2,laptop,I could not find a phone number anywhere to call an actual live person for tech support and had to result the their online chat.,,SUPPORT#MISCELLANEOUS,negative,annotated,True,True,False
213,213:3,laptop,"upon giving them the serial number the first thing I was told, was that it was out of warranty and I could pay to have it repaired even though I had the receipt in front of me proving it still had 2 months left on the warranty.",,SUPPORT#QUALITY,negative,annotated,True,True,False
213,213:4,laptop,even though I had the receipt in front of me proving it still had 2 months left on the warranty.,,SUPPORT#QUALITY,negative,annotated,True,True,False
213,213:5,laptop,Dealing with the support drone on the other end of the chat was sheer torture.,,SUPPORT#QUALITY,negative,annotated,True,True,False
213,213:6,laptop,English must have been his third or fourth language.,,SUPPORT#QUALITY,negative,annotated,True,True,False
213,213:7,laptop,"His language was so bad I swore I was taking the turing test, and it was failing.",,SUPPORT#QUALITY,negative,annotated,True,True,False
213,213:8,laptop,after trying to get some help he disconnected on me.,,SUPPORT#QUALITY,negative,annotated,True,True,False
213,213:9,laptop,After that I turned to email in my next vain help to get them to acknowledge that the warranty was still valid.,,,,non_annotated,False,False,False
213,213:10,laptop,"After 4 days, being denied 6 times and told off once, I managed to get through and was able to send them a scanned copy of the receipt.",,SUPPORT#QUALITY,negative,annotated,True,True,False
213,213:11,laptop,After that the said it was under warranty.,,,,non_annotated,False,False,False
213,213:12,laptop,Then they had me jump through many hoops and questions to see if they could find another way to invalidate me.,,SUPPORT#QUALITY,negative,annotated,True,True,False
213,213:13,laptop,"After they found no other way, they told me to courier it to them(since they don't allow the use of the post office) at my expense, and sent me a 4 page list of very specific packaging instructions to follow or it wouldn't be covered.",,SUPPORT#QUALITY,negative,annotated,True,True,False
213,213:14,laptop,I managed to comply with these too and now have to wait and see if they can find another way to screw me.,,SUPPORT#QUALITY,negative,annotated,True,True,False
213,213:15,laptop,They really do have the worlds very worst repair service.,,SUPPORT#GENERAL,negative,annotated,True,True,False
16,16:0,laptop,"This computer gets very hot, before shutting down.",,LAPTOP#QUALITY,negative,annotated,True,True,False
16,16:1,laptop,It is not ideal for children because of the temp.,,LAPTOP#QUALITY,negative,annotated,True,True,False
16,16:1,laptop,It is not ideal for children because of the temp.,,LAPTOP#MISCELLANEOUS,negative,annotated,True,True,False
16,16:2,laptop,"I Contacted HP  about this situation and was given excuses, without results.",,SUPPORT#QUALITY,negative,annotated,True,True,False
16,16:3,laptop,They didn't even try to assist me or even offer a replacement.,,SUPPORT#QUALITY,negative,annotated,True,True,False
16,16:4,laptop,I will never purchase a HP again ever.,,COMPANY#GENERAL,negative,annotated,True,True,False
40,40:0,laptop,"Let's just get this out of the way, I love Apple!",,COMPANY#GENERAL,positive,annotated,True,True,False
40,40:1,laptop,So this review might be a tad bit bias.,,,,non_annotated,False,False,False
40,40:2,laptop,But the Macbook is the best!,,LAPTOP#GENERAL,positive,annotated,True,True,False
40,40:3,laptop,It is super easy to use.,,LAPTOP#USABILITY,positive,annotated,True,True,False
40,40:4,laptop,All you have to do is turn it on and it works.,,LAPTOP#USABILITY,positive,annotated,True,True,False
40,40:4,laptop,All you have to do is turn it on and it works.,,LAPTOP#OPERATION_PERFORMANCE,positive,annotated,True,True,False
40,40:5,laptop,"It is very durable, I am pretty rough when it comes to electronics and it has taken it all with no reprecutions yet.",,LAPTOP#QUALITY,positive,annotated,True,True,False
40,40:6,laptop,"I don't do any high tech stuff on it, just write papers, check mail, and sometimes play games, so I can't reccomend it if you are in the computer field.",,LAPTOP#MISCELLANEOUS,neutral,annotated,True,True,False
40,40:7,laptop,But if you are in the computer field you probably wouldn't be here.:),,,,non_annotated,False,False,False
40,40:8,laptop,In the past four years I've had it I have never once gotten a virus.,,LAPTOP#QUALITY,positive,annotated,True,True,False
40,40:9,laptop,"I did have to replace the battery once, but that was only a couple months ago and it's been working perfect ever since.",,BATTERY#QUALITY,neutral,annotated,True,True,False
40,40:9,laptop,"I did have to replace the battery once, but that was only a couple months ago and it's been working perfect ever since.",,BATTERY#OPERATION_PERFORMANCE,positive,annotated,True,True,False
40,40:10,laptop,"I would definitely reccomend this if you are in the market for an easy to use, stylish, fun, awesome computer.",,LAPTOP#USABILITY,positive,annotated,True,True,False
40,40:10,laptop,"I would definitely reccomend this if you are in the market for an easy to use, stylish, fun, awesome computer.",,LAPTOP#DESIGN_FEATURES,positive,annotated,True,True,False
40,40:10,laptop,"I would definitely reccomend this if you are in the market for an easy to use, stylish, fun, awesome computer.",,LAPTOP#GENERAL,positive,annotated,True,True,False
40,40:11,laptop,"Also it is very good for college students who just need a reliable, easy to use computer.",,LAPTOP#MISCELLANEOUS,positive,annotated,True,True,False
40,40:11,laptop,"Also it is very good for college students who just need a reliable, easy to use computer.",,LAPTOP#QUALITY,positive,annotated,True,True,False
40,40:11,laptop,"Also it is very good for college students who just need a reliable, easy to use computer.",,LAPTOP#USABILITY,positive,annotated,True,True,False
40,40:12,laptop,Hope this helped!,,,,non_annotated,False,False,False
394,394:0,laptop,"No laptop is perfect, but sometimes you just find a computer that works for you.",,,,non_annotated,False,False,False
394,394:1,laptop,This laptop does everything I need it to very well.,,LAPTOP#GENERAL,positive,annotated,True,True,False
394,394:2,laptop,I bought this laptop so that the entire family had a computer in the living room;,,,,non_annotated,False,False,False
394,394:3,laptop,the two of us use it regularly.,,,,non_annotated,False,False,False
394,394:4,laptop,I wanted something that had a new Intel Core processors and HDMI port so that we could hook it up directly to our TV.,,,,non_annotated,False,False,False
394,394:5,laptop,The best thing about this laptop is the price along with some of the newer features.,,LAPTOP#PRICE,positive,annotated,True,True,False
394,394:5,laptop,The best thing about this laptop is the price along with some of the newer features.,,LAPTOP#DESIGN_FEATURES,positive,annotated,True,True,False
394,394:6,laptop,The screen is bright and the keyboard is nice;,,DISPLAY#QUALITY,positive,annotated,True,True,False
394,394:6,laptop,The screen is bright and the keyboard is nice;,,KEYBOARD#GENERAL,positive,annotated,True,True,False
394,394:7,laptop,I find myself using the 10-key more than I thought I would.,,KEYBOARD#DESIGN_FEATURES,positive,annotated,True,True,False
394,394:7,laptop,I find myself using the 10-key more than I thought I would.,,KEYBOARD#USABILITY,positive,annotated,True,True,False
394,394:8,laptop,Battery is lasting about 6 hours as I am surfing the web on Sundays while checking football scores and watching funny Youtube videos.,,BATTERY#OPERATION_PERFORMANCE,neutral,annotated,True,True,False
394,394:9,laptop,For those that care about noise this thing doesn't really make any;,,LAPTOP#QUALITY,positive,annotated,True,True,False
394,394:10,laptop,the i3 processor doesn't seem to run hot and the fan rarely turns on.,,CPU#QUALITY,positive,annotated,True,True,False
394,394:11,laptop,I took off a star because the machine has a lot of junk software on it.,,LAPTOP#DESIGN_FEATURES,negative,annotated,True,True,False
394,394:11,laptop,I took off a star because the machine has a lot of junk software on it.,,SOFTWARE#GENERAL,negative,annotated,True,True,False
394,394:12,laptop,I wish Toshiba would allow their customers to select an option that only boots the OS at setup and removes all the unnecessary stuff.,,LAPTOP#DESIGN_FEATURES,negative,annotated,True,True,False
394,394:13,laptop,Once I removed all the software the laptop loads in 15-20 seconds.,,SOFTWARE#GENERAL,negative,annotated,True,True,False
394,394:13,laptop,Once I removed all the software the laptop loads in 15-20 seconds.,,LAPTOP#OPERATION_PERFORMANCE,neutral,annotated,True,True,False
394,394:14,laptop,This is not a serious gaming laptop or a serious media machine;,,LAPTOP#MISCELLANEOUS,negative,annotated,True,True,False
394,394:15,laptop,my niece and nephew have played a few web games and it runs anything that doesn't require a dedicated video card.,,LAPTOP#MISCELLANEOUS,neutral,annotated,True,True,False
394,394:15,laptop,my niece and nephew have played a few web games and it runs anything that doesn't require a dedicated video card.,,GRAPHICS#DESIGN_FEATURES,neutral,annotated,True,True,False
394,394:16,laptop,Overall I am very satisfied with the purchase.,,LAPTOP#GENERAL,positive,annotated,True,True,False
394,394:17,laptop,I looked around and based off my price/features comparison from a brand I trusted I landed here.,,,,non_annotated,False,False,False
386,386:0,laptop,"Great, quick laptop for the money.",,LAPTOP#GENERAL,positive,annotated,True,True,False
386,386:0,laptop,"Great, quick laptop for the money.",,LAPTOP#PRICE,neutral,annotated,True,True,False
386,386:0,laptop,"Great, quick laptop for the money.",,LAPTOP#OPERATION_PERFORMANCE,positive,annotated,True,True,False
386,386:1,laptop,Right size and weight for portability.,,LAPTOP#DESIGN_FEATURES,positive,annotated,True,True,False
386,386:1,laptop,Right size and weight for portability.,,LAPTOP#PORTABILITY,positive,annotated,True,True,False
386,386:2,laptop,Battery life needs more life.,,BATTERY#OPERATION_PERFORMANCE,negative,annotated,True,True,False
386,386:3,laptop,Battery is not upgradable to a longer life battery.,,LAPTOP#USABILITY,negative,annotated,True,True,False
381,381:0,laptop,Both my husband and I have this model Toshiba.,,,,non_annotated,False,False,False
381,381:1,laptop,I love everything about it.,,LAPTOP#GENERAL,positive,annotated,True,True,False
381,381:2,laptop,The only downfall is the battery only last 1.5-2.0 hrs when not plugged in.,,BATTERY#OPERATION_PERFORMANCE,negative,annotated,True,True,False
381,381:3,laptop,I would like at least a 4 hr. battery life.,,BATTERY#OPERATION_PERFORMANCE,negative,annotated,True,True,False
381,381:4,laptop,"Otherwise, all other features are a 1",,LAPTOP#DESIGN_FEATURES,positive,annotated,True,True,False
174,174:0,laptop,This mac is great!,,LAPTOP#GENERAL,positive,annotated,True,True,False
174,174:1,laptop,"lightweight, long battery life, excellent transition from PC;",,LAPTOP#DESIGN_FEATURES,positive,annotated,True,True,False
174,174:1,laptop,"lightweight, long battery life, excellent transition from PC;",,BATTERY#OPERATION_PERFORMANCE,positive,annotated,True,True,False
174,174:1,laptop,"lightweight, long battery life, excellent transition from PC;",,LAPTOP#MISCELLANEOUS,positive,annotated,True,True,False
211,211:0,laptop,THIS HAS BEEN NOTHING BUT A HEADACHE SINCE WE PURCHASED IT.,,LAPTOP#QUALITY,negative,annotated,True,True,False
211,211:1,laptop,"I will NEVER buy (Refurbished) again, I don't cae how cheap it is.",,LAPTOP#MISCELLANEOUS,negative,annotated,True,True,False
211,211:2,laptop,I'll wait and save up for a new one.,,,,non_annotated,False,False,False
211,211:3,laptop,Just don't waste your time and money on this.,,LAPTOP#GENERAL,negative,annotated,True,True,False
211,211:4,laptop,"I tried giving it 0 stars but I had to choose at least one, but IMO NO STARS",,LAPTOP#GENERAL,negative,annotated,True,True,False
131,131:0,laptop,Summary: Dont buy HP.,,COMPANY#GENERAL,negative,annotated,True,True,False
131,131:1,laptop,"If you buy, pray you dont have major prolems.",,COMPANY#GENERAL,negative,annotated,True,True,False
143,143:0,laptop,Runs Hot,,LAPTOP#QUALITY,negative,annotated,True,True,False
143,143:1,laptop,I thought we were paying for quality in our decision to buy an Apple product.,,COMPANY#GENERAL,negative,annotated,True,True,False
143,143:1,laptop,I thought we were paying for quality in our decision to buy an Apple product.,,LAPTOP#QUALITY,negative,annotated,True,True,False
143,143:2,laptop,"Unfortunately, that is not the case.",,,,non_annotated,False,False,False
143,143:3,laptop,"After a little more than a year of owning my MacBook Pro, the monitor has completely died.",,DISPLAY#QUALITY,negative,annotated,True,True,False
143,143:4,laptop,"Because we did not purchase the extended warranty in time, we are on the hook for the repair.",,,,non_annotated,False,False,False
143,143:5,laptop,The Genius at the Apple store advised me that there was nothing about my use of the computer that caused this failure.,,,,non_annotated,False,False,False
143,143:6,laptop,"In fact, he said, about 10% of their products fail.",,,,non_annotated,False,False,False
143,143:7,laptop,Hmmm - that high failure rate sure isn't reflected in the retail price.,,,,non_annotated,False,False,False
162,162:0,laptop,"This purchase opened me to the world of Macbooks, and I am impressed with the intuition of the design, the beauty of the product, and the excellent technological advances associated with it.",,LAPTOP#DESIGN_FEATURES,positive,annotated,True,True,False
204,204:0,laptop,This is the third MacBook Pro in our family.,,,,non_annotated,False,False,False
204,204:1,laptop,I bought my first MacBook after seeing the product demonstrated.,,,,non_annotated,False,False,False
204,204:2,laptop,Then 2 of my nephews were going into music and both fell in love with the MacBook Pro.,,LAPTOP#GENERAL,positive,annotated,True,True,False
204,204:3,laptop,Now they are believers in the product.,,LAPTOP#GENERAL,positive,annotated,True,True,False
204,204:4,laptop,"It is easy to use, has great screen quality, and every so light weight.",,LAPTOP#USABILITY,positive,annotated,True,True,False
204,204:4,laptop,"It is easy to use, has great screen quality, and every so light weight.",,DISPLAY#QUALITY,positive,annotated,True,True,False
204,204:4,laptop,"It is easy to use, has great screen quality, and every so light weight.",,LAPTOP#DESIGN_FEATURES,positive,annotated,True,True,False
204,204:5,laptop,I own other Macs but always find myself navigation to the MacBook Pro to get my work done.,,,,non_annotated,False,False,False
207,207:0,laptop,This little netboook is helping me get work done!,,LAPTOP#GENERAL,positive,annotated,True,True,False
207,207:1,laptop,I can do pretty much 75% of what I do on my desktop on my kitchen table.,,,,non_annotated,False,False,False
207,207:2,laptop,I homeschool my kids and with this netbook next to my desk we get to teaching and illustrating without skipping a beat.,,LAPTOP#MISCELLANEOUS,positive,annotated,True,True,False
236,236:0,laptop,I am first time Mac Buyer and am amazed at features and ease of use the Mac offers.,,LAPTOP#DESIGN_FEATURES,positive,annotated,True,True,False
236,236:0,laptop,I am first time Mac Buyer and am amazed at features and ease of use the Mac offers.,,LAPTOP#USABILITY,positive,annotated,True,True,False
286,286:0,laptop,"I bought it for my mom and she reports that the battery life lasts all day for her, it's very lightweight, and the response for the computing she's doing (Internet focused activity: mail, research, etc.) is excellent;",,BATTERY#OPERATION_PERFORMANCE,positive,annotated,True,True,False
286,286:0,laptop,"I bought it for my mom and she reports that the battery life lasts all day for her, it's very lightweight, and the response for the computing she's doing (Internet focused activity: mail, research, etc.) is excellent;",,LAPTOP#DESIGN_FEATURES,positive,annotated,True,True,False
286,286:0,laptop,"I bought it for my mom and she reports that the battery life lasts all day for her, it's very lightweight, and the response for the computing she's doing (Internet focused activity: mail, research, etc.) is excellent;",,LAPTOP#OPERATION_PERFORMANCE,positive,annotated,True,True,False
286,286:0,laptop,"I bought it for my mom and she reports that the battery life lasts all day for her, it's very lightweight, and the response for the computing she's doing (Internet focused activity: mail, research, etc.) is excellent;",,LAPTOP#MISCELLANEOUS,positive,annotated,True,True,False
286,286:1,laptop,she can't tell the difference between it and her regular desktop system.,,,,non_annotated,False,False,False
286,286:2,laptop,The overall build quality of the unit is excellent and she'd recommend it to anyone else looking for a netbook.,,LAPTOP#QUALITY,positive,annotated,True,True,False
286,286:2,laptop,The overall build quality of the unit is excellent and she'd recommend it to anyone else looking for a netbook.,,LAPTOP#GENERAL,positive,annotated,True,True,False
286,286:3,laptop,"If you're looking for something to fly through those massive spreadsheets or play a graphics-intensive game, you'd be better off getting a machine aimed at that segment of the market.",,LAPTOP#MISCELLANEOUS,neutral,annotated,True,True,False
280,280:0,laptop,"previous laptops were pc's, still have them, but the mac osx is a clean and smooth operating system.",,OS#DESIGN_FEATURES,positive,annotated,True,True,False
280,280:0,laptop,"previous laptops were pc's, still have them, but the mac osx is a clean and smooth operating system.",,OS#OPERATION_PERFORMANCE,positive,annotated,True,True,False
280,280:1,laptop,"still testing the battery life as i thought it would be better, but am very happy with the upgrade.",,BATTERY#OPERATION_PERFORMANCE,neutral,annotated,True,True,False
280,280:1,laptop,"still testing the battery life as i thought it would be better, but am very happy with the upgrade.",,LAPTOP#GENERAL,positive,annotated,True,True,False
281,281:0,laptop,"Probably as good as you can get in a netbook, does everything I ask for and has some very good unexpected pluses.",,LAPTOP#GENERAL,positive,annotated,True,True,False
281,281:0,laptop,"Probably as good as you can get in a netbook, does everything I ask for and has some very good unexpected pluses.",,LAPTOP#DESIGN_FEATURES,positive,annotated,True,True,False
281,281:1,laptop,Has met or exceeded my needs for a compact travel device.,,LAPTOP#PORTABILITY,positive,annotated,True,True,False
281,281:1,laptop,Has met or exceeded my needs for a compact travel device.,,LAPTOP#USABILITY,positive,annotated,True,True,False
282,282:0,laptop,"So far, so good!",,LAPTOP#GENERAL,positive,annotated,True,True,False
282,282:1,laptop,I've been impressed with the battery life and the performance for such a small amount of memory.,,BATTERY#OPERATION_PERFORMANCE,positive,annotated,True,True,False
282,282:1,laptop,I've been impressed with the battery life and the performance for such a small amount of memory.,,LAPTOP#OPERATION_PERFORMANCE,positive,annotated,True,True,False
282,282:1,laptop,I've been impressed with the battery life and the performance for such a small amount of memory.,,MEMORY#DESIGN_FEATURES,neutral,annotated,True,True,False
282,282:2,laptop,I don't understand why only Windows 7 Starter is included.,,LAPTOP#DESIGN_FEATURES,negative,annotated,True,True,False
179,179:0,laptop,Strong performance in this device makes use of fun and a strong sense of the era of speed,,LAPTOP#OPERATION_PERFORMANCE,positive,annotated,True,True,False
179,179:1,laptop,This device serves all modern requirements is a very strong game and is very useful for designers.,,LAPTOP#GENERAL,positive,annotated,True,True,False
179,179:1,laptop,This device serves all modern requirements is a very strong game and is very useful for designers.,,LAPTOP#MISCELLANEOUS,positive,annotated,True,True,False
179,179:2,laptop,Enjoy that Toshib force and durability unparalleled,,LAPTOP#OPERATION_PERFORMANCE,positive,annotated,True,True,False
179,179:2,laptop,Enjoy that Toshib force and durability unparalleled,,LAPTOP#QUALITY,positive,annotated,True,True,False
336,336:0,laptop,"Needs longer lasting battery, More than 1 to 2 Hrs.",,BATTERY#OPERATION_PERFORMANCE,negative,annotated,True,True,False
336,336:1,laptop,"Needs Power and Mouse Cable to Plug in back instead of side, In the way of operating a mouse in small area.",,MOUSE#OPERATION_PERFORMANCE,neutral,annotated,True,True,False
336,336:1,laptop,"Needs Power and Mouse Cable to Plug in back instead of side, In the way of operating a mouse in small area.",,MOUSE#DESIGN_FEATURES,negative,annotated,True,True,False
336,336:2,laptop,For the use it was purchased for it is a good Laptop.,,LAPTOP#MISCELLANEOUS,positive,annotated,True,True,False
336,336:3,laptop,Comfterbale to use light easy to transport.,,LAPTOP#USABILITY,positive,annotated,True,True,False
336,336:3,laptop,Comfterbale to use light easy to transport.,,LAPTOP#DESIGN_FEATURES,positive,annotated,True,True,False
336,336:3,laptop,Comfterbale to use light easy to transport.,,LAPTOP#PORTABILITY,positive,annotated,True,True,False
337,337:0,laptop,"I love this product because it is Toshiba and its 15.6"".",,LAPTOP#GENERAL,positive,annotated,True,True,False
337,337:0,laptop,"I love this product because it is Toshiba and its 15.6"".",,LAPTOP#DESIGN_FEATURES,positive,annotated,True,True,False
337,337:0,laptop,"I love this product because it is Toshiba and its 15.6"".",,COMPANY#GENERAL,positive,annotated,True,True,False
337,337:1,laptop,"It has no camera but, I can always buy and install one easy.",,LAPTOP#DESIGN_FEATURES,neutral,annotated,True,True,False
337,337:2,laptop,"I had a USB connect but, i can't use it because it is not compatible.",,LAPTOP#USABILITY,negative,annotated,True,True,False
337,337:3,laptop,That's the downside for me.,,LAPTOP#USABILITY,negative,annotated,True,True,False
337,337:4,laptop,"But, I would recommend this product.",,LAPTOP#GENERAL,positive,annotated,True,True,False
340,340:0,laptop,Satisfy what I paid for it.,,LAPTOP#GENERAL,positive,annotated,True,True,False
340,340:0,laptop,Satisfy what I paid for it.,,LAPTOP#PRICE,neutral,annotated,True,True,False
340,340:1,laptop,Good monitor and performed well.,,DISPLAY#GENERAL,positive,annotated,True,True,False
340,340:1,laptop,Good monitor and performed well.,,LAPTOP#OPERATION_PERFORMANCE,positive,annotated,True,True,False
340,340:2,laptop,I am using the external speaker- sound is good.,,MULTIMEDIA_DEVICES#QUALITY,positive,annotated,True,True,False
340,340:3,laptop,Best thing is I can use existing 32 bit old programs.,,LAPTOP#USABILITY,positive,annotated,True,True,False
340,340:4,laptop,I recommend for word processing and internet users.,,LAPTOP#MISCELLANEOUS,positive,annotated,True,True,False
365,365:0,laptop,The Toshiba laptop I am using is easier to use than most I have tried.,,,,non_annotated,False,False,False
365,365:1,laptop,The games included are very good games.,,SOFTWARE#GENERAL,positive,annotated,True,True,False
365,365:2,laptop,I am finding my way around this laptop better than my last one.,,,,non_annotated,False,False,False
365,365:3,laptop,I would highly recommend this one to my friends,,LAPTOP#GENERAL,positive,annotated,True,True,False
358,358:0,laptop,I bought this laptop because of the performance to price ratio.,,LAPTOP#OPERATION_PERFORMANCE,positive,annotated,True,True,False
358,358:0,laptop,I bought this laptop because of the performance to price ratio.,,LAPTOP#PRICE,positive,annotated,True,True,False
358,358:1,laptop,"It works great for general internet use, Microsoft Office apps, home bookkeeping, etc.",,LAPTOP#MISCELLANEOUS,positive,annotated,True,True,False
358,358:2,laptop,"It doesn't have a lot of frills, but I didn't need any, and being able to buy what I needed, and not more than I needed was very important.",,LAPTOP#DESIGN_FEATURES,neutral,annotated,True,True,False
358,358:2,laptop,"It doesn't have a lot of frills, but I didn't need any, and being able to buy what I needed, and not more than I needed was very important.",,LAPTOP#MISCELLANEOUS,positive,annotated,True,True,False
355,355:0,laptop,This computer I used daily nice compact design.,,LAPTOP#DESIGN_FEATURES,positive,annotated,True,True,False
355,355:0,laptop,This computer I used daily nice compact design.,,LAPTOP#USABILITY,positive,annotated,True,True,False
355,355:1,laptop,Excellent speed for processing data.,,LAPTOP#OPERATION_PERFORMANCE,positive,annotated,True,True,False
355,355:2,laptop,And if you are a game player it works with World Of Warcraft wonderfully.,,LAPTOP#MISCELLANEOUS,positive,annotated,True,True,False
355,355:3,laptop,Now when I order I did not go full scale for the webcam or full keyboard I wanted something for basics of being easy to carry when I use crutchs or wheelchair and with a backpack laptop bag.,,,,non_annotated,False,False,False
355,355:4,laptop,All in all great item highly recommend it.,,LAPTOP#GENERAL,positive,annotated,True,True,False
353,353:0,laptop,Bought it to use mostly for oline classes.,,,,non_annotated,False,False,False
353,353:1,laptop,i would have to say that overall its great!,,LAPTOP#GENERAL,positive,annotated,True,True,False
353,353:2,laptop,"Aside from the trial software and the short battery life, lack of a webcam, its great.",,SOFTWARE#MISCELLANEOUS,negative,annotated,True,True,False
353,353:2,laptop,"Aside from the trial software and the short battery life, lack of a webcam, its great.",,BATTERY#OPERATION_PERFORMANCE,negative,annotated,True,True,False
353,353:2,laptop,"Aside from the trial software and the short battery life, lack of a webcam, its great.",,LAPTOP#DESIGN_FEATURES,negative,annotated,True,True,False
353,353:2,laptop,"Aside from the trial software and the short battery life, lack of a webcam, its great.",,LAPTOP#GENERAL,positive,annotated,True,True,False
353,353:3,laptop,"Fast, great visual!",,LAPTOP#OPERATION_PERFORMANCE,positive,annotated,True,True,False
353,353:3,laptop,"Fast, great visual!",,DISPLAY#QUALITY,positive,annotated,True,True,False
353,353:4,laptop,"Oh yea, has no numeric pad on the side.",,KEYBOARD#DESIGN_FEATURES,negative,annotated,True,True,False
353,353:5,laptop,"I use that alot on my desktop, so I am adjusting to not having it.",,,,non_annotated,False,False,False
295,295:0,laptop,2nd Best computer in the world  only one way this computer might become the best is that it needs to upgreade patches  to make less easier for people to hack into,,LAPTOP#GENERAL,positive,annotated,True,True,False
295,295:0,laptop,2nd Best computer in the world  only one way this computer might become the best is that it needs to upgreade patches  to make less easier for people to hack into,,LAPTOP#QUALITY,neutral,annotated,True,True,False
344,344:0,laptop,Sells for the same as a netbook without sacrificing size.,,,,non_annotated,False,False,False
344,344:1,laptop,My favorite part of this computer is that it has a vga port so I can connect it to a bigger screen.,,LAPTOP#DESIGN_FEATURES,neutral,annotated,True,True,False
344,344:1,laptop,My favorite part of this computer is that it has a vga port so I can connect it to a bigger screen.,,LAPTOP#CONNECTIVITY,positive,annotated,True,True,False
344,344:2,laptop,Great wifi too.,,LAPTOP#CONNECTIVITY,positive,annotated,True,True,False
344,344:3,laptop,"The screen is a little glary, and I hated the clicking buttons, but I got used to them.",,DISPLAY#QUALITY,negative,annotated,True,True,False
344,344:3,laptop,"The screen is a little glary, and I hated the clicking buttons, but I got used to them.",,MOUSE#USABILITY,neutral,annotated,True,True,False
345,345:0,laptop,Overall for the money this is a good deal.,,LAPTOP#GENERAL,positive,annotated,True,True,False
345,345:0,laptop,Overall for the money this is a good deal.,,LAPTOP#PRICE,neutral,annotated,True,True,False
345,345:1,laptop,There is no number pad to the right of the keyboard which is a bummer.,,KEYBOARD#DESIGN_FEATURES,negative,annotated,True,True,False
345,345:2,laptop,The speakers are terrible and are probably the cheapest ones I have ever seen in a laptop so if your planning to listen to music I suggest you get something better.,,MULTIMEDIA_DEVICES#GENERAL,negative,annotated,True,True,False
345,345:2,laptop,The speakers are terrible and are probably the cheapest ones I have ever seen in a laptop so if your planning to listen to music I suggest you get something better.,,MULTIMEDIA_DEVICES#QUALITY,negative,annotated,True,True,False
345,345:3,laptop,"while the keyboard itself is alright, the plate around it is cheap plastic and makes a hollow sound when using the mouse command buttons.",,KEYBOARD#GENERAL,neutral,annotated,True,True,False
345,345:3,laptop,"while the keyboard itself is alright, the plate around it is cheap plastic and makes a hollow sound when using the mouse command buttons.",,LAPTOP#QUALITY,negative,annotated,True,True,False
341,341:0,laptop,"I am overall very pleased with my toshiba satellite, I like the extra features, I love the windows 7 home premium.",,LAPTOP#GENERAL,positive,annotated,True,True,False
341,341:0,laptop,"I am overall very pleased with my toshiba satellite, I like the extra features, I love the windows 7 home premium.",,LAPTOP#DESIGN_FEATURES,positive,annotated,True,True,False
341,341:0,laptop,"I am overall very pleased with my toshiba satellite, I like the extra features, I love the windows 7 home premium.",,OS#GENERAL,positive,annotated,True,True,False
341,341:1,laptop,"The battery life has not decreased since I bought it, so i'm thrilled with that.",,BATTERY#OPERATION_PERFORMANCE,positive,annotated,True,True,False
341,341:1,laptop,"The battery life has not decreased since I bought it, so i'm thrilled with that.",,BATTERY#QUALITY,positive,annotated,True,True,False
341,341:2,laptop,"I also love the design, the looks, the feel, and the my toshiba feature is wonderfull.",,LAPTOP#DESIGN_FEATURES,positive,annotated,True,True,False
341,341:2,laptop,"I also love the design, the looks, the feel, and the my toshiba feature is wonderfull.",,LAPTOP#QUALITY,positive,annotated,True,True,False
341,341:3,laptop,I would easly reccomend this laptop to a friend.,,LAPTOP#GENERAL,positive,annotated,True,True,False
334,334:0,laptop,Couldnt not use it.,,LAPTOP#USABILITY,negative,annotated,True,True,False
334,334:1,laptop,Tried to make a recovey disk wouldnt get passed the first recovery disk.,,LAPTOP#USABILITY,negative,annotated,True,True,False
334,334:2,laptop,defective software.,,SOFTWARE#QUALITY,negative,annotated,True,True,False
334,334:3,laptop,returned it to walmart.,,LAPTOP#GENERAL,negative,annotated,True,True,False
334,334:4,laptop,This was the second computer and brand bought that day.,,,,non_annotated,False,False,False
327,327:0,laptop,I would like to have volume buttons rather than the adjustment that is on the front.,,LAPTOP#DESIGN_FEATURES,negative,annotated,True,True,False
327,327:1,laptop,I also had a problem with the touchpad that caused the mouse pointer to jump all over the screen.,,MOUSE#OPERATION_PERFORMANCE,negative,annotated,True,True,False
327,327:2,laptop,I went to Toshiba online help and found some suggestions to fix it.,,SUPPORT#QUALITY,positive,annotated,True,True,False
327,327:3,laptop,One of them seems to have worked.,,SUPPORT#QUALITY,positive,annotated,True,True,False
329,329:0,laptop,Its a good laptop for its value.,,LAPTOP#GENERAL,positive,annotated,True,True,False
329,329:0,laptop,Its a good laptop for its value.,,LAPTOP#PRICE,neutral,annotated,True,True,False
329,329:1,laptop,Registration/1st use is easy.,,LAPTOP#USABILITY,positive,annotated,True,True,False
329,329:2,laptop,Features like the font are very block-like and old school.,,LAPTOP#DESIGN_FEATURES,negative,annotated,True,True,False
329,329:3,laptop,"Would like more trendy, high tech features.",,LAPTOP#DESIGN_FEATURES,negative,annotated,True,True,False
329,329:4,laptop,The start menu is not the easiest thing to navigate due to the stacking.,,OS#USABILITY,negative,annotated,True,True,False
329,329:5,laptop,Keys stick periodically and I havent had the laptop for 45 days yet.,,KEYBOARD#OPERATION_PERFORMANCE,negative,annotated,True,True,False
329,329:5,laptop,Keys stick periodically and I havent had the laptop for 45 days yet.,,KEYBOARD#QUALITY,negative,annotated,True,True,False
329,329:6,laptop,Came fully loaded - good.,,LAPTOP#DESIGN_FEATURES,positive,annotated,True,True,False
329,329:7,laptop,"Seems to slow down occassionally but can run many applications (ie Internet tabs, programs, etc) simultaneously.",,LAPTOP#OPERATION_PERFORMANCE,positive,annotated,True,True,False
333,333:0,laptop,I'm really impressed with the quality and performance for the price of the computer.,,LAPTOP#QUALITY,positive,annotated,True,True,False
333,333:0,laptop,I'm really impressed with the quality and performance for the price of the computer.,,LAPTOP#OPERATION_PERFORMANCE,positive,annotated,True,True,False
333,333:0,laptop,I'm really impressed with the quality and performance for the price of the computer.,,LAPTOP#PRICE,neutral,annotated,True,True,False
333,333:1,laptop,"Graphics are clean and sharp, internet interfaces are seamless.",,GRAPHICS#QUALITY,positive,annotated,True,True,False
333,333:1,laptop,"Graphics are clean and sharp, internet interfaces are seamless.",,LAPTOP#CONNECTIVITY,positive,annotated,True,True,False
333,333:2,laptop,"Only issue is that it is a little slow, and I'm fixing that by adding more RAM.",,LAPTOP#OPERATION_PERFORMANCE,negative,annotated,True,True,False
333,333:2,laptop,"Only issue is that it is a little slow, and I'm fixing that by adding more RAM.",,MEMORY#DESIGN_FEATURES,neutral,annotated,True,True,False
333,333:3,laptop,Sound card is limited though.,,MULTIMEDIA_DEVICES#DESIGN_FEATURES,negative,annotated,True,True,False
5,5:0,laptop,"The laptop is very lightweight, can easily carry around in a knapsack full of text books and it barely adds any weight.",,LAPTOP#DESIGN_FEATURES,positive,annotated,True,True,False
5,5:0,laptop,"The laptop is very lightweight, can easily carry around in a knapsack full of text books and it barely adds any weight.",,LAPTOP#PORTABILITY,positive,annotated,True,True,False
5,5:1,laptop,It is small enough to fit in one of my purses!,,LAPTOP#DESIGN_FEATURES,positive,annotated,True,True,False
5,5:2,laptop,"Windows 7 Starter is terrific (no you can't change the background) but I don't need to, I use it just for school work.",,OS#GENERAL,positive,annotated,True,True,False
5,5:2,laptop,"Windows 7 Starter is terrific (no you can't change the background) but I don't need to, I use it just for school work.",,OS#USABILITY,neutral,annotated,True,True,False
5,5:3,laptop,"The battery life is amazing, the versitility is outstanding.",,BATTERY#OPERATION_PERFORMANCE,positive,annotated,True,True,False
5,5:3,laptop,"The battery life is amazing, the versitility is outstanding.",,LAPTOP#USABILITY,positive,annotated,True,True,False
5,5:4,laptop,The ease of set up was terrific.,,LAPTOP#USABILITY,positive,annotated,True,True,False
5,5:5,laptop,I was even able to uninstall McAffe and install one of my Symantec licenses with a no issues whatsoever.,,LAPTOP#USABILITY,positive,annotated,True,True,False
5,5:6,laptop,"I had to adjust my mousepad sensitivity, because it is very sensitive.",,MOUSE#OPERATION_PERFORMANCE,negative,annotated,True,True,False
5,5:7,laptop,"Keyboard is great, very quiet for all the typing that I do.",,KEYBOARD#GENERAL,positive,annotated,True,True,False
5,5:7,laptop,"Keyboard is great, very quiet for all the typing that I do.",,KEYBOARD#QUALITY,positive,annotated,True,True,False
5,5:8,laptop,"Screen is crystal clear, yes it's small - but it's a netbook!",,DISPLAY#QUALITY,positive,annotated,True,True,False
5,5:8,laptop,"Screen is crystal clear, yes it's small - but it's a netbook!",,DISPLAY#DESIGN_FEATURES,neutral,annotated,True,True,False
47,47:0,laptop,Awesome laptop and the perfect size to carry around in college.,,LAPTOP#GENERAL,positive,annotated,True,True,False
47,47:0,laptop,Awesome laptop and the perfect size to carry around in college.,,LAPTOP#DESIGN_FEATURES,positive,annotated,True,True,False
47,47:0,laptop,Awesome laptop and the perfect size to carry around in college.,,LAPTOP#PORTABILITY,positive,annotated,True,True,False
47,47:1,laptop,I couldn't believe how long the battery lasted on a single charge.,,BATTERY#OPERATION_PERFORMANCE,positive,annotated,True,True,False
47,47:2,laptop,I loaded windows 7 via Bootcamp and it works flawlessly!,,OS#OPERATION_PERFORMANCE,positive,annotated,True,True,False
47,47:3,laptop,Simply amazing computer!!,,LAPTOP#GENERAL,positive,annotated,True,True,False
46,46:0,laptop,"I really like the Mac 15.4in. Notebook, but its very pricey.",,LAPTOP#GENERAL,positive,annotated,True,True,False
46,46:0,laptop,"I really like the Mac 15.4in. Notebook, but its very pricey.",,LAPTOP#PRICE,negative,annotated,True,True,False
46,46:1,laptop,"Heck, I like all Mac computers, but they're all WAY too pricey for the kind of economy the U.S. is going through.",,,,non_annotated,False,False,False
46,46:2,laptop,"Love the graphics, awesome programs (including Garageband), and really cool default background.",,GRAPHICS#GENERAL,positive,annotated,True,True,False
46,46:2,laptop,"Love the graphics, awesome programs (including Garageband), and really cool default background.",,LAPTOP#DESIGN_FEATURES,positive,annotated,True,True,False
46,46:2,laptop,"Love the graphics, awesome programs (including Garageband), and really cool default background.",,SOFTWARE#GENERAL,positive,annotated,True,True,False
46,46:3,laptop,"But, like I said before, the only reason I don't currently have a Mac laptop is because all of their laptops are too pricey.",,LAPTOP#PRICE,negative,annotated,True,True,False
298,298:0,laptop,"Waiting for the i7 was well worth it, great value for the price.",,LAPTOP#GENERAL,positive,annotated,True,True,False
298,298:0,laptop,"Waiting for the i7 was well worth it, great value for the price.",,LAPTOP#PRICE,neutral,annotated,True,True,False
298,298:1,laptop,"Bigger HD, better graphics card, and a bid HD.",,HARD_DISC#DESIGN_FEATURES,positive,annotated,True,True,False
298,298:1,laptop,"Bigger HD, better graphics card, and a bid HD.",,GRAPHICS#GENERAL,positive,annotated,True,True,False
298,298:2,laptop,There is nothing to complain about the system.,,LAPTOP#GENERAL,positive,annotated,True,True,False
298,298:3,laptop,I have used PC's and converting to this MacBook Pro was easy.,,LAPTOP#USABILITY,positive,annotated,True,True,False
298,298:4,laptop,If you have the money I suggest going for the i7.,,LAPTOP#GENERAL,positive,annotated,True,True,False
393,393:0,laptop,This is my first personal Satellite purchase but had very good experience through previous Satellite work issued laptops.,,,,non_annotated,False,False,False
393,393:1,laptop,"I mainly use it for email, internet, and managing personal files (pics, vids, etc.).",,,,non_annotated,False,False,False
393,393:2,laptop,I occassionaly use it for work via VPN and it has not given me any problems.,,LAPTOP#MISCELLANEOUS,positive,annotated,True,True,False
393,393:3,laptop,"The screen is nice and the images comes very clear, the keyboard and the fit just feels right.",,DISPLAY#GENERAL,positive,annotated,True,True,False
393,393:3,laptop,"The screen is nice and the images comes very clear, the keyboard and the fit just feels right.",,DISPLAY#QUALITY,positive,annotated,True,True,False
393,393:3,laptop,"The screen is nice and the images comes very clear, the keyboard and the fit just feels right.",,KEYBOARD#QUALITY,positive,annotated,True,True,False
393,393:3,laptop,"The screen is nice and the images comes very clear, the keyboard and the fit just feels right.",,LAPTOP#DESIGN_FEATURES,positive,annotated,True,True,False
393,393:4,laptop,I consider myself an average user and this computer serves my need.,,LAPTOP#GENERAL,positive,annotated,True,True,False
393,393:5,laptop,The price is another driving influence that made me purchase this laptop.,,LAPTOP#PRICE,positive,annotated,True,True,False
393,393:6,laptop,"I'ts nice to have the higher-end laptops, but this fits my budget and the features I need.",,LAPTOP#QUALITY,positive,annotated,True,True,False
393,393:6,laptop,"I'ts nice to have the higher-end laptops, but this fits my budget and the features I need.",,LAPTOP#DESIGN_FEATURES,positive,annotated,True,True,False
393,393:6,laptop,"I'ts nice to have the higher-end laptops, but this fits my budget and the features I need.",,LAPTOP#PRICE,positive,annotated,True,True,False
393,393:7,laptop,I normally dont participate in reviews/surveys but this laptop has not given me any problems and hope to share my thoughts...,,LAPTOP#GENERAL,positive,annotated,True,True,False
393,393:8,laptop,another satisfied customer.,,LAPTOP#GENERAL,positive,annotated,True,True,False
201,201:0,laptop,The apple MacBook is the best investment that I have ever made.,,LAPTOP#GENERAL,positive,annotated,True,True,False
201,201:1,laptop,I previously owned a Toshiba and it only lasted about 2 years.,,,,non_annotated,False,False,False
201,201:2,laptop,The newer MacBook that I have purchased is one of the best computers.,,LAPTOP#GENERAL,positive,annotated,True,True,False
201,201:3,laptop,I am a college student and it has been very useful.,,LAPTOP#MISCELLANEOUS,positive,annotated,True,True,False
201,201:4,laptop,It has all the features that are necessary for college and if not they are able to be added onto the computer.,,LAPTOP#DESIGN_FEATURES,positive,annotated,True,True,False
201,201:4,laptop,It has all the features that are necessary for college and if not they are able to be added onto the computer.,,LAPTOP#USABILITY,positive,annotated,True,True,False
201,201:4,laptop,It has all the features that are necessary for college and if not they are able to be added onto the computer.,,LAPTOP#MISCELLANEOUS,positive,annotated,True,True,False
201,201:5,laptop,It has a lot of memory and a great battery life.,,MEMORY#DESIGN_FEATURES,positive,annotated,True,True,False
201,201:5,laptop,It has a lot of memory and a great battery life.,,BATTERY#OPERATION_PERFORMANCE,positive,annotated,True,True,False
201,201:6,laptop,It is sleek and lightweight and charges quickly when needed.,,LAPTOP#DESIGN_FEATURES,positive,annotated,True,True,False
201,201:6,laptop,It is sleek and lightweight and charges quickly when needed.,,BATTERY#OPERATION_PERFORMANCE,positive,annotated,True,True,False
201,201:7,laptop,Its white color is stylish for college students and easy to take to carry and take to classes.,,LAPTOP#DESIGN_FEATURES,positive,annotated,True,True,False
201,201:7,laptop,Its white color is stylish for college students and easy to take to carry and take to classes.,,LAPTOP#PORTABILITY,positive,annotated,True,True,False
201,201:8,laptop,Iphoto is great for adding pictures right to facebook and other social networking sites.,,SOFTWARE#MISCELLANEOUS,positive,annotated,True,True,False
201,201:9,laptop,The internet capabilities are also very strong and picks up signals very easily.,,LAPTOP#CONNECTIVITY,positive,annotated,True,True,False
274,274:0,laptop,I have owned macbook pros since 2005 and this is the best yet!,,,,non_annotated,False,False,False
274,274:1,laptop,I have had no problems with it unlike some hardware defects on past models.,,,,non_annotated,False,False,False
274,274:2,laptop,I have never had to shut down the computer unexpectedly and the computer has never froze on me.,,LAPTOP#OPERATION_PERFORMANCE,positive,annotated,True,True,False
274,274:3,laptop,"The screen is bright and vivid and the keyboard is very easy to use, very important for use quick typers.",,DISPLAY#QUALITY,positive,annotated,True,True,False
274,274:3,laptop,"The screen is bright and vivid and the keyboard is very easy to use, very important for use quick typers.",,KEYBOARD#USABILITY,positive,annotated,True,True,False
274,274:4,laptop,"Navigation through the computer is far superior compared to Windows operating systems, as well.",,,,non_annotated,False,False,False
274,274:5,laptop,"Overall, this is a wonderful computer and definitly worth the purchase!",,LAPTOP#GENERAL,positive,annotated,True,True,False
262,262:0,laptop,The graphics are stunning.,,GRAPHICS#GENERAL,positive,annotated,True,True,False
262,262:1,laptop,It's wonderful for computer gaming.,,LAPTOP#MISCELLANEOUS,positive,annotated,True,True,False
262,262:2,laptop,I would definitely suggest this laptop!,,LAPTOP#GENERAL,positive,annotated,True,True,False
262,262:3,laptop,It is very user friendly and not hard to figure out at all.,,LAPTOP#USABILITY,positive,annotated,True,True,False
262,262:4,laptop,"It has many great programs, such as ILife, iPhotos and others.",,LAPTOP#DESIGN_FEATURES,positive,annotated,True,True,False
262,262:4,laptop,"It has many great programs, such as ILife, iPhotos and others.",,SOFTWARE#GENERAL,positive,annotated,True,True,False
262,262:5,laptop,iLife is easily compatible with Microsoft Office so you can send and receive files from a PC.,,SOFTWARE#USABILITY,positive,annotated,True,True,False
262,262:6,laptop,"In addition, all the design tools on Pages and Keynotes makes it much easier to create professional looking documents and presentations.",,SOFTWARE#DESIGN_FEATURES,positive,annotated,True,True,False
262,262:6,laptop,"In addition, all the design tools on Pages and Keynotes makes it much easier to create professional looking documents and presentations.",,SOFTWARE#USABILITY,positive,annotated,True,True,False
262,262:7,laptop,This comes in very handy for me as an educator.,,SOFTWARE#USABILITY,positive,annotated,True,True,False
262,262:8,laptop,iPhotos is an excellent program for storing and organizing photos.,,SOFTWARE#MISCELLANEOUS,positive,annotated,True,True,False
262,262:9,laptop,It allows you to automatically upload photos to your Facebook account with one click.,,SOFTWARE#USABILITY,positive,annotated,True,True,False
262,262:10,laptop,"In addition, there is photo detection software that will allow you to group all the photos together based upon the people in the picture.",,SOFTWARE#DESIGN_FEATURES,positive,annotated,True,True,False
262,262:11,laptop,"If you are looking for something reliable, this is the laptop for you.",,LAPTOP#QUALITY,positive,annotated,True,True,False
262,262:12,laptop,"Even though it is much more expensive than many PC laptops, it is worth the price.",,,,non_annotated,False,False,False
231,231:0,laptop,This computer was awful!,,LAPTOP#GENERAL,negative,annotated,True,True,False
231,231:1,laptop,I will never buy another computer from Dell ever again do to how awful it worked and how I was treated by the company.,,COMPANY#GENERAL,negative,annotated,True,True,False
231,231:1,laptop,I will never buy another computer from Dell ever again do to how awful it worked and how I was treated by the company.,,LAPTOP#OPERATION_PERFORMANCE,negative,annotated,True,True,False
231,231:1,laptop,I will never buy another computer from Dell ever again do to how awful it worked and how I was treated by the company.,,SUPPORT#QUALITY,negative,annotated,True,True,False
231,231:2,laptop,The computer first started malfunctioning 3 months after purchasing it.,,LAPTOP#OPERATION_PERFORMANCE,negative,annotated,True,True,False
231,231:2,laptop,The computer first started malfunctioning 3 months after purchasing it.,,LAPTOP#QUALITY,negative,annotated,True,True,False
231,231:3,laptop,It does not keep internet signals no matter where you bring it.,,LAPTOP#CONNECTIVITY,negative,annotated,True,True,False
231,231:4,laptop,"The system it comes with does not work properly, so when trying to fix the problems with it it started not working at all.",,OS#QUALITY,negative,annotated,True,True,False
231,231:4,laptop,"The system it comes with does not work properly, so when trying to fix the problems with it it started not working at all.",,OS#OPERATION_PERFORMANCE,negative,annotated,True,True,False
231,231:5,laptop,"When calling Dell for help, reurn, or a new computer they were not useful and left it up to myself to figure out what to do with it.",,SUPPORT#QUALITY,negative,annotated,True,True,False
231,231:6,laptop,"One year of trying to fix the computer by myself, with help of friends, and even help from computer experts I have given up on trying to fix it.",,LAPTOP#QUALITY,negative,annotated,True,True,False
231,231:7,laptop,"This computer was awful, I would never recomend it to another person.",,LAPTOP#GENERAL,negative,annotated,True,True,False
231,231:8,laptop,Those moments in thime where you want to throw something against the wall?,,LAPTOP#GENERAL,negative,annotated,True,True,False
231,231:9,laptop,"Yeah, I wanted to throw that lap top out the window and light it on fire.",,LAPTOP#GENERAL,negative,annotated,True,True,False
231,231:10,laptop,That's how frustrating it was.,,LAPTOP#GENERAL,negative,annotated,True,True,False
379,379:0,laptop,"It is so simple to use, I use it more than my desktop.",,,,non_annotated,False,False,False
379,379:1,laptop,"It is well worth the money it cost, Very good investment.",,LAPTOP#GENERAL,positive,annotated,True,True,False
379,379:1,laptop,"It is well worth the money it cost, Very good investment.",,LAPTOP#PRICE,positive,annotated,True,True,False
37,37:0,laptop,The new Macbook Pro 15 inch i7 is nothing short of amazing.,,LAPTOP#GENERAL,positive,annotated,True,True,False
37,37:1,laptop,The speed is incredible and I am more than satisfied.,,LAPTOP#OPERATION_PERFORMANCE,positive,annotated,True,True,False
37,37:2,laptop,"Yes, a Mac is much more money than the average laptop out there, but there is no comparison in style, speed and just cool factor.",,,,non_annotated,False,False,False
320,320:0,laptop,"BOUGHT FROM WAL-MART, I BELIEVE THAT THIS LAPTOP WAS A REPAIRED ITEM.",,LAPTOP#MISCELLANEOUS,neutral,annotated,True,True,False
320,320:1,laptop,THIS LAPTOP WAS BAD FROM THE FIRST DAY OF USE----BROUGHT IT BACK TO STORE FOR RETURN OF MONEY.,,LAPTOP#QUALITY,negative,annotated,True,True,False
320,320:1,laptop,THIS LAPTOP WAS BAD FROM THE FIRST DAY OF USE----BROUGHT IT BACK TO STORE FOR RETURN OF MONEY.,,LAPTOP#GENERAL,negative,annotated,True,True,False
320,320:2,laptop,NOW AM VERY APREHENSIVE ABOUT TOSHIBA LAPTOPS.,,COMPANY#GENERAL,negative,annotated,True,True,False
320,320:3,laptop,WILL NOT EVERY BUY ANOTHER--------LOU,,LAPTOP#GENERAL,negative,annotated,True,True,False
319,319:0,laptop,This is a great value for the money.,,LAPTOP#GENERAL,positive,annotated,True,True,False
319,319:0,laptop,This is a great value for the money.,,LAPTOP#PRICE,neutral,annotated,True,True,False
319,319:1,laptop,We purchased this as a back up computer after our more expensive HP needed to be repaired.,,,,non_annotated,False,False,False
319,319:2,laptop,This is a great computer.,,LAPTOP#GENERAL,positive,annotated,True,True,False
319,319:3,laptop,We haven't had any problems with it at all.,,LAPTOP#GENERAL,positive,annotated,True,True,False
319,319:4,laptop,The body is a bit cheaply made so it will be interesting to see how long it holds up.,,LAPTOP#QUALITY,negative,annotated,True,True,False
319,319:5,laptop,"Overall though, for the money spent it's a great deal.",,LAPTOP#GENERAL,positive,annotated,True,True,False
319,319:5,laptop,"Overall though, for the money spent it's a great deal.",,LAPTOP#PRICE,positive,annotated,True,True,False
307,307:0,laptop,I still see the benefits of a PC when I do not know how to do something on my mac.,,,,non_annotated,False,False,False
307,307:1,laptop,"But let me tell you, the mac book pro is so professional.",,LAPTOP#GENERAL,positive,annotated,True,True,False
307,307:2,laptop,Its very nice and once you learn the features you will be so happy to have such a sophisticated computer.,,LAPTOP#GENERAL,positive,annotated,True,True,False
307,307:2,laptop,Its very nice and once you learn the features you will be so happy to have such a sophisticated computer.,,LAPTOP#DESIGN_FEATURES,positive,annotated,True,True,False
307,307:3,laptop,"For example, when my husband turns the light out while I'm on the computer. the screen brightness automatically adjusts.",,DISPLAY#DESIGN_FEATURES,positive,annotated,True,True,False
307,307:4,laptop,The keyboard is like no other laptop keyboard.,,,,non_annotated,False,False,False
307,307:5,laptop,It is VERY easy to type on and feels great - besides the added feature that the keyboard is lighted.,,KEYBOARD#USABILITY,positive,annotated,True,True,False
307,307:5,laptop,It is VERY easy to type on and feels great - besides the added feature that the keyboard is lighted.,,KEYBOARD#QUALITY,positive,annotated,True,True,False
307,307:5,laptop,It is VERY easy to type on and feels great - besides the added feature that the keyboard is lighted.,,KEYBOARD#DESIGN_FEATURES,positive,annotated,True,True,False
307,307:6,laptop,"Oh, it is such a great piece of equipment.",,LAPTOP#GENERAL,positive,annotated,True,True,False
307,307:7,laptop,"One suggestion I do have, is to not bother getting Microsoft office for the mac expecting it will work just like you knew it to on a PC.",,,,non_annotated,False,False,False
307,307:8,laptop,"Its Office compatible, but the features and its functioning is all new again so you might as well save the money and just learn the pre installed mac programs.",,SOFTWARE#USABILITY,positive,annotated,True,True,False
307,307:8,laptop,"Its Office compatible, but the features and its functioning is all new again so you might as well save the money and just learn the pre installed mac programs.",,SOFTWARE#DESIGN_FEATURES,neutral,annotated,True,True,False
307,307:8,laptop,"Its Office compatible, but the features and its functioning is all new again so you might as well save the money and just learn the pre installed mac programs.",,SOFTWARE#OPERATION_PERFORMANCE,neutral,annotated,True,True,False
307,307:9,laptop,Having someone give you a quick tour of how to's is the best.,,,,non_annotated,False,False,False
307,307:10,laptop,So you don't get frustrated the first few weeks.,,,,non_annotated,False,False,False
306,306:0,laptop,"I get a ton of compliments on its size, and speaking as someone who regularly commutes on a bus, I can attest to the fact that this is the perfect size computer if you're restricted to the width of your body for computing room.",,LAPTOP#DESIGN_FEATURES,positive,annotated,True,True,False
306,306:0,laptop,"I get a ton of compliments on its size, and speaking as someone who regularly commutes on a bus, I can attest to the fact that this is the perfect size computer if you're restricted to the width of your body for computing room.",,LAPTOP#PORTABILITY,positive,annotated,True,True,False
306,306:1,laptop,Very long-life battery (up to 10-11 hours depending on how you configure power level settings).,,BATTERY#OPERATION_PERFORMANCE,positive,annotated,True,True,False
306,306:2,laptop,"I upgraded the memory and replaced the base Windows 7 Starter to Win 7 Home, and it runs just fine.",,LAPTOP#USABILITY,neutral,annotated,True,True,False
306,306:2,laptop,"I upgraded the memory and replaced the base Windows 7 Starter to Win 7 Home, and it runs just fine.",,LAPTOP#OPERATION_PERFORMANCE,positive,annotated,True,True,False
306,306:3,laptop,"I play a lot of casual games online, and the touchpad is very responsive.",,MOUSE#OPERATION_PERFORMANCE,positive,annotated,True,True,False
306,306:4,laptop,"The only thing I wish this had was the option to turn off the touchpad with a button like my big 16"" laptop does.",,,,non_annotated,False,False,False
306,306:5,laptop,"I wouldn't play a first-person shooter with this, mind, but if you wanted to run MS Office, email, chat, download a video, listen to music from a certain fruit-named music store, and were looking for a highly portable yet powerful netbook to do that all in, I'd highly recommend checking this out.",,LAPTOP#PORTABILITY,positive,annotated,True,True,False
306,306:5,laptop,"I wouldn't play a first-person shooter with this, mind, but if you wanted to run MS Office, email, chat, download a video, listen to music from a certain fruit-named music store, and were looking for a highly portable yet powerful netbook to do that all in, I'd highly recommend checking this out.",,LAPTOP#OPERATION_PERFORMANCE,positive,annotated,True,True,False
306,306:5,laptop,"I wouldn't play a first-person shooter with this, mind, but if you wanted to run MS Office, email, chat, download a video, listen to music from a certain fruit-named music store, and were looking for a highly portable yet powerful netbook to do that all in, I'd highly recommend checking this out.",,LAPTOP#MISCELLANEOUS,positive,annotated,True,True,False
306,306:6,laptop,The downside to this netbook is pretty much the same for any netbook: screen size is not something I'd stare at for the entire 10-11 hours of battery life five days a week.,,DISPLAY#DESIGN_FEATURES,negative,annotated,True,True,False
306,306:7,laptop,Additional caveat: the base installation comes with some Toshiba-specific software that may or may not be to a user's liking.,,SOFTWARE#DESIGN_FEATURES,neutral,annotated,True,True,False
3,3:0,laptop,I have used both PCs and Macs and I have to say that I really really love my Mac Book Pro.,,,,non_annotated,False,False,False
3,3:1,laptop,"While most people say that PCs hold functionality and value and Macs are just pretty to look at, I think there's something to be said about the simplicity of Macs.",,,,non_annotated,False,False,False
3,3:2,laptop,Everything from the design to the OS is simple and to the point.,,LAPTOP#DESIGN_FEATURES,positive,annotated,True,True,False
3,3:2,laptop,Everything from the design to the OS is simple and to the point.,,OS#GENERAL,positive,annotated,True,True,False
3,3:2,laptop,Everything from the design to the OS is simple and to the point.,,LAPTOP#GENERAL,positive,annotated,True,True,False
3,3:3,laptop,LOVE IT LOVE IT LOVE IT!,,LAPTOP#GENERAL,positive,annotated,True,True,False
312,312:0,laptop,It really is perfect for work and play.,,LAPTOP#MISCELLANEOUS,positive,annotated,True,True,False
312,312:1,laptop,I am able to play 720p and 1080p media files just fine with it.,,LAPTOP#MISCELLANEOUS,positive,annotated,True,True,False
312,312:2,laptop,Everything I have tried has worked and I never have to carry the wall charger cause the battery is so awesome.,,LAPTOP#OPERATION_PERFORMANCE,positive,annotated,True,True,False
312,312:2,laptop,Everything I have tried has worked and I never have to carry the wall charger cause the battery is so awesome.,,BATTERY#OPERATION_PERFORMANCE,positive,annotated,True,True,False
312,312:3,laptop,"The only thing that isn't perfect about this netbook is the speakers, they are not loud at all but I expected that.",,MULTIMEDIA_DEVICES#QUALITY,negative,annotated,True,True,False
312,312:4,laptop,"I upgraded it's RAM to 2GB, I am very happy with it.",,LAPTOP#GENERAL,positive,annotated,True,True,False
312,312:4,laptop,"I upgraded it's RAM to 2GB, I am very happy with it.",,MEMORY#DESIGN_FEATURES,neutral,annotated,True,True,False
390,390:0,laptop,lots of preloaded software.,,LAPTOP#DESIGN_FEATURES,neutral,annotated,True,True,False
390,390:1,laptop,"the only problem is that i had to add 1 gb RAM, the computer was kinda slow.",,MEMORY#DESIGN_FEATURES,negative,annotated,True,True,False
390,390:1,laptop,"the only problem is that i had to add 1 gb RAM, the computer was kinda slow.",,LAPTOP#OPERATION_PERFORMANCE,negative,annotated,True,True,False
390,390:2,laptop,"tosiba has a good reputation, my llast computer was an acer.",,COMPANY#GENERAL,positive,annotated,True,True,False
390,390:3,laptop,this is starting off good.,,LAPTOP#GENERAL,positive,annotated,True,True,False
389,389:0,laptop,What a great little laptop.,,LAPTOP#GENERAL,positive,annotated,True,True,False
389,389:1,laptop,Maybe not the cutting edge (Satellite L455D) but it is a workhorse.,,LAPTOP#DESIGN_FEATURES,neutral,annotated,True,True,False
389,389:1,laptop,Maybe not the cutting edge (Satellite L455D) but it is a workhorse.,,LAPTOP#OPERATION_PERFORMANCE,positive,annotated,True,True,False
389,389:2,laptop,I bought it to use in college and it is perfect.,,LAPTOP#MISCELLANEOUS,positive,annotated,True,True,False
389,389:3,laptop,I dual boot with Linux and that other security-prone OS and it performs flawlessly.,,LAPTOP#OPERATION_PERFORMANCE,positive,annotated,True,True,False
389,389:4,laptop,I made a perfect decision when I bought the Toshiba!,,LAPTOP#GENERAL,positive,annotated,True,True,False
389,389:4,laptop,I made a perfect decision when I bought the Toshiba!,,COMPANY#GENERAL,positive,annotated,True,True,False
370,370:0,laptop,Excellent product for the money.,,LAPTOP#GENERAL,positive,annotated,True,True,False
370,370:0,laptop,Excellent product for the money.,,LAPTOP#PRICE,neutral,annotated,True,True,False
370,370:1,laptop,"No problems, no lock ups, no disappointments.",,LAPTOP#OPERATION_PERFORMANCE,positive,annotated,True,True,False
370,370:1,laptop,"No problems, no lock ups, no disappointments.",,LAPTOP#GENERAL,positive,annotated,True,True,False
370,370:2,laptop,"Not super fancy, but not super expensive either.",,LAPTOP#DESIGN_FEATURES,neutral,annotated,True,True,False
370,370:2,laptop,"Not super fancy, but not super expensive either.",,LAPTOP#PRICE,neutral,annotated,True,True,False
370,370:3,laptop,"Have had many higher priced computers crash and burn long before ever got to use all that great memory and speed, etc.",,,,non_annotated,False,False,False
370,370:4,laptop,Highly recommend for daily use.,,LAPTOP#MISCELLANEOUS,positive,annotated,True,True,False
370,370:5,laptop,"We now own two of these, identical.",,,,non_annotated,False,False,False
115,115:0,laptop,As an owner of a Toshiba Satalite laptop computer things you should know before you buy.,,,,non_annotated,False,False,False
115,115:1,laptop,The Computer itself is a good product but the repair depot stinks.,,LAPTOP#GENERAL,positive,annotated,True,True,False
115,115:1,laptop,The Computer itself is a good product but the repair depot stinks.,,SUPPORT#QUALITY,negative,annotated,True,True,False
115,115:2,laptop,I have had to send in my laptop three times to get it fixed.,,SUPPORT#QUALITY,negative,annotated,True,True,False
115,115:3,laptop,Two of the times was in one month.,,,,non_annotated,False,False,False
115,115:4,laptop,I had in the past a Dell laptop and they sent me the items it needed or they sent a repair technician to my house to fix it.,,,,non_annotated,False,False,False
115,115:5,laptop,Toshiba does not send any one out unless you have paid extra to have the on site repair done.,,SUPPORT#QUALITY,negative,annotated,True,True,False
115,115:6,laptop,I would tell the technician I knew exactly what was wrong with it but they did not listen and I had to go through a bunch of junk to get them to tell me I needed to send the computer in.,,SUPPORT#QUALITY,negative,annotated,True,True,False
115,115:7,laptop,This computer that I have has had issues with the keyboard where it lost half the keyboard functions.,,KEYBOARD#QUALITY,negative,annotated,True,True,False
115,115:7,laptop,This computer that I have has had issues with the keyboard where it lost half the keyboard functions.,,KEYBOARD#OPERATION_PERFORMANCE,negative,annotated,True,True,False
115,115:8,laptop,As well as having the plug in the computer come loose.,,POWER_SUPPLY#QUALITY,negative,annotated,True,True,False
115,115:9,laptop,This has happened three times so far.,,,,non_annotated,False,False,False
115,115:10,laptop,Two times with in one month.,,,,non_annotated,False,False,False
115,115:11,laptop,"I am not one to throw things like this around but it is a laptop so carrying it around does seem to mean it will be jerked possibly a little, while driving a car and carrying it into where ever you are using it.",,,,non_annotated,False,False,False
115,115:12,laptop,So having the AC plug go out on me and get lose or I could actually here it inside my computer on two of the three times is not good.,,POWER_SUPPLY#QUALITY,negative,annotated,True,True,False
115,115:13,laptop,It still seems to be a little lose now but so far seems to be hanging in there.,,POWER_SUPPLY#QUALITY,negative,annotated,True,True,False
12,12:0,laptop,The Mac Book Pro performs flawlessly.,,LAPTOP#OPERATION_PERFORMANCE,positive,annotated,True,True,False
12,12:1,laptop,"Never had a single problem, and don't have to worry about viruses.",,LAPTOP#GENERAL,positive,annotated,True,True,False
12,12:1,laptop,"Never had a single problem, and don't have to worry about viruses.",,LAPTOP#QUALITY,positive,annotated,True,True,False
12,12:2,laptop,"While I mostly use it for email, internet and gaming, I'm confident all other applications live up to the high standard I've come to appreciate from Mac laptops.",,LAPTOP#MISCELLANEOUS,positive,annotated,True,True,False
12,12:3,laptop,Worth the investment and truly a fine piece of equipment.,,LAPTOP#GENERAL,positive,annotated,True,True,False
168,168:0,laptop,"Right out of the box, this little netbook did everything I asked of it, including streaming the everyday video you're bound to encounter checking mail and websites (my biggest complaint previously).",,LAPTOP#GENERAL,positive,annotated,True,True,False
168,168:0,laptop,"Right out of the box, this little netbook did everything I asked of it, including streaming the everyday video you're bound to encounter checking mail and websites (my biggest complaint previously).",,LAPTOP#MISCELLANEOUS,positive,annotated,True,True,False
168,168:1,laptop,"It even has a great webcam, and Skype works very well.",,LAPTOP#DESIGN_FEATURES,positive,annotated,True,True,False
168,168:1,laptop,"It even has a great webcam, and Skype works very well.",,MULTIMEDIA_DEVICES#GENERAL,positive,annotated,True,True,False
168,168:1,laptop,"It even has a great webcam, and Skype works very well.",,SOFTWARE#OPERATION_PERFORMANCE,positive,annotated,True,True,False
168,168:2,laptop,The fact that you can spend over $100 on just a webcam underscores the value of this machine.,,LAPTOP#GENERAL,positive,annotated,True,True,False
168,168:3,laptop,"The Windows 7 Starter is, in my opinion, a great way to think about using your netbook: basics, basics, basics.",,OS#GENERAL,negative,annotated,True,True,False
168,168:4,laptop,"I wiped nearly everything off of it, installed OpenOffice and Firefox, and I am operating an incredibly efficient and useful machine for a great price.",,OS#GENERAL,negative,annotated,True,True,False
168,168:4,laptop,"I wiped nearly everything off of it, installed OpenOffice and Firefox, and I am operating an incredibly efficient and useful machine for a great price.",,LAPTOP#PRICE,positive,annotated,True,True,False
168,168:4,laptop,"I wiped nearly everything off of it, installed OpenOffice and Firefox, and I am operating an incredibly efficient and useful machine for a great price.",,LAPTOP#OPERATION_PERFORMANCE,positive,annotated,True,True,False
168,168:4,laptop,"I wiped nearly everything off of it, installed OpenOffice and Firefox, and I am operating an incredibly efficient and useful machine for a great price.",,LAPTOP#GENERAL,positive,annotated,True,True,False
168,168:5,laptop,"This netbook is a perfect supplementary computer to another laptop or desktop (my wife and I have another laptop), or if you are a user who uses the computer for simple tasks.",,LAPTOP#MISCELLANEOUS,positive,annotated,True,True,False
168,168:6,laptop,"I use this for my tutoring business, and since I'm always bouncing from student to student, it is ideal for portability and battery life (yes, it gets the 8 hours as advertised!).",,LAPTOP#PORTABILITY,positive,annotated,True,True,False
168,168:6,laptop,"I use this for my tutoring business, and since I'm always bouncing from student to student, it is ideal for portability and battery life (yes, it gets the 8 hours as advertised!).",,BATTERY#OPERATION_PERFORMANCE,positive,annotated,True,True,False
168,168:7,laptop,"Finally, I should note that I took the 2GB RAM stick from my old EeePC and installed it before I even powered on for the first time.",,,,non_annotated,False,False,False
168,168:8,laptop,"ASUS has done an outstanding job of evolving their netbooks, and I would recommend this to anyone who both understands their needs and how netbooks can fit them.",,LAPTOP#GENERAL,positive,annotated,True,True,False
168,168:8,laptop,"ASUS has done an outstanding job of evolving their netbooks, and I would recommend this to anyone who both understands their needs and how netbooks can fit them.",,COMPANY#GENERAL,positive,annotated,True,True,False
351,351:0,laptop,little short on RAM but you get what you pay for.,,MEMORY#DESIGN_FEATURES,neutral,annotated,True,True,False
351,351:1,laptop,"the hinge design forced you to place various connections all around the computer, left right and front.",,LAPTOP#DESIGN_FEATURES,negative,annotated,True,True,False
351,351:1,laptop,"the hinge design forced you to place various connections all around the computer, left right and front.",,LAPTOP#USABILITY,negative,annotated,True,True,False
351,351:2,laptop,"the headphone and mic jack are in front of touch-pad making the touch-pad hard to use when using headphones/mic, not to mention the laptop was designed for right handed person.",,PORTS#DESIGN_FEATURES,negative,annotated,True,True,False
351,351:2,laptop,"the headphone and mic jack are in front of touch-pad making the touch-pad hard to use when using headphones/mic, not to mention the laptop was designed for right handed person.",,MOUSE#USABILITY,negative,annotated,True,True,False
351,351:2,laptop,"the headphone and mic jack are in front of touch-pad making the touch-pad hard to use when using headphones/mic, not to mention the laptop was designed for right handed person.",,LAPTOP#DESIGN_FEATURES,negative,annotated,True,True,False
351,351:2,laptop,"the headphone and mic jack are in front of touch-pad making the touch-pad hard to use when using headphones/mic, not to mention the laptop was designed for right handed person.",,LAPTOP#USABILITY,negative,annotated,True,True,False
351,351:3,laptop,Cords coming out the right for power plus cords coming out front for headphones/mic plus network connection on left make for a very messy setup with cords going every direction.,,LAPTOP#DESIGN_FEATURES,negative,annotated,True,True,False
351,351:3,laptop,Cords coming out the right for power plus cords coming out front for headphones/mic plus network connection on left make for a very messy setup with cords going every direction.,,LAPTOP#USABILITY,negative,annotated,True,True,False
351,351:4,laptop,"I love windows 7 but i can't give Toshiba any credit for that, unless y'all get serious about ergonomics and making required connections less obtrusive i will be looking to different manufacturer next time.",,OS#GENERAL,positive,annotated,True,True,False
351,351:4,laptop,"I love windows 7 but i can't give Toshiba any credit for that, unless y'all get serious about ergonomics and making required connections less obtrusive i will be looking to different manufacturer next time.",,LAPTOP#USABILITY,negative,annotated,True,True,False
351,351:4,laptop,"I love windows 7 but i can't give Toshiba any credit for that, unless y'all get serious about ergonomics and making required connections less obtrusive i will be looking to different manufacturer next time.",,LAPTOP#DESIGN_FEATURES,negative,annotated,True,True,False
351,351:4,laptop,"I love windows 7 but i can't give Toshiba any credit for that, unless y'all get serious about ergonomics and making required connections less obtrusive i will be looking to different manufacturer next time.",,COMPANY#GENERAL,negative,annotated,True,True,False
134,134:0,laptop,I was happy with My purchase of a Toshiba Satellite L305D-S5934 laptop until it came time to have it repaired under the Toshiba Warranty.,,LAPTOP#GENERAL,positive,annotated,True,True,False
134,134:0,laptop,I was happy with My purchase of a Toshiba Satellite L305D-S5934 laptop until it came time to have it repaired under the Toshiba Warranty.,,SUPPORT#GENERAL,negative,annotated,True,True,False
134,134:1,laptop,The computer was shipped to their repair depot  on june 24 and returned on July 2 seems like a short turn around time except the computer was not repaired when it was returned.,,SHIPPING#QUALITY,positive,annotated,True,True,False
134,134:1,laptop,The computer was shipped to their repair depot  on june 24 and returned on July 2 seems like a short turn around time except the computer was not repaired when it was returned.,,SUPPORT#QUALITY,negative,annotated,True,True,False
134,134:2,laptop,I called their repair depot as was told they would send Me a new box to return the computer to the repair depot.,,,,non_annotated,False,False,False
134,134:3,laptop,They were totally unconcerned that the computer was not correctly repaired in the first place.,,SUPPORT#QUALITY,negative,annotated,True,True,False
134,134:4,laptop,The computer is currently in West Verginia doe to the method of shipping choosen by Toshiba.,,SHIPPING#QUALITY,negative,annotated,True,True,False
134,134:5,laptop,The computer could have been shipped by Priority Mail through the USPS for the same cost and arrived by Noon on Tue.,,SHIPPING#QUALITY,negative,annotated,True,True,False
134,134:6,laptop,Instead it is sitting in West Verginia waiting for UPS to take two days to send Me a box and Two days for them to ship the computer some 691 miles by air? to Louisville Ky.,,SHIPPING#QUALITY,negative,annotated,True,True,False
134,134:7,laptop,By Air sounds more like by truck to Me.,,,,non_annotated,False,False,False
134,134:8,laptop,And Toshiba is totally unconcerned.,,SUPPORT#QUALITY,negative,annotated,True,True,False
134,134:9,laptop,The reaction of Toshiba is there is nothing you can do about it so just sit back and except the fact that you are powerless and it is mind over matter.,,SUPPORT#QUALITY,negative,annotated,True,True,False
134,134:10,laptop,We don't Mind and You don't Matter.,,SUPPORT#QUALITY,negative,annotated,True,True,False
134,134:11,laptop,I would not recommend the purchase of this modle of Toshiba Computer or any Toshiba product for that matter.,,LAPTOP#GENERAL,negative,annotated,True,True,False
134,134:11,laptop,I would not recommend the purchase of this modle of Toshiba Computer or any Toshiba product for that matter.,,COMPANY#GENERAL,negative,annotated,True,True,False
134,134:12,laptop,When it come time for warranty service to Toshiba you don't matter.,,SUPPORT#QUALITY,negative,annotated,True,True,False
112,112:0,laptop,Windows Vista makes this computer almost unusable for online service.,,OS#GENERAL,negative,annotated,True,True,False
112,112:0,laptop,Windows Vista makes this computer almost unusable for online service.,,LAPTOP#USABILITY,negative,annotated,True,True,False
112,112:1,laptop,I've tried going back to XL but there still problems.,,LAPTOP#USABILITY,negative,annotated,True,True,False
112,112:2,laptop,The technical service for dell is so 3rd world it might as well not even bother.,,SUPPORT#QUALITY,negative,annotated,True,True,False
112,112:3,laptop,Just a bunch of idiots who's English as a 5th language is forced at best.,,SUPPORT#QUALITY,negative,annotated,True,True,False
112,112:4,laptop,I'm all for saving money but Dell needs to step it up.,,COMPANY#GENERAL,negative,annotated,True,True,False
324,324:0,laptop,Good price.,,LAPTOP#PRICE,positive,annotated,True,True,False
324,324:1,laptop,Basic computer.,,LAPTOP#MISCELLANEOUS,neutral,annotated,True,True,False
324,324:2,laptop,Didn't work when shipped from Walmart.com but went into a store and exchanged for a working laptop (same make/model).,,LAPTOP#MISCELLANEOUS,neutral,annotated,True,True,False
324,324:3,laptop,It has worked fine.,,LAPTOP#OPERATION_PERFORMANCE,positive,annotated,True,True,False
328,328:0,laptop,Handles all my basic media needs easily.,,LAPTOP#MISCELLANEOUS,positive,annotated,True,True,False
328,328:1,laptop,Can listen to my music and watch my videos with ease and with a great display.,,DISPLAY#GENERAL,positive,annotated,True,True,False
328,328:1,laptop,Can listen to my music and watch my videos with ease and with a great display.,,LAPTOP#USABILITY,positive,annotated,True,True,False
328,328:2,laptop,It is speedy when connected wirelessly to any network regardless if the connection is weak or not.,,LAPTOP#OPERATION_PERFORMANCE,positive,annotated,True,True,False
328,328:2,laptop,It is speedy when connected wirelessly to any network regardless if the connection is weak or not.,,LAPTOP#CONNECTIVITY,positive,annotated,True,True,False
328,328:3,laptop,It's a great prodcut to handle basic computing needs.,,LAPTOP#MISCELLANEOUS,positive,annotated,True,True,False
380,380:0,laptop,I've had this laptop for about a month now.,,,,non_annotated,False,False,False
380,380:1,laptop,It has served my needs quite nicely for the most part.,,LAPTOP#GENERAL,positive,annotated,True,True,False
380,380:2,laptop,"The 2 GB of RAM is plenty, able to run Windows 7 and at least 2 or 3 other programs with next to no slowdown.",,MEMORY#DESIGN_FEATURES,positive,annotated,True,True,False
380,380:2,laptop,"The 2 GB of RAM is plenty, able to run Windows 7 and at least 2 or 3 other programs with next to no slowdown.",,LAPTOP#OPERATION_PERFORMANCE,positive,annotated,True,True,False
380,380:3,laptop,"The ATI graphics card is a huge plus, definitely a good value if you need to be able to run some slightly older games that a Intel built-in card would have trouble with, such as Half-Life 2 or even World of Warcraft.",,,,non_annotated,False,False,False
380,380:4,laptop,My one complaint with this laptop is that I've noticed an electronic fuzz sound coming out of the headphone jack when headphones are plugged in.,,PORTS#QUALITY,negative,annotated,True,True,False
380,380:5,laptop,"This is likely due to poor grounding and isolation between the components, and I'm hoping that it can be fixed with a ground loop isolator, but I still expected better product quality for this price range.",,HARDWARE#QUALITY,negative,annotated,True,True,False
380,380:5,laptop,"This is likely due to poor grounding and isolation between the components, and I'm hoping that it can be fixed with a ground loop isolator, but I still expected better product quality for this price range.",,LAPTOP#PRICE,negative,annotated,True,True,False
380,380:6,laptop,"Other than that, I would recommend this to someone in need of a cheap laptop with semi-decent gaming capabilities.",,LAPTOP#PRICE,positive,annotated,True,True,False
380,380:6,laptop,"Other than that, I would recommend this to someone in need of a cheap laptop with semi-decent gaming capabilities.",,LAPTOP#MISCELLANEOUS,neutral,annotated,True,True,False
391,391:0,laptop,Let me start with the good:So awesome.,,LAPTOP#GENERAL,positive,annotated,True,True,False
391,391:1,laptop,"Great OS, fabulous improvements to the existing line bumping up the processor speed and adding the thunderbolt port.",,OS#GENERAL,positive,annotated,True,True,False
391,391:1,laptop,"Great OS, fabulous improvements to the existing line bumping up the processor speed and adding the thunderbolt port.",,CPU#OPERATION_PERFORMANCE,positive,annotated,True,True,False
391,391:1,laptop,"Great OS, fabulous improvements to the existing line bumping up the processor speed and adding the thunderbolt port.",,LAPTOP#DESIGN_FEATURES,positive,annotated,True,True,False
391,391:2,laptop,This is my second MacBook.,,,,non_annotated,False,False,False
391,391:3,laptop,"The first one I had was a 2006 model, not the Pro.",,,,non_annotated,False,False,False
391,391:4,laptop,I fell in love with it.,,,,non_annotated,False,False,False
391,391:5,laptop,This one has had the same effect.,,LAPTOP#GENERAL,positive,annotated,True,True,False
391,391:6,laptop,"I had upgraded my old MacBook to Lion, so I kind of knew what I was getting, but hadn't been able to enjoy some of the awesome new multi-touch features.",,,,non_annotated,False,False,False
391,391:7,laptop,"The improvements to the OS have been relatively gradual, but substantive.",,OS#GENERAL,positive,annotated,True,True,False
391,391:8,laptop,The feel of this machine compared to the old MacBook is far superior.,,,,non_annotated,False,False,False
391,391:9,laptop,"The Unibody construction is solid, sleek and beautiful.",,LAPTOP#DESIGN_FEATURES,positive,annotated,True,True,False
391,391:9,laptop,"The Unibody construction is solid, sleek and beautiful.",,LAPTOP#QUALITY,positive,annotated,True,True,False
391,391:10,laptop,"It is everything I'd hoped it would be from a look and feel standpoint, but somehow a bit more sturdy.",,LAPTOP#DESIGN_FEATURES,positive,annotated,True,True,False
391,391:10,laptop,"It is everything I'd hoped it would be from a look and feel standpoint, but somehow a bit more sturdy.",,LAPTOP#QUALITY,positive,annotated,True,True,False
391,391:11,laptop,"For the not so good, I got the stock screen - which is VERY glossy.",,DISPLAY#MISCELLANEOUS,negative,annotated,True,True,False
391,391:11,laptop,"For the not so good, I got the stock screen - which is VERY glossy.",,DISPLAY#QUALITY,negative,annotated,True,True,False
391,391:12,laptop,It's still beautiful and has better color reproduction than I could ever expect from a notebook.,,DISPLAY#DESIGN_FEATURES,positive,annotated,True,True,False
391,391:12,laptop,It's still beautiful and has better color reproduction than I could ever expect from a notebook.,,DISPLAY#QUALITY,positive,annotated,True,True,False
391,391:13,laptop,The reflectiveness of the display is only a minor inconvenience if you work in a controlled-lighting environment like me (I prefer it dark) or if you can crank up the brightness.,,DISPLAY#QUALITY,neutral,annotated,True,True,False
391,391:13,laptop,The reflectiveness of the display is only a minor inconvenience if you work in a controlled-lighting environment like me (I prefer it dark) or if you can crank up the brightness.,,DISPLAY#USABILITY,neutral,annotated,True,True,False
391,391:14,laptop,My real problem with it?,,,,non_annotated,False,False,False
391,391:15,laptop,The statement of 7 hour battery life is not just mere exaggeration -- it's a lie.,,BATTERY#OPERATION_PERFORMANCE,negative,annotated,True,True,False
391,391:16,laptop,I challenge anyone to show proof that through anywhere near normal use can get more than 2.5 hrs out of it.,,BATTERY#OPERATION_PERFORMANCE,negative,annotated,True,True,False
391,391:17,laptop,The first full charge of this battery got me only about 2 full hours.,,BATTERY#OPERATION_PERFORMANCE,negative,annotated,True,True,False
391,391:18,laptop,Enabling the battery timer is useless.,,BATTERY#MISCELLANEOUS,negative,annotated,True,True,False
391,391:19,laptop,"The ""Time remaining"" goes from 4 hours plus to less than 2 hours over the span of about 10 minutes.",,BATTERY#MISCELLANEOUS,negative,annotated,True,True,False
391,391:20,laptop,It's a joke.,,,,non_annotated,False,False,False
391,391:21,laptop,It's so bad that I'm thinking I only got half a battery or something.,,BATTERY#MISCELLANEOUS,negative,annotated,True,True,False
391,391:22,laptop,I know what 7 hrs of battery looks like.,,BATTERY#OPERATION_PERFORMANCE,negative,annotated,True,True,False
391,391:23,laptop,This ain't it.,,,,non_annotated,False,False,False
391,391:24,laptop,My only other complaint is that it gets really hot.:-),,LAPTOP#QUALITY,positive,annotated,True,True,False
391,391:25,laptop,"If you buy this - don't go into it expecting 7 hrs of battery life, and you'll be perfectly satisfied.",,BATTERY#OPERATION_PERFORMANCE,negative,annotated,True,True,False
391,391:25,laptop,"If you buy this - don't go into it expecting 7 hrs of battery life, and you'll be perfectly satisfied.",,LAPTOP#GENERAL,positive,annotated,True,True,False
318,318:0,laptop,"The pro is a great product, I wish that the 13 inch models came with the Intel i processors and had a more comfortable edge (the edges hurt my wrists).",,LAPTOP#GENERAL,positive,annotated,True,True,False
318,318:0,laptop,"The pro is a great product, I wish that the 13 inch models came with the Intel i processors and had a more comfortable edge (the edges hurt my wrists).",,CPU#MISCELLANEOUS,neutral,annotated,True,True,False
318,318:0,laptop,"The pro is a great product, I wish that the 13 inch models came with the Intel i processors and had a more comfortable edge (the edges hurt my wrists).",,LAPTOP#DESIGN_FEATURES,negative,annotated,True,True,False
318,318:0,laptop,"The pro is a great product, I wish that the 13 inch models came with the Intel i processors and had a more comfortable edge (the edges hurt my wrists).",,LAPTOP#USABILITY,negative,annotated,True,True,False
318,318:1,laptop,Other than that its a great performing machine and well meets all my needs and more.,,LAPTOP#OPERATION_PERFORMANCE,positive,annotated,True,True,False
318,318:1,laptop,Other than that its a great performing machine and well meets all my needs and more.,,LAPTOP#GENERAL,positive,annotated,True,True,False
318,318:2,laptop,Great product by Apple with the new great looking design.,,LAPTOP#GENERAL,positive,annotated,True,True,False
318,318:2,laptop,Great product by Apple with the new great looking design.,,LAPTOP#DESIGN_FEATURES,positive,annotated,True,True,False
318,318:2,laptop,Great product by Apple with the new great looking design.,,COMPANY#GENERAL,positive,annotated,True,True,False
121,121:0,laptop,"This computer was bought because I wanted ""top of the line"", fast, reliable, HA.",,,,non_annotated,False,False,False
121,121:1,laptop,"I actually had the hard drive replaced twice, the mother board once, the dvd drive twice, then they FINALLY agreed to replace it, (ALL OF THIS IN LESS THAN 1 1/2 YEARS!)only to get another ""HP/Compaq"" piece of crap.",,HARD_DISC#QUALITY,negative,annotated,True,True,False
121,121:1,laptop,"I actually had the hard drive replaced twice, the mother board once, the dvd drive twice, then they FINALLY agreed to replace it, (ALL OF THIS IN LESS THAN 1 1/2 YEARS!)only to get another ""HP/Compaq"" piece of crap.",,MOTHERBOARD#QUALITY,negative,annotated,True,True,False
121,121:1,laptop,"I actually had the hard drive replaced twice, the mother board once, the dvd drive twice, then they FINALLY agreed to replace it, (ALL OF THIS IN LESS THAN 1 1/2 YEARS!)only to get another ""HP/Compaq"" piece of crap.",,OPTICAL_DRIVES#QUALITY,negative,annotated,True,True,False
121,121:1,laptop,"I actually had the hard drive replaced twice, the mother board once, the dvd drive twice, then they FINALLY agreed to replace it, (ALL OF THIS IN LESS THAN 1 1/2 YEARS!)only to get another ""HP/Compaq"" piece of crap.",,SUPPORT#QUALITY,negative,annotated,True,True,False
121,121:1,laptop,"I actually had the hard drive replaced twice, the mother board once, the dvd drive twice, then they FINALLY agreed to replace it, (ALL OF THIS IN LESS THAN 1 1/2 YEARS!)only to get another ""HP/Compaq"" piece of crap.",,LAPTOP#QUALITY,negative,annotated,True,True,False
121,121:2,laptop,"It was slow, locked up, and also had hardware replaced after only 2 months!",,LAPTOP#OPERATION_PERFORMANCE,negative,annotated,True,True,False
121,121:2,laptop,"It was slow, locked up, and also had hardware replaced after only 2 months!",,HARDWARE#QUALITY,negative,annotated,True,True,False
121,121:3,laptop,"So, buyers beware!",,LAPTOP#GENERAL,negative,annotated,True,True,False
366,366:0,laptop,My husband got me this for Chrismas after getting me a very expensve laptop that did not work after 2 days.,,,,non_annotated,False,False,False
366,366:1,laptop,So we exchanged it for the same on and after 2 hours it didn't work.,,,,non_annotated,False,False,False
366,366:2,laptop,I went with him and we picked this one.,,,,non_annotated,False,False,False
366,366:3,laptop,"It is made better, thicker, and all out tough!",,LAPTOP#QUALITY,positive,annotated,True,True,False
366,366:3,laptop,"It is made better, thicker, and all out tough!",,LAPTOP#DESIGN_FEATURES,positive,annotated,True,True,False
366,366:4,laptop,I droped this once from thetable when my baby girl grabed me one day and IT is still working with NO issues!,,LAPTOP#QUALITY,positive,annotated,True,True,False
366,366:5,laptop,"I love the easy to see screen, and It works well for work, persoal or just play.",,DISPLAY#USABILITY,positive,annotated,True,True,False
366,366:5,laptop,"I love the easy to see screen, and It works well for work, persoal or just play.",,LAPTOP#MISCELLANEOUS,positive,annotated,True,True,False
366,366:6,laptop,I tell everyone I see out looking to get this or another Toshiba.,,LAPTOP#GENERAL,positive,annotated,True,True,False
366,366:6,laptop,I tell everyone I see out looking to get this or another Toshiba.,,COMPANY#GENERAL,positive,annotated,True,True,False
366,366:7,laptop,"My dad has one of the very first Toshibas ever made, yes its abit slow now but still works well and i hooked to my ethernet!",,,,non_annotated,False,False,False
366,366:8,laptop,My friends or children use that when they need to borrow the Net =) When I out grow this Meaning when its old and my oldest child is ready for one she will get this one ANd I will be buying only TOSHIBA!,,COMPANY#GENERAL,positive,annotated,True,True,False
366,366:9,laptop,"I just love this lap top, I just wish it were all silver or they had all black.",,LAPTOP#GENERAL,positive,annotated,True,True,False
366,366:9,laptop,"I just love this lap top, I just wish it were all silver or they had all black.",,LAPTOP#DESIGN_FEATURES,neutral,annotated,True,True,False
366,366:10,laptop,That is my only complaint!,,LAPTOP#DESIGN_FEATURES,negative,annotated,True,True,False
366,366:11,laptop,LOVE THIS LAPTOP WONDERFUL PRICE FOR WHAT YOU GET!,,LAPTOP#GENERAL,positive,annotated,True,True,False
366,366:11,laptop,LOVE THIS LAPTOP WONDERFUL PRICE FOR WHAT YOU GET!,,LAPTOP#PRICE,positive,annotated,True,True,False
366,366:12,laptop,WOULD PAY MORE FOR IT IF I HAD TOO!,,LAPTOP#GENERAL,positive,annotated,True,True,False
366,366:12,laptop,WOULD PAY MORE FOR IT IF I HAD TOO!,,LAPTOP#PRICE,positive,annotated,True,True,False
300,300:0,laptop,I purchased a Toshiba Satellite M60 (with harman/kardon speakers!) in December of 2005.,,,,non_annotated,False,False,False
300,300:1,laptop,It still serves me well both in business and home needs.,,,,non_annotated,False,False,False
300,300:2,laptop,"It is, however, very heavy.",,,,non_annotated,False,False,False
300,300:3,laptop,I recently purchased the mini and absolutely love it!,,LAPTOP#GENERAL,positive,annotated,True,True,False
300,300:4,laptop,It meets all my needs for work and pleasure while traveling.,,LAPTOP#MISCELLANEOUS,positive,annotated,True,True,False
300,300:4,laptop,It meets all my needs for work and pleasure while traveling.,,LAPTOP#PORTABILITY,positive,annotated,True,True,False
300,300:5,laptop,I am totally satisfied with my little toshie!,,LAPTOP#GENERAL,positive,annotated,True,True,False
175,175:0,laptop,From the moment I opened the box to the present it has been a great joy.,,LAPTOP#GENERAL,positive,annotated,True,True,False
175,175:1,laptop,"It is always reliable, never bugged and responds well.",,LAPTOP#QUALITY,positive,annotated,True,True,False
175,175:1,laptop,"It is always reliable, never bugged and responds well.",,LAPTOP#OPERATION_PERFORMANCE,positive,annotated,True,True,False
175,175:2,laptop,I love the operating system and the preloaded software.,,OS#GENERAL,positive,annotated,True,True,False
175,175:2,laptop,I love the operating system and the preloaded software.,,SOFTWARE#GENERAL,positive,annotated,True,True,False
288,288:0,laptop,I am a freelance graphic artist.,,,,non_annotated,False,False,False
288,288:1,laptop,I need graphic power to run my Adobe Creative apps efficiently.,,,,non_annotated,False,False,False
288,288:2,laptop,This machine delivers.,,LAPTOP#OPERATION_PERFORMANCE,positive,annotated,True,True,False
288,288:3,laptop,It is much faster than my desktop which is a Core2 Quad running at 2.83 GHz.,,,,non_annotated,False,False,False
288,288:4,laptop,It is also extremely pleasing to the eyes without looking too much like an Alienware gaming machine.,,LAPTOP#DESIGN_FEATURES,positive,annotated,True,True,False
288,288:5,laptop,I personally like the gaming look but needed a machine that delivered gaming performance while still looking professional in front of my customers.,,,,non_annotated,False,False,False
288,288:6,laptop,It is a bit heavy.,,LAPTOP#DESIGN_FEATURES,negative,annotated,True,True,False
288,288:7,laptop,It would be a load on long trips where a lot of walking is required.,,LAPTOP#PORTABILITY,negative,annotated,True,True,False
288,288:8,laptop,"If that is the case for you, I would suggest a pull-behind solution when looking at cases.",,,,non_annotated,False,False,False
288,288:9,laptop,Had some trouble finding a case that it would fit in.,,LAPTOP#DESIGN_FEATURES,negative,annotated,True,True,False
288,288:10,laptop,"This is an over-sized, 18-inch laptop.",,LAPTOP#DESIGN_FEATURES,negative,annotated,True,True,False
288,288:11,laptop,Most of the large bags are for a 17 inch.,,,,non_annotated,False,False,False
288,288:12,laptop,You may need to special order a bag.,,,,non_annotated,False,False,False
288,288:13,laptop,It wouldn't fit in most 17-inch bags.,,LAPTOP#PORTABILITY,negative,annotated,True,True,False
288,288:14,laptop,I was disappointed when I realized that the keyboard doesn't light up on this model.,,KEYBOARD#DESIGN_FEATURES,negative,annotated,True,True,False
288,288:15,laptop,It also does not have bluetooth.,,LAPTOP#DESIGN_FEATURES,negative,annotated,True,True,False
288,288:16,laptop,Pay attention to the specs if you want these options.,,,,non_annotated,False,False,False
288,288:17,laptop,You'll need to upgrade and pay a little more for them.,,LAPTOP#DESIGN_FEATURES,negative,annotated,True,True,False
288,288:18,laptop,I should have been more observant.,,,,non_annotated,False,False,False
288,288:19,laptop,"I was looking too closely at the other performance specs and while comparing, I took it for granted that these features were standard.",,LAPTOP#DESIGN_FEATURES,negative,annotated,True,True,False
288,288:20,laptop,They are not.,,,,non_annotated,False,False,False
288,288:21,laptop,"Overall, still a very nice machine.",,LAPTOP#GENERAL,positive,annotated,True,True,False
288,288:22,laptop,Boots up fast and runs great!,,LAPTOP#OPERATION_PERFORMANCE,positive,annotated,True,True,False
288,288:23,laptop,I'm pleased.,,LAPTOP#GENERAL,positive,annotated,True,True,False
289,289:0,laptop,The acer one compuer is a great computer.,,LAPTOP#GENERAL,positive,annotated,True,True,False
289,289:1,laptop,I didn't want to buy a generic brand computer but it is really nice.,,LAPTOP#GENERAL,positive,annotated,True,True,False
289,289:1,laptop,I didn't want to buy a generic brand computer but it is really nice.,,COMPANY#GENERAL,neutral,annotated,True,True,False
289,289:2,laptop,"Its fast, has High definition quality in the videos.",,LAPTOP#OPERATION_PERFORMANCE,positive,annotated,True,True,False
289,289:2,laptop,"Its fast, has High definition quality in the videos.",,DISPLAY#QUALITY,positive,annotated,True,True,False
289,289:3,laptop,The pictures are clear as can be.,,DISPLAY#QUALITY,positive,annotated,True,True,False
289,289:4,laptop,"If I had to buy another computer, I would most definetly buy an acer one computer.",,LAPTOP#GENERAL,positive,annotated,True,True,False
289,289:4,laptop,"If I had to buy another computer, I would most definetly buy an acer one computer.",,COMPANY#GENERAL,positive,annotated,True,True,False
289,289:5,laptop,"Heck, if I had enough ' money, I would but it as a gift for someone.",,LAPTOP#GENERAL,positive,annotated,True,True,False
289,289:6,laptop,Im glad that it has such great features in it.,,LAPTOP#DESIGN_FEATURES,positive,annotated,True,True,False
289,289:7,laptop,It also came with a built it web cam which is great because I can see an communicate with my family members back home.,,LAPTOP#DESIGN_FEATURES,positive,annotated,True,True,False
289,289:8,laptop,Clear picture on it and everything.,,DISPLAY#QUALITY,positive,annotated,True,True,False
289,289:9,laptop,"The one down side to it is that when I play a certin game on here, it tends to freeze up sometimes, but thats the only bad thing about this computer.",,LAPTOP#OPERATION_PERFORMANCE,negative,annotated,True,True,False
289,289:9,laptop,"The one down side to it is that when I play a certin game on here, it tends to freeze up sometimes, but thats the only bad thing about this computer.",,LAPTOP#GENERAL,positive,annotated,True,True,False
289,289:10,laptop,"The acer one computer that I bought is 17 ince screen and its hard to find lap top bags for it, but I like the big screen on it.",,DISPLAY#DESIGN_FEATURES,positive,annotated,True,True,False
289,289:10,laptop,"The acer one computer that I bought is 17 ince screen and its hard to find lap top bags for it, but I like the big screen on it.",,LAPTOP#PORTABILITY,negative,annotated,True,True,False
289,289:11,laptop,Its good for playing my apps on Facebook or watching movies.,,LAPTOP#MISCELLANEOUS,positive,annotated,True,True,False
289,289:12,laptop,Im very happy with this computer!,,LAPTOP#GENERAL,positive,annotated,True,True,False
302,302:0,laptop,"Well, I have to say since I bought my Mac, I won't ever go back to any Windows.",,,,non_annotated,False,False,False
302,302:1,laptop,It's solid.,,LAPTOP#QUALITY,positive,annotated,True,True,False
302,302:2,laptop,Love the stability of the Mac software and operating system.,,SOFTWARE#OPERATION_PERFORMANCE,positive,annotated,True,True,False
302,302:2,laptop,Love the stability of the Mac software and operating system.,,OS#OPERATION_PERFORMANCE,positive,annotated,True,True,False
302,302:3,laptop,The only downfall is a lot of the software I have won't work with Mac and iWork is not worth the price of it.,,SOFTWARE#USABILITY,negative,annotated,True,True,False
302,302:3,laptop,The only downfall is a lot of the software I have won't work with Mac and iWork is not worth the price of it.,,SOFTWARE#GENERAL,negative,annotated,True,True,False
302,302:3,laptop,The only downfall is a lot of the software I have won't work with Mac and iWork is not worth the price of it.,,SOFTWARE#PRICE,negative,annotated,True,True,False
302,302:4,laptop,It seems to be incompatible with everything else.,,SOFTWARE#USABILITY,negative,annotated,True,True,False
302,302:5,laptop,But the machine is awesome and iLife is great and I love Snow Leopard X.,,LAPTOP#GENERAL,positive,annotated,True,True,False
302,302:5,laptop,But the machine is awesome and iLife is great and I love Snow Leopard X.,,SOFTWARE#GENERAL,positive,annotated,True,True,False
302,302:5,laptop,But the machine is awesome and iLife is great and I love Snow Leopard X.,,OS#GENERAL,positive,annotated,True,True,False
303,303:0,laptop,i love to use it it is esay and light.,,LAPTOP#GENERAL,positive,annotated,True,True,False
303,303:0,laptop,i love to use it it is esay and light.,,LAPTOP#USABILITY,positive,annotated,True,True,False
303,303:0,laptop,i love to use it it is esay and light.,,LAPTOP#DESIGN_FEATURES,positive,annotated,True,True,False
303,303:1,laptop,this laptop is durable and it is easy to travel with.,,LAPTOP#QUALITY,positive,annotated,True,True,False
303,303:1,laptop,this laptop is durable and it is easy to travel with.,,LAPTOP#PORTABILITY,positive,annotated,True,True,False
303,303:2,laptop,i needed one to be able to carry to work everyday and this one seems to fit all of the criteria.,,LAPTOP#PORTABILITY,positive,annotated,True,True,False
303,303:3,laptop,this laptop is great for work and doing my pictures.,,LAPTOP#MISCELLANEOUS,positive,annotated,True,True,False
303,303:4,laptop,"i am a huge computer person i love anykind of computer that works well, but when i got this one i was so happy with the way it works and how it runs its amazing.",,LAPTOP#OPERATION_PERFORMANCE,positive,annotated,True,True,False
303,303:5,laptop,the programs are esay to use and are quick to process this computer works like a charm.,,SOFTWARE#USABILITY,positive,annotated,True,True,False
303,303:5,laptop,the programs are esay to use and are quick to process this computer works like a charm.,,SOFTWARE#OPERATION_PERFORMANCE,positive,annotated,True,True,False
303,303:5,laptop,the programs are esay to use and are quick to process this computer works like a charm.,,LAPTOP#OPERATION_PERFORMANCE,positive,annotated,True,True,False
303,303:6,laptop,i can use it for all of my needs.,,LAPTOP#GENERAL,positive,annotated,True,True,False
303,303:7,laptop,i give this laptop a five star review i love it and it has done chams for me.,,LAPTOP#GENERAL,positive,annotated,True,True,False
303,303:8,laptop,if this computer every breaks down on me i will most definatly get the same one again.,,LAPTOP#GENERAL,positive,annotated,True,True,False
303,303:9,laptop,i think that anyone looking for a good durrable laptop then this is the way to go.,,LAPTOP#QUALITY,positive,annotated,True,True,False
303,303:9,laptop,i think that anyone looking for a good durrable laptop then this is the way to go.,,LAPTOP#GENERAL,positive,annotated,True,True,False
304,304:0,laptop,From the second you open the box you will fall in love with this computer!,,LAPTOP#GENERAL,positive,annotated,True,True,False
304,304:1,laptop,The OS is still as fast as the day that the laptop was purchased and continues to run flawlessly.,,OS#OPERATION_PERFORMANCE,positive,annotated,True,True,False
304,304:1,laptop,The OS is still as fast as the day that the laptop was purchased and continues to run flawlessly.,,OS#QUALITY,positive,annotated,True,True,False
304,304:2,laptop,"The track pad to me is what really stands out though, you can do several different things with it just depending on how many fingers you use on the track pad, awesome thinking Apple!",,MOUSE#DESIGN_FEATURES,positive,annotated,True,True,False
304,304:2,laptop,"The track pad to me is what really stands out though, you can do several different things with it just depending on how many fingers you use on the track pad, awesome thinking Apple!",,MOUSE#USABILITY,positive,annotated,True,True,False
304,304:2,laptop,"The track pad to me is what really stands out though, you can do several different things with it just depending on how many fingers you use on the track pad, awesome thinking Apple!",,COMPANY#GENERAL,positive,annotated,True,True,False
304,304:3,laptop,"Have not yet needed any customer support with this yet so to me that is a great thing, which is leaps and bounds ahead of PC in my opinion.",,,,non_annotated,False,False,False
304,304:4,laptop,"The OS is also very user friendly, even for those that switch from a PC, with a little practice you can take full advantage of this OS!",,OS#USABILITY,positive,annotated,True,True,False
304,304:5,laptop,Apple continues to shine and provide a much more enjoyable computer experience!,,COMPANY#GENERAL,positive,annotated,True,True,False
304,304:5,laptop,Apple continues to shine and provide a much more enjoyable computer experience!,,LAPTOP#GENERAL,positive,annotated,True,True,False
31,31:0,laptop,"From the start, when you open the box you see a completely different class of machine.",,LAPTOP#GENERAL,positive,annotated,True,True,False
31,31:1,laptop,The ease in which you set everything up is such that a child could do it.,,LAPTOP#USABILITY,positive,annotated,True,True,False
31,31:2,laptop,"The screen is bright and clear, the operating system is solid and friendly to a novice.",,DISPLAY#QUALITY,positive,annotated,True,True,False
31,31:2,laptop,"The screen is bright and clear, the operating system is solid and friendly to a novice.",,OS#QUALITY,positive,annotated,True,True,False
31,31:2,laptop,"The screen is bright and clear, the operating system is solid and friendly to a novice.",,OS#USABILITY,positive,annotated,True,True,False
31,31:3,laptop,"Fast, fast and fast, the web pages just fly by.",,LAPTOP#OPERATION_PERFORMANCE,positive,annotated,True,True,False
31,31:4,laptop,"I had my IWORKS, Itunes, Email, MS Office, network and printers set up and completely working perfectly within an hour.",,LAPTOP#USABILITY,positive,annotated,True,True,False
31,31:4,laptop,"I had my IWORKS, Itunes, Email, MS Office, network and printers set up and completely working perfectly within an hour.",,LAPTOP#CONNECTIVITY,positive,annotated,True,True,False
31,31:4,laptop,"I had my IWORKS, Itunes, Email, MS Office, network and printers set up and completely working perfectly within an hour.",,LAPTOP#OPERATION_PERFORMANCE,positive,annotated,True,True,False
31,31:5,laptop,That includes transferring my music and movies.,,LAPTOP#USABILITY,positive,annotated,True,True,False
31,31:6,laptop,Good bye BLUE SCREEN and Critical errors!!!!,,LAPTOP#OPERATION_PERFORMANCE,positive,annotated,True,True,False
31,31:7,laptop,Skype is just so dang cool with this machine too.,,SOFTWARE#GENERAL,positive,annotated,True,True,False
31,31:8,laptop,I can hardly wait to see whats around the next corner.,,,,non_annotated,False,False,False
31,31:9,laptop,"My Iphone synced right up just like a person would expect, unlike the PCs in our lives.",,,,non_annotated,False,False,False
31,31:10,laptop,If only Bill Gates would read some of what is said here MS would do a better job.,,,,non_annotated,False,False,False
31,31:11,laptop,"If your time is worth anything to you, if you are tired of rebooting, reformatting, reinstalling, trying to find drivers, if you want a computer to work for you for a change, make the change to this computer.",,LAPTOP#USABILITY,positive,annotated,True,True,False
31,31:11,laptop,"If your time is worth anything to you, if you are tired of rebooting, reformatting, reinstalling, trying to find drivers, if you want a computer to work for you for a change, make the change to this computer.",,LAPTOP#OPERATION_PERFORMANCE,positive,annotated,True,True,False
31,31:12,laptop,It is light and the battery last a very long time.,,LAPTOP#DESIGN_FEATURES,positive,annotated,True,True,False
31,31:12,laptop,It is light and the battery last a very long time.,,BATTERY#OPERATION_PERFORMANCE,positive,annotated,True,True,False
31,31:13,laptop,Very fast boot up and shut down.,,LAPTOP#OPERATION_PERFORMANCE,positive,annotated,True,True,False
314,314:0,laptop,"been a PC user for many, many years.",,,,non_annotated,False,False,False
314,314:1,laptop,"Let me tell you, this machine is great.",,LAPTOP#GENERAL,positive,annotated,True,True,False
314,314:2,laptop,"Purchased for development purposes, but it has turned into my everyday laptop as well for surfing, e-mail, etc.",,LAPTOP#MISCELLANEOUS,positive,annotated,True,True,False
314,314:3,laptop,"I thought learning the Mac OS would be hard, but it is easily picked up if you are familiar with a PC.",,OS#USABILITY,positive,annotated,True,True,False
314,314:4,laptop,The most amazing part to me as a PC user is the startup and shutdown times - and the fact that you very rarely have to restart the thing.,,LAPTOP#OPERATION_PERFORMANCE,positive,annotated,True,True,False
314,314:5,laptop,The only time I have restarted is during system updates.,,LAPTOP#OPERATION_PERFORMANCE,positive,annotated,True,True,False
314,314:6,laptop,great machine if you want to drop the cash for one.,,LAPTOP#GENERAL,positive,annotated,True,True,False
317,317:0,laptop,"Ok, this is probably the best laptop series ever devised by Apple.",,LAPTOP#GENERAL,positive,annotated,True,True,False
317,317:1,laptop,The case is carved out of a single block of aluminum.,,LAPTOP#QUALITY,positive,annotated,True,True,False
317,317:2,laptop,"Although I opted for the lowest end MacBook Pro, this thing holds its own.",,,,non_annotated,False,False,False
317,317:3,laptop,"The processor screams, and because of the unique way that Apple OSX 16 functions, most of the graphics are routed through the hardware rather than the software.",,CPU#OPERATION_PERFORMANCE,positive,annotated,True,True,False
317,317:3,laptop,"The processor screams, and because of the unique way that Apple OSX 16 functions, most of the graphics are routed through the hardware rather than the software.",,OS#OPERATION_PERFORMANCE,positive,annotated,True,True,False
317,317:3,laptop,"The processor screams, and because of the unique way that Apple OSX 16 functions, most of the graphics are routed through the hardware rather than the software.",,GRAPHICS#DESIGN_FEATURES,positive,annotated,True,True,False
317,317:4,laptop,That is how it is able to function better than any other PC.,,,,non_annotated,False,False,False
317,317:5,laptop,I have recommended this laptop to everyone I know who is buying one.,,LAPTOP#GENERAL,positive,annotated,True,True,False
317,317:6,laptop,"I like it so much, I bought another just for my wife.",,LAPTOP#GENERAL,positive,annotated,True,True,False
331,331:0,laptop,Took it back as it was defective.,,LAPTOP#QUALITY,negative,annotated,True,True,False
331,331:1,laptop,Page just disapeared after you got yahoo or downloaded something.,,LAPTOP#OPERATION_PERFORMANCE,negative,annotated,True,True,False
331,331:2,laptop,Couldn't keep a page up you were working on!,,LAPTOP#OPERATION_PERFORMANCE,negative,annotated,True,True,False
356,356:0,laptop,was a great deal i will give that.,,LAPTOP#PRICE,positive,annotated,True,True,False
356,356:1,laptop,the laptop preformed pretty well.,,LAPTOP#OPERATION_PERFORMANCE,positive,annotated,True,True,False
356,356:2,laptop,it cant fuction well with lots of webpages open at once.,,LAPTOP#OPERATION_PERFORMANCE,negative,annotated,True,True,False
356,356:3,laptop,it has times were it freezes for 10 seconds and then starts again.,,LAPTOP#OPERATION_PERFORMANCE,negative,annotated,True,True,False
356,356:4,laptop,"the mouse on the pad, the left button always sticks.",,MOUSE#OPERATION_PERFORMANCE,negative,annotated,True,True,False
356,356:5,laptop,the mouse is way way way to sensitve.,,MOUSE#OPERATION_PERFORMANCE,negative,annotated,True,True,False
356,356:6,laptop,i tried turning it done but it did nothing.,,MOUSE#OPERATION_PERFORMANCE,negative,annotated,True,True,False
356,356:7,laptop,the mouse jumps around all the time and it clicks stuff i dont want it too.,,MOUSE#OPERATION_PERFORMANCE,negative,annotated,True,True,False
356,356:7,laptop,the mouse jumps around all the time and it clicks stuff i dont want it too.,,MOUSE#USABILITY,negative,annotated,True,True,False
356,356:8,laptop,its not bad just VERY VERY annoying.,,MOUSE#GENERAL,negative,annotated,True,True,False
356,356:9,laptop,think i would spend little extra to get a better made laptop.,,LAPTOP#QUALITY,negative,annotated,True,True,False
363,363:0,laptop,I am very happy with this laptop.,,LAPTOP#GENERAL,positive,annotated,True,True,False
363,363:1,laptop,For the price and what I get out of it has exceeded my expectations.,,LAPTOP#PRICE,neutral,annotated,True,True,False
363,363:1,laptop,For the price and what I get out of it has exceeded my expectations.,,LAPTOP#GENERAL,positive,annotated,True,True,False
363,363:2,laptop,I always have used a tower home PC and jumped to the laptop and have been very satisfied with its performance.,,LAPTOP#OPERATION_PERFORMANCE,positive,annotated,True,True,False
296,296:0,laptop,"First things first, Macbook pro has many applications to make life easier, unlike the windows computers.",,,,non_annotated,False,False,False
296,296:1,laptop,Amazing Quality!,,LAPTOP#QUALITY,positive,annotated,True,True,False
296,296:2,laptop,Plus stylish.,,LAPTOP#DESIGN_FEATURES,positive,annotated,True,True,False
296,296:3,laptop,"The big screen allows you to enjoy watching movies , pictures and etc!",,DISPLAY#DESIGN_FEATURES,positive,annotated,True,True,False
296,296:4,laptop,"The flaws are, this computer is not for computer gamers because of the OS X.",,LAPTOP#MISCELLANEOUS,negative,annotated,True,True,False
296,296:4,laptop,"The flaws are, this computer is not for computer gamers because of the OS X.",,OS#MISCELLANEOUS,negative,annotated,True,True,False
296,296:5,laptop,Mac is not made for gaming.,,LAPTOP#MISCELLANEOUS,negative,annotated,True,True,False
296,296:6,laptop,BUT there's this application called Boot Camp which allows you to add another OS X like Windows.,,SOFTWARE#MISCELLANEOUS,positive,annotated,True,True,False
296,296:7,laptop,"Second, it gets scratches easily and when it gets old some thing may operated",,LAPTOP#QUALITY,negative,annotated,True,True,False
296,296:7,laptop,"Second, it gets scratches easily and when it gets old some thing may operated",,LAPTOP#OPERATION_PERFORMANCE,negative,annotated,True,True,False
346,346:0,laptop,Was not happy with one of the programs on it.,,SOFTWARE#GENERAL,negative,annotated,True,True,False
346,346:1,laptop,"It was not clear that the Microsoft Student Edition that was loaded on the computer, was a six month trial.",,SOFTWARE#MISCELLANEOUS,negative,annotated,True,True,False
346,346:2,laptop,"Also, the extended warranty was a problem.",,WARRANTY#GENERAL,negative,annotated,True,True,False
346,346:3,laptop,The extended warranty for the $4000 and up computers was the only one available for purchase on the drop drown menu.,,WARRANTY#MISCELLANEOUS,negative,annotated,True,True,False
346,346:4,laptop,"Overall the computer is very easy to use, the screen is perfect, great computer, my daughter loves.",,LAPTOP#USABILITY,positive,annotated,True,True,False
346,346:4,laptop,"Overall the computer is very easy to use, the screen is perfect, great computer, my daughter loves.",,DISPLAY#GENERAL,positive,annotated,True,True,False
346,346:4,laptop,"Overall the computer is very easy to use, the screen is perfect, great computer, my daughter loves.",,LAPTOP#GENERAL,positive,annotated,True,True,False
343,343:0,laptop,I took 3-4 years researching brands and prices of laptops.,,,,non_annotated,False,False,False
343,343:1,laptop,I finally decided on this laptop because it was the right price for what I need it.,,LAPTOP#PRICE,positive,annotated,True,True,False
343,343:1,laptop,I finally decided on this laptop because it was the right price for what I need it.,,LAPTOP#GENERAL,positive,annotated,True,True,False
343,343:2,laptop,"I did think it had a camera because that was one of my requirements, but forgot to check in the specifications on this one before I purchased.",,LAPTOP#DESIGN_FEATURES,negative,annotated,True,True,False
343,343:3,laptop,So I'm disappointed in that because communicating with my relatives out of the area is a priority.,,LAPTOP#DESIGN_FEATURES,negative,annotated,True,True,False
343,343:4,laptop,"The only thing I didn't learn in my research was the software I would need like privacy protection and warranty protection, in case it gets broken, or crashes etc.",,,,non_annotated,False,False,False
343,343:5,laptop,"I don't have that additional money right now, and therefore wouldn't have purchased it at this time.",,,,non_annotated,False,False,False
343,343:6,laptop,Those things are very important - vital even!,,,,non_annotated,False,False,False
343,343:7,laptop,So think about factoring those things in when you purchase.,,,,non_annotated,False,False,False
343,343:8,laptop,I just hope the reputation that Toshiba has is true and I won't have to worry about a crash.,,COMPANY#GENERAL,neutral,annotated,True,True,False
343,343:9,laptop,I will have to purchase Spy ware or Nortell for privacy protection.,,,,non_annotated,False,False,False
343,343:10,laptop,Thank you.,,,,non_annotated,False,False,False
32,32:0,laptop,I bought this eMachines Notebook PC in January of this year and I am highly dissatisfied with it.,,LAPTOP#GENERAL,negative,annotated,True,True,False
32,32:1,laptop,The Internet Explorer was very slow from the very beginning.,,SOFTWARE#OPERATION_PERFORMANCE,negative,annotated,True,True,False
32,32:2,laptop,"It freezes, and it always shows that there is an error, so I have to restart it a few times every time I use it.",,SOFTWARE#OPERATION_PERFORMANCE,negative,annotated,True,True,False
32,32:3,laptop,I tried to upgrade it to a newer version a couple of months ago and I still have the same problem.,,SOFTWARE#OPERATION_PERFORMANCE,negative,annotated,True,True,False
32,32:4,laptop,"Well, I started using Google Chrome, which is a little better, but it freezes too sometimes.",,SOFTWARE#OPERATION_PERFORMANCE,negative,annotated,True,True,False
32,32:5,laptop,"This Notebook restarts every time there is a new update, so if you don't save your files and information, everything will be lost.",,LAPTOP#OPERATION_PERFORMANCE,negative,annotated,True,True,False
32,32:6,laptop,Another issue I have with it is the battery.,,BATTERY#GENERAL,negative,annotated,True,True,False
32,32:7,laptop,Maybe three or four months ago it started blinking all of the sudden.,,BATTERY#OPERATION_PERFORMANCE,negative,annotated,True,True,False
32,32:8,laptop,"There is a small red circle next to it with a x in the middle, and when I click on it it says: "" Consider replacing your battery"" and it does not hold full charge.",,BATTERY#OPERATION_PERFORMANCE,negative,annotated,True,True,False
32,32:8,laptop,"There is a small red circle next to it with a x in the middle, and when I click on it it says: "" Consider replacing your battery"" and it does not hold full charge.",,BATTERY#QUALITY,negative,annotated,True,True,False
32,32:9,laptop,"It is not even a year old yet, so I would definitely not recommend it to anyone.",,LAPTOP#QUALITY,negative,annotated,True,True,False
32,32:9,laptop,"It is not even a year old yet, so I would definitely not recommend it to anyone.",,LAPTOP#GENERAL,negative,annotated,True,True,False
32,32:10,laptop,Don't waste your money!,,LAPTOP#GENERAL,negative,annotated,True,True,False
48,48:0,laptop,This laptop is the most amazing little peice of machinery I have owned outside of the Iphone.,,,,non_annotated,False,False,False
48,48:1,laptop,"It took me a while top get away from the land of PCs, but now that I have, I can't see myself going back to it.",,,,non_annotated,False,False,False
48,48:2,laptop,The laptop is gorgeous.,,LAPTOP#GENERAL,positive,annotated,True,True,False
48,48:3,laptop,"It is sleek, smooth, and lightweight.",,LAPTOP#DESIGN_FEATURES,positive,annotated,True,True,False
48,48:3,laptop,"It is sleek, smooth, and lightweight.",,LAPTOP#OPERATION_PERFORMANCE,positive,annotated,True,True,False
48,48:4,laptop,It is easily portable and I take it everywhere I go and might require internet access.,,LAPTOP#PORTABILITY,positive,annotated,True,True,False
48,48:5,laptop,The screen is very large and crystal clear with amazing colors and resolution.,,DISPLAY#DESIGN_FEATURES,positive,annotated,True,True,False
48,48:5,laptop,The screen is very large and crystal clear with amazing colors and resolution.,,DISPLAY#QUALITY,positive,annotated,True,True,False
48,48:6,laptop,The keyboard is slick and quiet and not bulky like some other laptops I have had in the past.,,,,non_annotated,False,False,False
48,48:7,laptop,The processor is very quick and effective as I load webpages and applications.,,CPU#OPERATION_PERFORMANCE,positive,annotated,True,True,False
48,48:8,laptop,It is quiet and a real joy to watch work.,,LAPTOP#QUALITY,positive,annotated,True,True,False
48,48:8,laptop,It is quiet and a real joy to watch work.,,LAPTOP#OPERATION_PERFORMANCE,positive,annotated,True,True,False
48,48:9,laptop,I love it and will probably get another one when this goes to the Laptop in the sky!!,,LAPTOP#GENERAL,positive,annotated,True,True,False
383,383:0,laptop,Overall this laptop is great.,,LAPTOP#GENERAL,positive,annotated,True,True,False
383,383:1,laptop,"It has plenty of memory, lots of hard drive, and great graphics.",,MEMORY#DESIGN_FEATURES,positive,annotated,True,True,False
383,383:1,laptop,"It has plenty of memory, lots of hard drive, and great graphics.",,HARD_DISC#DESIGN_FEATURES,positive,annotated,True,True,False
383,383:1,laptop,"It has plenty of memory, lots of hard drive, and great graphics.",,GRAPHICS#GENERAL,positive,annotated,True,True,False
383,383:2,laptop,It runs very quiet too which is a plus.,,LAPTOP#QUALITY,positive,annotated,True,True,False
383,383:3,laptop,The only bad thing about it is they give you the worst batteries possible.,,BATTERY#GENERAL,negative,annotated,True,True,False
383,383:4,laptop,They only stay charged a little over an hour.,,BATTERY#OPERATION_PERFORMANCE,negative,annotated,True,True,False
383,383:5,laptop,"Laptops are usually used on the go, so why not give you a better battery?",,BATTERY#GENERAL,negative,annotated,True,True,False
372,372:0,laptop,This a starter notebook.,,,,non_annotated,False,False,False
372,372:1,laptop,The processor a AMD Semprom at 2.1 ghz is a bummer it does not have the power for HD or heavy computing.,,CPU#OPERATION_PERFORMANCE,negative,annotated,True,True,False
372,372:1,laptop,The processor a AMD Semprom at 2.1 ghz is a bummer it does not have the power for HD or heavy computing.,,CPU#MISCELLANEOUS,negative,annotated,True,True,False
372,372:2,laptop,The notebook is lacking a HDMI port and a S-video port that would enable one to hook it to a TV.,,LAPTOP#DESIGN_FEATURES,negative,annotated,True,True,False
372,372:2,laptop,The notebook is lacking a HDMI port and a S-video port that would enable one to hook it to a TV.,,LAPTOP#CONNECTIVITY,negative,annotated,True,True,False
372,372:3,laptop,If you check you will find the same notebook with the above missing ports and a dual core AMD or Intel processor.,,,,non_annotated,False,False,False
372,372:4,laptop,I would not recommend this to anyone wanting a notebook expecting the performance of a Desktop it does not meet the expectations.,,,,non_annotated,False,False,False
372,372:5,laptop,It is a cheap throw together.,,LAPTOP#QUALITY,negative,annotated,True,True,False
372,372:6,laptop,Save your money and go for a better device.,,LAPTOP#GENERAL,negative,annotated,True,True,False
375,375:0,laptop,This laptop is a great price and has a sleek look.,,LAPTOP#PRICE,positive,annotated,True,True,False
375,375:0,laptop,This laptop is a great price and has a sleek look.,,LAPTOP#DESIGN_FEATURES,positive,annotated,True,True,False
375,375:1,laptop,Runs smooth and quick.,,LAPTOP#OPERATION_PERFORMANCE,positive,annotated,True,True,False
375,375:2,laptop,"I wish it had a webcam though, then it would be perfect!",,LAPTOP#DESIGN_FEATURES,negative,annotated,True,True,False
375,375:2,laptop,"I wish it had a webcam though, then it would be perfect!",,LAPTOP#GENERAL,positive,annotated,True,True,False
376,376:0,laptop,I Love my new computer!,,LAPTOP#GENERAL,positive,annotated,True,True,False
376,376:1,laptop,Its fast and another thing I like is that it has three USB ports.,,LAPTOP#OPERATION_PERFORMANCE,positive,annotated,True,True,False
376,376:1,laptop,Its fast and another thing I like is that it has three USB ports.,,LAPTOP#DESIGN_FEATURES,positive,annotated,True,True,False
376,376:2,laptop,I love to write and play with graphics and html programming and my new Toshiba works great on both!,,LAPTOP#MISCELLANEOUS,positive,annotated,True,True,False
376,376:3,laptop,Thank you for your great product!,,LAPTOP#GENERAL,positive,annotated,True,True,False
376,376:3,laptop,Thank you for your great product!,,COMPANY#GENERAL,positive,annotated,True,True,False
377,377:0,laptop,Everything about this computer is easy to use.,,LAPTOP#USABILITY,positive,annotated,True,True,False
377,377:1,laptop,wonderful features.,,LAPTOP#DESIGN_FEATURES,positive,annotated,True,True,False
377,377:2,laptop,The only thing is that the battery won't last more than 1/2 an hour.,,BATTERY#OPERATION_PERFORMANCE,negative,annotated,True,True,False
377,377:3,laptop,It discharges too quickly.,,BATTERY#OPERATION_PERFORMANCE,negative,annotated,True,True,False
377,377:4,laptop,"Kind of annoying, but I still love the laptop.",,LAPTOP#GENERAL,positive,annotated,True,True,False
387,387:0,laptop,It has good speed and plenty of hard drive space.,,LAPTOP#OPERATION_PERFORMANCE,positive,annotated,True,True,False
387,387:0,laptop,It has good speed and plenty of hard drive space.,,HARD_DISC#DESIGN_FEATURES,positive,annotated,True,True,False
387,387:1,laptop,The only downfall is the volume control.,,MULTIMEDIA_DEVICES#GENERAL,negative,annotated,True,True,False
387,387:2,laptop,The wheel that turns the volume up and down doesn't work in real time.,,MULTIMEDIA_DEVICES#OPERATION_PERFORMANCE,negative,annotated,True,True,False
387,387:3,laptop,I have to keep turning it until it decides to lower and there is no mute.,,MULTIMEDIA_DEVICES#OPERATION_PERFORMANCE,negative,annotated,True,True,False
387,387:3,laptop,I have to keep turning it until it decides to lower and there is no mute.,,MULTIMEDIA_DEVICES#USABILITY,negative,annotated,True,True,False
387,387:3,laptop,I have to keep turning it until it decides to lower and there is no mute.,,MULTIMEDIA_DEVICES#DESIGN_FEATURES,negative,annotated,True,True,False
290,290:0,laptop,I bought my macbook a few months ago and it has been my baby ever since.,,LAPTOP#GENERAL,positive,annotated,True,True,False
290,290:1,laptop,I love it so much.,,LAPTOP#GENERAL,positive,annotated,True,True,False
290,290:2,laptop,"It has come into good use for my finances, scheduling, my parents business expenses, and it is definitely amazing for gaming.",,LAPTOP#MISCELLANEOUS,positive,annotated,True,True,False
290,290:3,laptop,"The best thing is even while doing almost ten or twenty things at once, it never slows down.",,LAPTOP#OPERATION_PERFORMANCE,positive,annotated,True,True,False
290,290:4,laptop,It's just as fast with one program open as it is with sixteen open.,,LAPTOP#OPERATION_PERFORMANCE,positive,annotated,True,True,False
290,290:5,laptop,It works exactly like it did the day I took it out of the box.,,LAPTOP#OPERATION_PERFORMANCE,positive,annotated,True,True,False
290,290:5,laptop,It works exactly like it did the day I took it out of the box.,,LAPTOP#QUALITY,positive,annotated,True,True,False
290,290:6,laptop,GREAT INVESTMENT!,,LAPTOP#GENERAL,positive,annotated,True,True,False
361,361:0,laptop,I purchased this laptop while on a business trip to keep up with my email.,,,,non_annotated,False,False,False
361,361:1,laptop,I had left my regular laptop at home and needed something to use while out of town .,,,,non_annotated,False,False,False
361,361:2,laptop,The price and features more than met my needs.,,LAPTOP#PRICE,positive,annotated,True,True,False
361,361:2,laptop,The price and features more than met my needs.,,LAPTOP#DESIGN_FEATURES,positive,annotated,True,True,False
361,361:3,laptop,I love WIndows 7 which is a vast improvment over Vista.,,,,non_annotated,False,False,False
361,361:4,laptop,The feature are good enough for what I need.,,LAPTOP#DESIGN_FEATURES,positive,annotated,True,True,False
45,45:0,laptop,I love my macbook pro!,,LAPTOP#GENERAL,positive,annotated,True,True,False
45,45:1,laptop,I have been a mac user since the mid 90s.,,,,non_annotated,False,False,False
45,45:2,laptop,I grew up in a design family so it only made sense.,,,,non_annotated,False,False,False
45,45:3,laptop,My laptop is almost 2yrs old and I have never had any problems with it.,,LAPTOP#GENERAL,positive,annotated,True,True,False
45,45:4,laptop,If you are a PC user looking to convert I would HIGHLY recommend it!,,LAPTOP#MISCELLANEOUS,positive,annotated,True,True,False
45,45:5,laptop,It may take a little getting used to but you don't have to worry about viruses or other headaches.,,LAPTOP#USABILITY,negative,annotated,True,True,False
45,45:5,laptop,It may take a little getting used to but you don't have to worry about viruses or other headaches.,,LAPTOP#QUALITY,positive,annotated,True,True,False
45,45:6,laptop,Not to mention the fact that your mac comes fully loaded with all necessary basic programs.,,LAPTOP#DESIGN_FEATURES,positive,annotated,True,True,False
45,45:7,laptop,I am ADDICTED to photo booth!,,SOFTWARE#GENERAL,positive,annotated,True,True,False
45,45:8,laptop,It is SO much fun to play with.,,SOFTWARE#GENERAL,positive,annotated,True,True,False
45,45:9,laptop,I work with kids and they love making short videos on there.,,SOFTWARE#MISCELLANEOUS,positive,annotated,True,True,False
45,45:10,laptop,"I am able to organize my pics, music and files easily.",,SOFTWARE#USABILITY,positive,annotated,True,True,False
45,45:11,laptop,If you have any creativity in you do yourself a favor and get a mac!,,LAPTOP#GENERAL,positive,annotated,True,True,False
45,45:11,laptop,If you have any creativity in you do yourself a favor and get a mac!,,COMPANY#GENERAL,positive,annotated,True,True,False
291,291:0,laptop,"Since I keyboard over 100 wpm, I look for a unit that has a comfortble keyboard (no keys sticking or lagging, strange configuration of ""extra key"", etc.",,,,non_annotated,False,False,False
291,291:1,laptop,I love the keyboard.,,KEYBOARD#GENERAL,positive,annotated,True,True,False
291,291:2,laptop,Most laptops and notebooks are difficult to key on.,,,,non_annotated,False,False,False
291,291:3,laptop,This unit is not.,,,,non_annotated,False,False,False
173,173:0,laptop,The display is awesome.,,DISPLAY#GENERAL,positive,annotated,True,True,False
173,173:1,laptop,The resolution is even higher then any other laptop on the market.,,,,non_annotated,False,False,False
173,173:2,laptop,Only thing I would want to add to this is an internal bluray read/write drive.,,LAPTOP#DESIGN_FEATURES,neutral,annotated,True,True,False
173,173:3,laptop,But other than that I am blown away by all the features this laptop offers.,,LAPTOP#DESIGN_FEATURES,positive,annotated,True,True,False
36,36:0,laptop,I think this computer is super lame.,,LAPTOP#QUALITY,negative,annotated,True,True,False
36,36:1,laptop,I dont understand how anyone can think this is a great product worth purchasing.,,LAPTOP#GENERAL,negative,annotated,True,True,False
36,36:2,laptop,I went to my local Best Buy looking for a new laptop since mine broke.,,,,non_annotated,False,False,False
36,36:3,laptop,I decided to get this pile of crap on a whim and totally freaking regret it.,,LAPTOP#QUALITY,negative,annotated,True,True,False
36,36:4,laptop,It doesnt work worth a damn.,,LAPTOP#GENERAL,negative,annotated,True,True,False
36,36:5,laptop,The display is beyond horrible.,,DISPLAY#GENERAL,negative,annotated,True,True,False
36,36:6,laptop,I can not even read what I am writing half of the time.,,DISPLAY#USABILITY,negative,annotated,True,True,False
36,36:7,laptop,"There are so many things wrong with this product, it just makes me want to set my self on fire!",,LAPTOP#GENERAL,negative,annotated,True,True,False
36,36:8,laptop,I would totally recommend any other laptop over this pile of grabage.,,LAPTOP#GENERAL,negative,annotated,True,True,False
36,36:9,laptop,"I know there are way better laptops out there for the same price, and why spend money on shit when you can go out and get yourself a perfectly decent laptop that doesnt suck total monkey balls.",,,,non_annotated,False,False,False
36,36:10,laptop,Not to mention it has shit gigs.,,HARD_DISC#DESIGN_FEATURES,negative,annotated,True,True,False
36,36:11,laptop,I could not even put my entire music collection on this garabage.,,HARD_DISC#DESIGN_FEATURES,negative,annotated,True,True,False
36,36:12,laptop,Do yourself a favor and invest in a few external harddrives if you are planning on purchasing this laptop.,,HARD_DISC#DESIGN_FEATURES,negative,annotated,True,True,False
88,88:0,laptop,"I bought this last week, and the very next day had to return it because it over heated and the touch-mouse stopped responding.",,LAPTOP#QUALITY,negative,annotated,True,True,False
88,88:0,laptop,"I bought this last week, and the very next day had to return it because it over heated and the touch-mouse stopped responding.",,MOUSE#OPERATION_PERFORMANCE,negative,annotated,True,True,False
88,88:1,laptop,"got another 1, and same issue.",,LAPTOP#QUALITY,negative,annotated,True,True,False
88,88:2,laptop,I am taking back today.,,LAPTOP#GENERAL,negative,annotated,True,True,False
88,88:3,laptop,Don't waste your money or time.,,LAPTOP#GENERAL,negative,annotated,True,True,False
88,88:4,laptop,"Very dissappointed becase I have had toshibas for years, and never a issue.",,LAPTOP#GENERAL,negative,annotated,True,True,False
88,88:4,laptop,"Very dissappointed becase I have had toshibas for years, and never a issue.",,COMPANY#GENERAL,positive,annotated,True,True,False
155,155:0,laptop,STOPPED BOOTING UP less than a week after my one-year warranty was up.,,LAPTOP#OPERATION_PERFORMANCE,negative,annotated,True,True,False
155,155:0,laptop,STOPPED BOOTING UP less than a week after my one-year warranty was up.,,LAPTOP#QUALITY,negative,annotated,True,True,False
155,155:1,laptop,Toshiba knows there is a manufacturing defect but will not acknowledge it.,,SUPPORT#QUALITY,negative,annotated,True,True,False
155,155:2,laptop,"Summary: After doing some investigation on the web, I have found that Toshiba NB205s are not chronically not booting.",,,,non_annotated,False,False,False
155,155:3,laptop,"Apparently there is a manufacturing defect, something with the amount of thermal paste.",,LAPTOP#QUALITY,negative,annotated,True,True,False
155,155:4,laptop,TOSHIBA WILL NOT ACKNOWLEDGE THIS PROBLEM.,,SUPPORT#QUALITY,negative,annotated,True,True,False
155,155:5,laptop,"When I called Toshiba, they would not do anything and even tried to charge me $35 for the phone call, even though they didn't offer any technical support.",,SUPPORT#QUALITY,negative,annotated,True,True,False
155,155:5,laptop,"When I called Toshiba, they would not do anything and even tried to charge me $35 for the phone call, even though they didn't offer any technical support.",,SUPPORT#PRICE,negative,annotated,True,True,False
155,155:6,laptop,I loved the netbook (minus the fact that it was windows OS) until this started happening.,,OS#GENERAL,negative,annotated,True,True,False
155,155:6,laptop,I loved the netbook (minus the fact that it was windows OS) until this started happening.,,LAPTOP#GENERAL,negative,annotated,True,True,False
155,155:7,laptop,"But if you can't make your product last more than a year, you will not get my business again.",,COMPANY#GENERAL,negative,annotated,True,True,False
155,155:7,laptop,"But if you can't make your product last more than a year, you will not get my business again.",,LAPTOP#QUALITY,negative,annotated,True,True,False
71,71:0,laptop,I've had my MacBook Pro for three years now and still love it!,,LAPTOP#GENERAL,positive,annotated,True,True,False
71,71:1,laptop,"In those three years, I've had a couple of minor problems and both were resolved by Apple quickly and easily.",,SUPPORT#QUALITY,positive,annotated,True,True,False
71,71:2,laptop,"My power supply cord developed exposed wires within the first year of ownership, so it was covered by the Applecare warranty plan.",,POWER_SUPPLY#QUALITY,negative,annotated,True,True,False
71,71:2,laptop,"My power supply cord developed exposed wires within the first year of ownership, so it was covered by the Applecare warranty plan.",,WARRANTY#GENERAL,positive,annotated,True,True,False
71,71:3,laptop,"After a couple of years, my battery life began to diminish but was replaced for free due to a company-wide recall of my particular battery.",,BATTERY#OPERATION_PERFORMANCE,negative,annotated,True,True,False
71,71:3,laptop,"After a couple of years, my battery life began to diminish but was replaced for free due to a company-wide recall of my particular battery.",,SUPPORT#MISCELLANEOUS,positive,annotated,True,True,False
71,71:4,laptop,"In the three years I've had my MacBook Pro, I have never had a virus on my computer, and I do a lot of work on the internet.",,LAPTOP#QUALITY,positive,annotated,True,True,False
71,71:5,laptop,"While there are occasions that my computer will freeze or will need to be manually shut down, this occurs far less frequently than on PC computers and laptops that I've used.",,,,non_annotated,False,False,False
71,71:6,laptop,The iLife software that comes with the computer is so simple to use and produces a great finished product.,,SOFTWARE#USABILITY,positive,annotated,True,True,False
71,71:6,laptop,The iLife software that comes with the computer is so simple to use and produces a great finished product.,,LAPTOP#DESIGN_FEATURES,positive,annotated,True,True,False
71,71:7,laptop,I highly recommend this product!,,LAPTOP#GENERAL,positive,annotated,True,True,False
71,71:8,laptop,"It absolutely is more expensive than most PC laptops, but the ease of use, security, and minimal problems that have arisen make it well worth the pricetag.",,,,non_annotated,False,False,False
50,50:0,laptop,Needs constant repair.,,LAPTOP#QUALITY,negative,annotated,True,True,False
50,50:1,laptop,First the screen goes completely out.,,DISPLAY#OPERATION_PERFORMANCE,negative,annotated,True,True,False
50,50:2,laptop,"Then HP sends it back to me with the hardware screwed up, not able to connect.",,SUPPORT#QUALITY,negative,annotated,True,True,False
50,50:3,laptop,"Now the screen is going darker, darker, darker.",,DISPLAY#OPERATION_PERFORMANCE,negative,annotated,True,True,False
50,50:4,laptop,HP is more interested in selling extended warranties (which cost more than the netbook new) then they are in helping or fixing.,,SUPPORT#QUALITY,negative,annotated,True,True,False
50,50:4,laptop,HP is more interested in selling extended warranties (which cost more than the netbook new) then they are in helping or fixing.,,WARRANTY#PRICE,negative,annotated,True,True,False
50,50:5,laptop,"Oh yeah, don't forget the expensive shipping to and from HP.",,SHIPPING#PRICE,negative,annotated,True,True,False
50,50:6,laptop,I'v spent as much for shipping as I would to buy a new netbook -- of course a different brand.,,SHIPPING#PRICE,negative,annotated,True,True,False
50,50:6,laptop,I'v spent as much for shipping as I would to buy a new netbook -- of course a different brand.,,COMPANY#GENERAL,negative,annotated,True,True,False
352,352:0,laptop,So far so good with this laptop.,,LAPTOP#GENERAL,positive,annotated,True,True,False
352,352:1,laptop,"Fan vents to the side, so no cooling pad needed, great feature!",,FANS_COOLING#DESIGN_FEATURES,positive,annotated,True,True,False
352,352:2,laptop,Screen is crystal clear and the system is very responsive.,,DISPLAY#QUALITY,positive,annotated,True,True,False
352,352:2,laptop,Screen is crystal clear and the system is very responsive.,,LAPTOP#OPERATION_PERFORMANCE,positive,annotated,True,True,False
352,352:3,laptop,Memory is upgradable.,,LAPTOP#USABILITY,positive,annotated,True,True,False
352,352:4,laptop,The only thing I would change about it is the mouse keys.,,MOUSE#GENERAL,negative,annotated,True,True,False
352,352:5,laptop,They click.,,MOUSE#QUALITY,negative,annotated,True,True,False
352,352:6,laptop,"sounds like a typewriter, but if you can get past that, this is a great laptop for a little money!",,MOUSE#QUALITY,negative,annotated,True,True,False
352,352:6,laptop,"sounds like a typewriter, but if you can get past that, this is a great laptop for a little money!",,LAPTOP#GENERAL,positive,annotated,True,True,False
352,352:6,laptop,"sounds like a typewriter, but if you can get past that, this is a great laptop for a little money!",,LAPTOP#PRICE,positive,annotated,True,True,False
34,34:0,laptop,I have owned many computers and laptops.,,,,non_annotated,False,False,False
34,34:1,laptop,I HATE this one.,,LAPTOP#GENERAL,negative,annotated,True,True,False
34,34:2,laptop,Vista is a nightmare.,,OS#GENERAL,negative,annotated,True,True,False
34,34:3,laptop,No tutorials on the display.,,LAPTOP#MISCELLANEOUS,negative,annotated,True,True,False
34,34:4,laptop,The book is useless.,,LAPTOP#MISCELLANEOUS,negative,annotated,True,True,False
34,34:5,laptop,The machine has a bluray player the book has no mention of it or how to connect it to your HDTV.,,LAPTOP#MISCELLANEOUS,negative,annotated,True,True,False
34,34:5,laptop,The machine has a bluray player the book has no mention of it or how to connect it to your HDTV.,,LAPTOP#USABILITY,negative,annotated,True,True,False
34,34:6,laptop,this is one of the reasons I purchased it.,,,,non_annotated,False,False,False
34,34:7,laptop,Thinking about returning it,,LAPTOP#GENERAL,negative,annotated,True,True,False
29,29:0,laptop,The Macbook is a fantastic laptop.,,LAPTOP#GENERAL,positive,annotated,True,True,False
29,29:1,laptop,This is the first macbook I have ever had.,,,,non_annotated,False,False,False
29,29:2,laptop,I came from the Dell Laptops and now I am so glad I switched when I needed a new laptop.,,,,non_annotated,False,False,False
29,29:3,laptop,The macbooks are small enough to be very portable yet hold tons of information and performance.,,,,non_annotated,False,False,False
29,29:4,laptop,"Although the price is higher then Dell laptops, the Macbooks are worth the dough.",,,,non_annotated,False,False,False
29,29:5,laptop,You will love this macbook if you choose to buy it.,,LAPTOP#GENERAL,positive,annotated,True,True,False
29,29:6,laptop,The macbook rarely requires a hard reboot.,,LAPTOP#OPERATION_PERFORMANCE,positive,annotated,True,True,False
29,29:7,laptop,It just works flawlessly!,,LAPTOP#OPERATION_PERFORMANCE,positive,annotated,True,True,False
29,29:8,laptop,Its hard to encounter a problem on a mac that would require such abrupt action.,,LAPTOP#GENERAL,positive,annotated,True,True,False
29,29:9,laptop,"Dells are ok, HPs aren't that good, but Macs or Fantastic.",,,,non_annotated,False,False,False
29,29:10,laptop,"I honestly love my mac, thats why I am a self proclaimed mac addict.",,LAPTOP#GENERAL,positive,annotated,True,True,False
29,29:10,laptop,"I honestly love my mac, thats why I am a self proclaimed mac addict.",,COMPANY#GENERAL,positive,annotated,True,True,False
29,29:11,laptop,If you want more information on macs I suggest going to apple.com and heading towards the macbook page for more information on the applications.,,,,non_annotated,False,False,False
308,308:0,laptop,This was purchased for my daughter and I was pleasantly surprised.,,LAPTOP#GENERAL,positive,annotated,True,True,False
308,308:1,laptop,I wasn't a big fan of the Netbooks but this one was very well designed.,,,,non_annotated,False,False,False
308,308:2,laptop,It had the full sized touch pad with 2 buttons instead of just one.,,MOUSE#DESIGN_FEATURES,positive,annotated,True,True,False
308,308:3,laptop,It made the computer much easier to use and navigate.,,LAPTOP#USABILITY,positive,annotated,True,True,False
308,308:4,laptop,Keyboard was also very nice and had a solid feel.,,KEYBOARD#GENERAL,positive,annotated,True,True,False
308,308:4,laptop,Keyboard was also very nice and had a solid feel.,,KEYBOARD#QUALITY,positive,annotated,True,True,False
308,308:5,laptop,This system came loaded with Windows 7 Starter.,,OS#GENERAL,neutral,annotated,True,True,False
308,308:6,laptop,"While lacking some of the functions of the other versions, this was very acceptable for the uses planned for this computer.",,,,non_annotated,False,False,False
308,308:7,laptop,"So far, so good.",,LAPTOP#GENERAL,positive,annotated,True,True,False
217,217:0,laptop,"When I got this laptop in 2007 to help me with school, I had a hard time from beginning.",,LAPTOP#QUALITY,negative,annotated,True,True,False
217,217:1,laptop,"I feel that it was poorly put together, because once in a while different plastic pieces would come off of it.",,LAPTOP#QUALITY,negative,annotated,True,True,False
30,30:0,laptop,Quite simply this is the best laptop I have ever owned.,,LAPTOP#GENERAL,positive,annotated,True,True,False
30,30:1,laptop,"I have had several machines over the years, both for personal and business use.",,,,non_annotated,False,False,False
30,30:2,laptop,All of them were Windows machines.,,,,non_annotated,False,False,False
30,30:3,laptop,"Don't get me wrong, I am no Microsoft hater, I've just managed to turn into a much bigger Apple fan because of this machine.",,,,non_annotated,False,False,False
30,30:4,laptop,"For me, five stars is not enough.",,LAPTOP#GENERAL,positive,annotated,True,True,False
58,58:0,laptop,"I love the 15"" MacBook Pro.",,LAPTOP#GENERAL,positive,annotated,True,True,False
58,58:1,laptop,"My parents bought it for me as a graduation gift, and i'm totally (almost kind of maybe definitely) obsessed with it.",,LAPTOP#GENERAL,positive,annotated,True,True,False
58,58:2,laptop,It was very easy to just pick up and use--,,LAPTOP#USABILITY,positive,annotated,True,True,False
58,58:3,laptop,It did not take long to get used to the Mac OS.,,OS#USABILITY,positive,annotated,True,True,False
58,58:4,laptop,(I had been a Windows/Linux user before this),,,,non_annotated,False,False,False
58,58:5,laptop,"I love the size because the screen is big enough for what I use it for (Internet, artwork), and yet it is small enough to be reasonably portable.",,LAPTOP#DESIGN_FEATURES,positive,annotated,True,True,False
58,58:5,laptop,"I love the size because the screen is big enough for what I use it for (Internet, artwork), and yet it is small enough to be reasonably portable.",,DISPLAY#DESIGN_FEATURES,positive,annotated,True,True,False
58,58:5,laptop,"I love the size because the screen is big enough for what I use it for (Internet, artwork), and yet it is small enough to be reasonably portable.",,LAPTOP#PORTABILITY,positive,annotated,True,True,False
58,58:6,laptop,"There are several programs for school or office use (Pages, Numbers, Keynote, etc.), music (Garageband), photo management (Photo Booth, iPhoto), video-editing or movie-making (iMovie), etc.",,SOFTWARE#DESIGN_FEATURES,neutral,annotated,True,True,False
58,58:7,laptop,The built-in webcam is great for Skype and similar video-chat services.,,MULTIMEDIA_DEVICES#MISCELLANEOUS,positive,annotated,True,True,False
58,58:8,laptop,"iTunes is a handy music-management program, and it is essential for anyone with an iPod.",,SOFTWARE#USABILITY,positive,annotated,True,True,False
58,58:8,laptop,"iTunes is a handy music-management program, and it is essential for anyone with an iPod.",,SOFTWARE#MISCELLANEOUS,positive,annotated,True,True,False
58,58:9,laptop,The neat and organized icon list is a welcome change from cluttered and confusing desktop icons.,,,,non_annotated,False,False,False
58,58:10,laptop,"All-in-all, I would definitely recommend this product for nearly everyone.",,LAPTOP#GENERAL,positive,annotated,True,True,False
82,82:0,laptop,I've always owned a PC and decided to try a MacBook to see what it's all about.,,,,non_annotated,False,False,False
82,82:1,laptop,I love it!,,LAPTOP#GENERAL,positive,annotated,True,True,False
82,82:2,laptop,I'm so glad I purchased a Mac and not another PC!!!,,,,non_annotated,False,False,False
82,82:3,laptop,They definitely have a superior product!,,LAPTOP#GENERAL,positive,annotated,True,True,False
82,82:3,laptop,They definitely have a superior product!,,COMPANY#GENERAL,positive,annotated,True,True,False
101,101:0,laptop,"Its not just slow on the internet, its slow in general.",,LAPTOP#OPERATION_PERFORMANCE,negative,annotated,True,True,False
101,101:0,laptop,"Its not just slow on the internet, its slow in general.",,LAPTOP#CONNECTIVITY,negative,annotated,True,True,False
101,101:1,laptop,No I am generous calling it slow.,,LAPTOP#OPERATION_PERFORMANCE,negative,annotated,True,True,False
101,101:2,laptop,its more like a snail crawl.,,LAPTOP#OPERATION_PERFORMANCE,negative,annotated,True,True,False
101,101:3,laptop,I bought for my son in the 2nd grade.,,,,non_annotated,False,False,False
101,101:4,laptop,he can't stand it.,,LAPTOP#GENERAL,negative,annotated,True,True,False
101,101:5,laptop,I can't begin to say how disappointed I am.,,LAPTOP#GENERAL,negative,annotated,True,True,False
101,101:6,laptop,I should have spent an extra hundred bucks and got a full sized computer.,,LAPTOP#GENERAL,negative,annotated,True,True,False
315,315:0,laptop,"the key bindings take a little getting used to, but have loved the Macbook Pro.",,KEYBOARD#USABILITY,neutral,annotated,True,True,False
315,315:0,laptop,"the key bindings take a little getting used to, but have loved the Macbook Pro.",,LAPTOP#GENERAL,positive,annotated,True,True,False
315,315:1,laptop,Delivery was early too.,,SHIPPING#QUALITY,positive,annotated,True,True,False
172,172:0,laptop,It allows me to do everything I need from a computer and more.,,LAPTOP#GENERAL,positive,annotated,True,True,False
172,172:1,laptop,"With awesome graphics and assuring security, it's perfect!",,GRAPHICS#GENERAL,positive,annotated,True,True,False
172,172:1,laptop,"With awesome graphics and assuring security, it's perfect!",,LAPTOP#QUALITY,positive,annotated,True,True,False
172,172:1,laptop,"With awesome graphics and assuring security, it's perfect!",,LAPTOP#GENERAL,positive,annotated,True,True,False
172,172:2,laptop,"The difference in the Apple keyboard from a PC's keyboard took a bit of tim to get used to, but overall it's worth it!",,,,non_annotated,False,False,False
172,172:3,laptop,I'd recommend this laptop to anyone!,,LAPTOP#GENERAL,positive,annotated,True,True,False
152,152:0,laptop,The Toshiba Satellite laptop is  DESIGNED  to fail !,,LAPTOP#GENERAL,negative,annotated,True,True,False
152,152:1,laptop,The board has a bad connector with the power supply and shortly after warrenty expires the power supply will start having issues.,,MOTHERBOARD#QUALITY,negative,annotated,True,True,False
152,152:1,laptop,The board has a bad connector with the power supply and shortly after warrenty expires the power supply will start having issues.,,POWER_SUPPLY#QUALITY,negative,annotated,True,True,False
152,152:2,laptop,Toshiba is aware of the issue but unless the extended warrenty is bought Toshiba will do nothing about it.,,SUPPORT#QUALITY,negative,annotated,True,True,False
152,152:3,laptop,I actually contact Toshiba before I started having problem and was given run around after I supplied serial number in order to delay me sending in laptop until after warrenty expired.,,SUPPORT#QUALITY,negative,annotated,True,True,False
152,152:4,laptop,Then after paying for it to be examined I was told it was same problem cited on website but I'd have to pay anyways since it was past warrenty.,,SUPPORT#QUALITY,negative,annotated,True,True,False
202,202:0,laptop,"It has far exceeded my expectations for power, storage, and abilitiy.",,LAPTOP#OPERATION_PERFORMANCE,positive,annotated,True,True,False
202,202:0,laptop,"It has far exceeded my expectations for power, storage, and abilitiy.",,HARD_DISC#DESIGN_FEATURES,positive,annotated,True,True,False
202,202:0,laptop,"It has far exceeded my expectations for power, storage, and abilitiy.",,LAPTOP#USABILITY,positive,annotated,True,True,False
202,202:1,laptop,It is easy to navigate and update programs.,,LAPTOP#USABILITY,positive,annotated,True,True,False
202,202:2,laptop,"My kids have to take their PCs in once a year to have them ""de-bugged"".",,,,non_annotated,False,False,False
202,202:3,laptop,I've never had problems with viruses.,,LAPTOP#QUALITY,positive,annotated,True,True,False
202,202:4,laptop,My next laptop will also be a Mac!,,COMPANY#GENERAL,positive,annotated,True,True,False
69,69:0,laptop,I would like to tell you about the best laptop I just got from Mac.,,LAPTOP#GENERAL,positive,annotated,True,True,False
69,69:1,laptop,"I work in film editing and post production, so I need a laptop that not only has power, but memory and speed as well.",,,,non_annotated,False,False,False
69,69:2,laptop,My mac laptop is fabulous in both areas.,,LAPTOP#OPERATION_PERFORMANCE,positive,annotated,True,True,False
69,69:2,laptop,My mac laptop is fabulous in both areas.,,MEMORY#DESIGN_FEATURES,positive,annotated,True,True,False
69,69:3,laptop,It gives me the power and speed that I need to run all the programs I use to edit.,,LAPTOP#OPERATION_PERFORMANCE,positive,annotated,True,True,False
69,69:4,laptop,"The Final Cut Pro on this laptop is so fast and easy, and I can use this to seemlessly transfer all my work to my home computer, which is also a mac.",,SOFTWARE#OPERATION_PERFORMANCE,positive,annotated,True,True,False
69,69:4,laptop,"The Final Cut Pro on this laptop is so fast and easy, and I can use this to seemlessly transfer all my work to my home computer, which is also a mac.",,SOFTWARE#USABILITY,positive,annotated,True,True,False
69,69:4,laptop,"The Final Cut Pro on this laptop is so fast and easy, and I can use this to seemlessly transfer all my work to my home computer, which is also a mac.",,LAPTOP#USABILITY,positive,annotated,True,True,False
69,69:5,laptop,I would buy one of these for every person in my office if I could.,,LAPTOP#GENERAL,positive,annotated,True,True,False
69,69:6,laptop,"In my line of work, I often have to take work home, and this makes it so easy.",,LAPTOP#USABILITY,positive,annotated,True,True,False
69,69:7,laptop,"I do transcription work on the side, and the flatline keyboard makes typing quick and easy as well.",,KEYBOARD#DESIGN_FEATURES,positive,annotated,True,True,False
69,69:7,laptop,"I do transcription work on the side, and the flatline keyboard makes typing quick and easy as well.",,KEYBOARD#USABILITY,positive,annotated,True,True,False
69,69:8,laptop,"The apple care has never failed me, and I expect it to be the same for this computer as well.",,SUPPORT#GENERAL,positive,annotated,True,True,False
69,69:9,laptop,I will only buy apple laptops from now on.,,COMPANY#GENERAL,positive,annotated,True,True,False
56,56:0,laptop,"Great laptop for school, easy to use for beginners in the household.",,LAPTOP#MISCELLANEOUS,positive,annotated,True,True,False
56,56:0,laptop,"Great laptop for school, easy to use for beginners in the household.",,LAPTOP#USABILITY,positive,annotated,True,True,False
56,56:1,laptop,Keyboard is great but primary and secondary control buttons could be more durable.,,KEYBOARD#GENERAL,positive,annotated,True,True,False
56,56:1,laptop,Keyboard is great but primary and secondary control buttons could be more durable.,,KEYBOARD#QUALITY,negative,annotated,True,True,False
56,56:2,laptop,Battery life could be better but overall for the price and Toshiba's reputation for laptops it's great!,,BATTERY#OPERATION_PERFORMANCE,negative,annotated,True,True,False
56,56:2,laptop,Battery life could be better but overall for the price and Toshiba's reputation for laptops it's great!,,LAPTOP#GENERAL,positive,annotated,True,True,False
56,56:2,laptop,Battery life could be better but overall for the price and Toshiba's reputation for laptops it's great!,,LAPTOP#PRICE,neutral,annotated,True,True,False
56,56:2,laptop,Battery life could be better but overall for the price and Toshiba's reputation for laptops it's great!,,COMPANY#GENERAL,neutral,annotated,True,True,False
43,43:0,laptop,My MacBook Pro has been a huge disappointment.,,LAPTOP#GENERAL,negative,annotated,True,True,False
43,43:1,laptop,"From the build quality to the performance, everything about it has been sub-par from what I would have expected from Apple.",,LAPTOP#QUALITY,negative,annotated,True,True,False
43,43:1,laptop,"From the build quality to the performance, everything about it has been sub-par from what I would have expected from Apple.",,LAPTOP#OPERATION_PERFORMANCE,negative,annotated,True,True,False
43,43:2,laptop,"The system constantly overheats, the battery life is too short, the case is coming apart, and my core applications that I use every day in my work as a graphic artist run poorly.",,BATTERY#OPERATION_PERFORMANCE,negative,annotated,True,True,False
43,43:2,laptop,"The system constantly overheats, the battery life is too short, the case is coming apart, and my core applications that I use every day in my work as a graphic artist run poorly.",,LAPTOP#QUALITY,negative,annotated,True,True,False
43,43:2,laptop,"The system constantly overheats, the battery life is too short, the case is coming apart, and my core applications that I use every day in my work as a graphic artist run poorly.",,SOFTWARE#OPERATION_PERFORMANCE,negative,annotated,True,True,False
43,43:3,laptop,I would not recommend this product to anyone.,,LAPTOP#GENERAL,negative,annotated,True,True,False
283,283:0,laptop,"Screen is awesome, battery life is good.",,DISPLAY#GENERAL,positive,annotated,True,True,False
283,283:0,laptop,"Screen is awesome, battery life is good.",,BATTERY#OPERATION_PERFORMANCE,positive,annotated,True,True,False
283,283:1,laptop,Really like the textured surface which shows no fingerprints.,,LAPTOP#QUALITY,positive,annotated,True,True,False
283,283:2,laptop,Good laptop for the money.,,LAPTOP#GENERAL,positive,annotated,True,True,False
283,283:2,laptop,Good laptop for the money.,,LAPTOP#PRICE,neutral,annotated,True,True,False
283,283:3,laptop,"Speakers don't get that loud, but good enough.",,MULTIMEDIA_DEVICES#QUALITY,neutral,annotated,True,True,False
166,166:0,laptop,I can't imagine EVER buying a PC again!,,,,non_annotated,False,False,False
166,166:1,laptop,I have had a Mac for 6 years and won't go back to PC.,,,,non_annotated,False,False,False
166,166:2,laptop,They don't crash.,,LAPTOP#OPERATION_PERFORMANCE,positive,annotated,True,True,False
166,166:3,laptop,"If a website ever freezes (which is rare), its really easy to force quit.",,LAPTOP#OPERATION_PERFORMANCE,positive,annotated,True,True,False
166,166:4,laptop,Never been hacked.,,LAPTOP#QUALITY,positive,annotated,True,True,False
166,166:5,laptop,No viruses.,,LAPTOP#QUALITY,positive,annotated,True,True,False
166,166:6,laptop,"I have had to call with a few questions or issues and they have helped me for free, even without the warranty.",,SUPPORT#QUALITY,positive,annotated,True,True,False
166,166:7,laptop,A mac is very easy to use and it simply makes sense.,,LAPTOP#USABILITY,positive,annotated,True,True,False
166,166:8,laptop,Its also FUN to use!,,LAPTOP#GENERAL,positive,annotated,True,True,False
166,166:9,laptop,"The programs are great, like iphoto (love the editing capabilities), imail (which can incorporate with the address book on the ipod and ipad), imovie, etc.",,SOFTWARE#GENERAL,positive,annotated,True,True,False
166,166:9,laptop,"The programs are great, like iphoto (love the editing capabilities), imail (which can incorporate with the address book on the ipod and ipad), imovie, etc.",,SOFTWARE#DESIGN_FEATURES,positive,annotated,True,True,False
166,166:10,laptop,My sister has the same Mac as me and she is in a band and uses GarageBand to record and edit.,,,,non_annotated,False,False,False
166,166:11,laptop,She said its very user friendly.,,SOFTWARE#USABILITY,positive,annotated,True,True,False
166,166:12,laptop,"I have had another Mac, but it got slow due to an older operating system.",,,,non_annotated,False,False,False
166,166:13,laptop,"However, I love this particular Mac because its very fast, great size, and has fantastic features like the lighted keyboard and easy mouse pad.",,LAPTOP#GENERAL,positive,annotated,True,True,False
166,166:13,laptop,"However, I love this particular Mac because its very fast, great size, and has fantastic features like the lighted keyboard and easy mouse pad.",,LAPTOP#OPERATION_PERFORMANCE,positive,annotated,True,True,False
166,166:13,laptop,"However, I love this particular Mac because its very fast, great size, and has fantastic features like the lighted keyboard and easy mouse pad.",,LAPTOP#DESIGN_FEATURES,positive,annotated,True,True,False
166,166:13,laptop,"However, I love this particular Mac because its very fast, great size, and has fantastic features like the lighted keyboard and easy mouse pad.",,KEYBOARD#DESIGN_FEATURES,positive,annotated,True,True,False
166,166:13,laptop,"However, I love this particular Mac because its very fast, great size, and has fantastic features like the lighted keyboard and easy mouse pad.",,MOUSE#USABILITY,positive,annotated,True,True,False
166,166:14,laptop,"I am very happy I bought this Mac, well worth the extra money.",,LAPTOP#PRICE,neutral,annotated,True,True,False
166,166:14,laptop,"I am very happy I bought this Mac, well worth the extra money.",,LAPTOP#GENERAL,positive,annotated,True,True,False
38,38:0,laptop,I simply got tired of a bad computer like windows with its constant freezing and anti-virus.,,,,non_annotated,False,False,False
38,38:1,laptop,I got my MacBook Pro because I wanted to do all the stuff I need to do without worrying about the system quitting on me or freezing for a few minutes.,,,,non_annotated,False,False,False
38,38:2,laptop,Now that I have it I see that I really needed this for much more.,,LAPTOP#GENERAL,positive,annotated,True,True,False
38,38:3,laptop,"I run Dreamweaver, Final Cut Pro 7, Photoshop, Safari, Firefox, MSN Messenger and a few other applications constantly at the same time.",,LAPTOP#OPERATION_PERFORMANCE,positive,annotated,True,True,False
38,38:4,laptop,I have not had a problem with the applications quitting or freezing.,,SOFTWARE#OPERATION_PERFORMANCE,positive,annotated,True,True,False
38,38:5,laptop,I highly recommend this laptop to anybody that wants great performance from a laptop and would like to relax and not become enraged cursing the gods about to throw your laptop out the door.,,LAPTOP#OPERATION_PERFORMANCE,positive,annotated,True,True,False
38,38:5,laptop,I highly recommend this laptop to anybody that wants great performance from a laptop and would like to relax and not become enraged cursing the gods about to throw your laptop out the door.,,LAPTOP#GENERAL,positive,annotated,True,True,False
38,38:6,laptop,"Take the simple, easy solution to your computer problems and stop waiting and smacking your old computer around.",,,,non_annotated,False,False,False
39,39:0,laptop,I've had my Macbook Pro since August 2009.,,,,non_annotated,False,False,False
39,39:1,laptop,"Prior to this computer, I owned a PowerBook G4 for 6 years (quite a long time for a laptop).",,,,non_annotated,False,False,False
39,39:2,laptop,That was my first Apple product and since then I have been incredibly happy with every product of theirs I have bought.,,COMPANY#GENERAL,positive,annotated,True,True,False
39,39:3,laptop,My MacBook Pro is no exception.,,LAPTOP#GENERAL,positive,annotated,True,True,False
39,39:4,laptop,On my PowerBook G4 I would never use the trackpad I would use an external mouse because I didn't like the trackpad.,,,,non_annotated,False,False,False
39,39:5,laptop,Since I've had this computer I've only used the trackpad because it is so nice and smooth.,,MOUSE#USABILITY,positive,annotated,True,True,False
39,39:5,laptop,Since I've had this computer I've only used the trackpad because it is so nice and smooth.,,MOUSE#OPERATION_PERFORMANCE,positive,annotated,True,True,False
39,39:6,laptop,I also like that you can scroll down in a window using two fingers on the trackpad.,,MOUSE#OPERATION_PERFORMANCE,positive,annotated,True,True,False
39,39:6,laptop,I also like that you can scroll down in a window using two fingers on the trackpad.,,MOUSE#USABILITY,positive,annotated,True,True,False
39,39:7,laptop,"The display is incredibly bright, much brighter than my PowerBook and very crisp.",,,,non_annotated,False,False,False
39,39:8,laptop,"The computer runs very fast with no problems and the iLife software that comes with it (iPhoto, iMovie, iWeb, iTunes, GarageBand) is all very helpful as well.",,SOFTWARE#GENERAL,positive,annotated,True,True,False
39,39:8,laptop,"The computer runs very fast with no problems and the iLife software that comes with it (iPhoto, iMovie, iWeb, iTunes, GarageBand) is all very helpful as well.",,LAPTOP#OPERATION_PERFORMANCE,positive,annotated,True,True,False
39,39:9,laptop,"I also purchased iWork to go with it which has programs for word processing, spreadsheets, and presentations (similar to Microsoft Office).",,,,non_annotated,False,False,False
39,39:10,laptop,I like those programs better than Office and you can save your files to be completely compatible with the Office programs as well.,,,,non_annotated,False,False,False
39,39:11,laptop,I would recommend this laptop to anyone looking to get a new laptop who is willing to spend a little more money to get great quality!,,LAPTOP#GENERAL,positive,annotated,True,True,False
39,39:11,laptop,I would recommend this laptop to anyone looking to get a new laptop who is willing to spend a little more money to get great quality!,,LAPTOP#PRICE,neutral,annotated,True,True,False
39,39:11,laptop,I would recommend this laptop to anyone looking to get a new laptop who is willing to spend a little more money to get great quality!,,LAPTOP#QUALITY,positive,annotated,True,True,False
189,189:0,laptop,Shiny,,LAPTOP#GENERAL,positive,annotated,True,True,False
189,189:1,laptop,This Laptop is the Best of the best!,,LAPTOP#GENERAL,positive,annotated,True,True,False
189,189:2,laptop,The Awesomest of the awesomest.,,LAPTOP#GENERAL,positive,annotated,True,True,False
189,189:3,laptop,"It is so great, I can Hardly ever take my hands off it!",,LAPTOP#GENERAL,positive,annotated,True,True,False
189,189:4,laptop,My friends are in awe every time they come over!,,LAPTOP#GENERAL,positive,annotated,True,True,False
189,189:5,laptop,"I got it for Christmas, and I was so excited to set it up!",,LAPTOP#GENERAL,positive,annotated,True,True,False
189,189:6,laptop,"It is super fast, and always loads.",,LAPTOP#OPERATION_PERFORMANCE,positive,annotated,True,True,False
189,189:7,laptop,I am just amazed.,,LAPTOP#GENERAL,positive,annotated,True,True,False
189,189:8,laptop,The only bad part is the size/weight.,,LAPTOP#DESIGN_FEATURES,negative,annotated,True,True,False
189,189:9,laptop,"It's like 9 punds, but if you can look past it, it's GREAT!",,LAPTOP#GENERAL,positive,annotated,True,True,False
189,189:9,laptop,"It's like 9 punds, but if you can look past it, it's GREAT!",,LAPTOP#DESIGN_FEATURES,negative,annotated,True,True,False
189,189:10,laptop,"If you don't like fingerprints, this might not be the laptop for you.",,LAPTOP#QUALITY,negative,annotated,True,True,False
189,189:11,laptop,"It super shiny, so you can see the fingerprints easily.",,LAPTOP#QUALITY,negative,annotated,True,True,False
189,189:12,laptop,It doesn't bother me though.,,,,non_annotated,False,False,False
189,189:13,laptop,It doesn't heat up like my old laptop.,,,,non_annotated,False,False,False
189,189:14,laptop,All for such a great price.,,LAPTOP#PRICE,positive,annotated,True,True,False
189,189:15,laptop,It's color is even cool.,,LAPTOP#DESIGN_FEATURES,positive,annotated,True,True,False
189,189:16,laptop,Another Great thing is the Beast graphics.,,GRAPHICS#GENERAL,positive,annotated,True,True,False
189,189:17,laptop,They are so realistic I am just speechless.,,GRAPHICS#QUALITY,positive,annotated,True,True,False
189,189:18,laptop,"I let my friend borrow it, and she knows nothing about computers, and she used it with ease.",,LAPTOP#USABILITY,positive,annotated,True,True,False
189,189:19,laptop,The cool thing about this is anyone can use it.,,LAPTOP#USABILITY,positive,annotated,True,True,False
189,189:20,laptop,"Mom, Dad, Brother, sister, You name it!",,,,non_annotated,False,False,False
189,189:21,laptop,I don't know how I could ever live without my Qousmio.,,LAPTOP#GENERAL,positive,annotated,True,True,False
114,114:0,laptop,"I own a Hewlett Packard laptop and I've had man problems with it since I bought in in Feb, 201",,LAPTOP#QUALITY,negative,annotated,True,True,False
114,114:1,laptop,Ive had to call tech support many times.,,LAPTOP#QUALITY,negative,annotated,True,True,False
114,114:2,laptop,Each time taking about 1 day or so.,,SUPPORT#QUALITY,negative,annotated,True,True,False
114,114:3,laptop,I just recently had to ship my laptop back to HP for repair.,,,,non_annotated,False,False,False
114,114:4,laptop,I had to wait 3 weeks to get it back and it still is not working properly.,,SUPPORT#QUALITY,negative,annotated,True,True,False
114,114:5,laptop,I had to pay for the shipping!,,SUPPORT#QUALITY,negative,annotated,True,True,False
114,114:6,laptop,I will never buy anything from HP again!,,COMPANY#GENERAL,negative,annotated,True,True,False
368,368:0,laptop,One of the smartest thing I did was take my time to compare laptops before making my purchase.,,,,non_annotated,False,False,False
368,368:1,laptop,The Toshiba Satellite has been more than I expected for the price.,,LAPTOP#GENERAL,positive,annotated,True,True,False
368,368:1,laptop,The Toshiba Satellite has been more than I expected for the price.,,LAPTOP#PRICE,neutral,annotated,True,True,False
368,368:2,laptop,I will stack it up against laptops that cost twice as much any day.,,,,non_annotated,False,False,False
269,269:0,laptop,THis computer may be small but it is one heck of a power horse.,,LAPTOP#OPERATION_PERFORMANCE,positive,annotated,True,True,False
269,269:0,laptop,THis computer may be small but it is one heck of a power horse.,,LAPTOP#DESIGN_FEATURES,neutral,annotated,True,True,False
269,269:1,laptop,You can do it all on this bad boy but the main thing this netbook was desinged for was surfing the web and boy o boy does it ever.,,LAPTOP#GENERAL,positive,annotated,True,True,False
269,269:1,laptop,You can do it all on this bad boy but the main thing this netbook was desinged for was surfing the web and boy o boy does it ever.,,LAPTOP#MISCELLANEOUS,positive,annotated,True,True,False
269,269:2,laptop,for being so small it is amazing that it is as fast as it is.,,LAPTOP#DESIGN_FEATURES,neutral,annotated,True,True,False
269,269:2,laptop,for being so small it is amazing that it is as fast as it is.,,LAPTOP#OPERATION_PERFORMANCE,positive,annotated,True,True,False
269,269:3,laptop,when i first got it i thought the size of it was a joke.,,LAPTOP#DESIGN_FEATURES,neutral,annotated,True,True,False
269,269:4,laptop,but after i got used to it i love it.,,LAPTOP#DESIGN_FEATURES,positive,annotated,True,True,False
269,269:5,laptop,the size of has actually help me out quite a bit by me being able to fit it in an already full backpack and to use it at a resturant where the food on the table is always so space consuming.,,LAPTOP#DESIGN_FEATURES,positive,annotated,True,True,False
269,269:5,laptop,the size of has actually help me out quite a bit by me being able to fit it in an already full backpack and to use it at a resturant where the food on the table is always so space consuming.,,LAPTOP#PORTABILITY,positive,annotated,True,True,False
269,269:5,laptop,the size of has actually help me out quite a bit by me being able to fit it in an already full backpack and to use it at a resturant where the food on the table is always so space consuming.,,LAPTOP#USABILITY,positive,annotated,True,True,False
269,269:6,laptop,"it has 3 usb ports, 1 sd memory card reader and an sd memory car expansion.",,LAPTOP#DESIGN_FEATURES,positive,annotated,True,True,False
269,269:7,laptop,the only down fall is that it has no cd drive but i found that they are very cheap to by and also very portable making this the best friend to someone who is always looking for more space then they have.,,LAPTOP#DESIGN_FEATURES,neutral,annotated,True,True,False
269,269:7,laptop,the only down fall is that it has no cd drive but i found that they are very cheap to by and also very portable making this the best friend to someone who is always looking for more space then they have.,,LAPTOP#PORTABILITY,negative,annotated,True,True,False
269,269:8,laptop,overall i would recomend this to anybody and tell them that if they want to burn their music or play there video games to buy the cd drive.,,LAPTOP#GENERAL,positive,annotated,True,True,False
269,269:8,laptop,overall i would recomend this to anybody and tell them that if they want to burn their music or play there video games to buy the cd drive.,,LAPTOP#MISCELLANEOUS,neutral,annotated,True,True,False
246,246:0,laptop,"i would never go back any more, i love this computer so much and i would recommend it to everyone.",,,,non_annotated,False,False,False
246,246:1,laptop,"i use my mac all the time, i love the software, the way it takes a short time to load things, how easy it is to use and most of all how you don't have to worry about viruses.",,LAPTOP#OPERATION_PERFORMANCE,positive,annotated,True,True,False
246,246:1,laptop,"i use my mac all the time, i love the software, the way it takes a short time to load things, how easy it is to use and most of all how you don't have to worry about viruses.",,LAPTOP#USABILITY,positive,annotated,True,True,False
246,246:1,laptop,"i use my mac all the time, i love the software, the way it takes a short time to load things, how easy it is to use and most of all how you don't have to worry about viruses.",,SOFTWARE#GENERAL,positive,annotated,True,True,False
246,246:1,laptop,"i use my mac all the time, i love the software, the way it takes a short time to load things, how easy it is to use and most of all how you don't have to worry about viruses.",,LAPTOP#QUALITY,positive,annotated,True,True,False
246,246:2,laptop,"With a mac you don't have to worry about antivirus software or firewall, it's so wonderful.",,LAPTOP#QUALITY,positive,annotated,True,True,False
246,246:3,laptop,this computer is a little more expensive than any pc but it will last you longer and it worth every penny.,,,,non_annotated,False,False,False
246,246:4,laptop,"All apple associates are always wiling to help you out with anything, no matter when you purchased the computer and how many years passed.",,SUPPORT#QUALITY,positive,annotated,True,True,False
246,246:5,laptop,"this computer will last you at least 7 years, thats an amazing life spanned an electronic.",,LAPTOP#QUALITY,positive,annotated,True,True,False
246,246:6,laptop,"everything about a mac is wonderful, it takes a little used to learning and getting used to the new system, but you will learn fast and its all worth it.",,LAPTOP#GENERAL,positive,annotated,True,True,False
246,246:6,laptop,"everything about a mac is wonderful, it takes a little used to learning and getting used to the new system, but you will learn fast and its all worth it.",,OS#USABILITY,positive,annotated,True,True,False
25,25:0,laptop,Not working = bad,,LAPTOP#OPERATION_PERFORMANCE,negative,annotated,True,True,False
25,25:1,laptop,"I spent 2200 dollars on a ""top of the line laptop"".",,LAPTOP#PRICE,negative,annotated,True,True,False
25,25:1,laptop,"I spent 2200 dollars on a ""top of the line laptop"".",,LAPTOP#QUALITY,negative,annotated,True,True,False
25,25:2,laptop,I got the blue screen of death the first month I got it.,,LAPTOP#OPERATION_PERFORMANCE,negative,annotated,True,True,False
25,25:2,laptop,I got the blue screen of death the first month I got it.,,LAPTOP#QUALITY,negative,annotated,True,True,False
25,25:3,laptop,"1) Payed $2200 for a ""premium"" laptop",,LAPTOP#PRICE,negative,annotated,True,True,False
25,25:3,laptop,"1) Payed $2200 for a ""premium"" laptop",,LAPTOP#QUALITY,negative,annotated,True,True,False
25,25:4,laptop,2) Blue screen first month,,LAPTOP#OPERATION_PERFORMANCE,negative,annotated,True,True,False
25,25:4,laptop,2) Blue screen first month,,LAPTOP#QUALITY,negative,annotated,True,True,False
25,25:5,laptop,3) Horrible customer support-they lost my laptop for a month-got it back 3 months later,,SUPPORT#QUALITY,negative,annotated,True,True,False
25,25:6,laptop,"4) Laptop still did not work, blue screen within a week...",,SUPPORT#QUALITY,negative,annotated,True,True,False
25,25:7,laptop,5) Cut my losses and sold it for parts,,LAPTOP#GENERAL,negative,annotated,True,True,False
25,25:8,laptop,"Do yourself a favor, this is not a fake story trying to hurt alienware...",,,,non_annotated,False,False,False
25,25:9,laptop,"this company truely does make horrible products and doesnt seem to because they are certain things like this ""never"" happen...",,COMPANY#GENERAL,negative,annotated,True,True,False
25,25:10,laptop,do a quick search on the internet see if im the only one.,,,,non_annotated,False,False,False
256,256:0,laptop,I'm new - just switched from years of PC frustration.,,,,non_annotated,False,False,False
256,256:1,laptop,"what an elegant, wonderful machine.",,LAPTOP#DESIGN_FEATURES,positive,annotated,True,True,False
256,256:1,laptop,"what an elegant, wonderful machine.",,LAPTOP#GENERAL,positive,annotated,True,True,False
256,256:2,laptop,"I'm making the switch and finding that my biggest problem is trying to do things the 'old' way - and Apple does, indeed, have the better idea.",,LAPTOP#GENERAL,positive,annotated,True,True,False
256,256:3,laptop,I really wish I had done this years ago.,,LAPTOP#GENERAL,positive,annotated,True,True,False
256,256:4,laptop,Pairing it with an iPhone is a pure pleasure - talk about painless syncing - used to take me forever - now it's a snap.,,LAPTOP#CONNECTIVITY,positive,annotated,True,True,False
256,256:5,laptop,Thank you Best Buy for putting my computer together and installing my first software - you guys were GREAT too!,,,,non_annotated,False,False,False
256,256:6,laptop,I love it - never had a computer I was so impressed with - and I've had a lot of laptops and desktops - this one is FAR AND ABOVE THE BEST ONE I EVER HAD BEFORE.,,LAPTOP#GENERAL,positive,annotated,True,True,False
94,94:0,laptop,"I tell everyone that I know, friends, family and enemies this is the absolute worst computer i have ever used.",,LAPTOP#GENERAL,negative,annotated,True,True,False
94,94:1,laptop,The computer blinks it shuts off at will.,,LAPTOP#OPERATION_PERFORMANCE,negative,annotated,True,True,False
94,94:2,laptop,The letter A stopped working after the first week.,,KEYBOARD#QUALITY,negative,annotated,True,True,False
94,94:2,laptop,The letter A stopped working after the first week.,,KEYBOARD#OPERATION_PERFORMANCE,negative,annotated,True,True,False
94,94:3,laptop,when i called to have another one shipped or to get my money back they said the return policy is 23 twenty three days from the date of purchase.,,SUPPORT#QUALITY,negative,annotated,True,True,False
94,94:4,laptop,not the day received.,,,,non_annotated,False,False,False
94,94:5,laptop,so the fact that the computer does not work on the 24 twenty fourth day is my fault.,,SUPPORT#QUALITY,negative,annotated,True,True,False
94,94:5,laptop,so the fact that the computer does not work on the 24 twenty fourth day is my fault.,,LAPTOP#QUALITY,negative,annotated,True,True,False
94,94:6,laptop,they have done absolutely nothing to fix the computer problem.,,SUPPORT#QUALITY,negative,annotated,True,True,False
94,94:7,laptop,they have not sent a new one nor called.,,SUPPORT#QUALITY,negative,annotated,True,True,False
94,94:8,laptop,i spent eight hundred dollars from a giant paper weight that looks good on a bus.,,LAPTOP#DESIGN_FEATURES,neutral,annotated,True,True,False
94,94:8,laptop,i spent eight hundred dollars from a giant paper weight that looks good on a bus.,,LAPTOP#PRICE,negative,annotated,True,True,False
94,94:9,laptop,then on top of it all their cusromer service center is in the middle east.,,SUPPORT#MISCELLANEOUS,negative,annotated,True,True,False
94,94:10,laptop,So when you do call to complain about the hunk of metal you get the joy of speaking with a bunch of people you cant understand.,,SUPPORT#QUALITY,negative,annotated,True,True,False
94,94:11,laptop,"Then to make matters worst, there is noone that they can transfer you to.",,SUPPORT#QUALITY,negative,annotated,True,True,False
94,94:12,laptop,its sad because their commercials are great.,,,,non_annotated,False,False,False
96,96:0,laptop,I had this computer for one month and had to send it in for repair.,,LAPTOP#QUALITY,negative,annotated,True,True,False
96,96:1,laptop,Got the computer back a month later and it was still broken sent it out again and they repaired it.,,SUPPORT#QUALITY,negative,annotated,True,True,False
96,96:2,laptop,3 weeks went by and the computer keeps crashing and will not open any applications.,,SUPPORT#QUALITY,negative,annotated,True,True,False
96,96:3,laptop,DO NOT BUY GATEWAY COMPUTERS THEY ARE JUNK AND THE WARRANTY COMPANY IS HORRIBLE.,,SUPPORT#QUALITY,negative,annotated,True,True,False
96,96:3,laptop,DO NOT BUY GATEWAY COMPUTERS THEY ARE JUNK AND THE WARRANTY COMPANY IS HORRIBLE.,,COMPANY#GENERAL,negative,annotated,True,True,False
96,96:4,laptop,YOU WILL NOT BE ABLE TO TALK TO AN AMERICAN WARRANTY SERVICE IS OUT OF COUNTRY.,,SUPPORT#QUALITY,negative,annotated,True,True,False
96,96:5,laptop,COMPUTER HAS BEEN AT SERVICE FACILITY MORE THAN IN MY HANDS.,,LAPTOP#QUALITY,negative,annotated,True,True,False
374,374:0,laptop,I have had this laptop for a few months now and i would say im pretty satisfied.,,LAPTOP#GENERAL,positive,annotated,True,True,False
374,374:1,laptop,The only problems are the sound isnt very loud I have to wear headphones.,,MULTIMEDIA_DEVICES#QUALITY,negative,annotated,True,True,False
374,374:2,laptop,Another thing is that after only a month the left mouse key broke and it costed $175 to send it in to fix it.,,MOUSE#QUALITY,negative,annotated,True,True,False
374,374:2,laptop,Another thing is that after only a month the left mouse key broke and it costed $175 to send it in to fix it.,,SUPPORT#PRICE,negative,annotated,True,True,False
374,374:3,laptop,That whole experience was just ridiculous we sent it in and after they told us that we had to pay $175 to fix it we were like we will just by a portable mouse which would be way cheaper but they refused to send the laptop back until we paid the $175 and it was fixed.,,SUPPORT#PRICE,negative,annotated,True,True,False
374,374:3,laptop,That whole experience was just ridiculous we sent it in and after they told us that we had to pay $175 to fix it we were like we will just by a portable mouse which would be way cheaper but they refused to send the laptop back until we paid the $175 and it was fixed.,,SUPPORT#QUALITY,negative,annotated,True,True,False
374,374:4,laptop,It took a little over 2 weeks until i got it back.,,SUPPORT#QUALITY,negative,annotated,True,True,False
374,374:5,laptop,ANd I babyed the heck out of it just one day when i opened it turned it on went to click and it was broke.,,MOUSE#QUALITY,negative,annotated,True,True,False
374,374:6,laptop,I babyed the heck out of it and i still do.,,,,non_annotated,False,False,False
374,374:7,laptop,To be honest i think it was faulty equipment or something but idk.,,LAPTOP#QUALITY,negative,annotated,True,True,False
374,374:8,laptop,The graphics are great.,,GRAPHICS#GENERAL,positive,annotated,True,True,False
374,374:9,laptop,The internet speed is spectacular.,,LAPTOP#OPERATION_PERFORMANCE,positive,annotated,True,True,False
374,374:9,laptop,The internet speed is spectacular.,,LAPTOP#CONNECTIVITY,positive,annotated,True,True,False
374,374:10,laptop,The battery life is probably an hour at best.,,BATTERY#OPERATION_PERFORMANCE,negative,annotated,True,True,False
374,374:11,laptop,Oh and it has word and stuff but its a trial verion so after about a month or so when you go to open it it asks for a product key which didnt come with the computer and even after clicking cancel it wont let you use it at all I use the old word processer which works good.,,SOFTWARE#MISCELLANEOUS,negative,annotated,True,True,False
374,374:12,laptop,I would recommend it just because of the internet speed probably because thats the only thing i really care about.,,LAPTOP#OPERATION_PERFORMANCE,positive,annotated,True,True,False
374,374:12,laptop,I would recommend it just because of the internet speed probably because thats the only thing i really care about.,,LAPTOP#CONNECTIVITY,positive,annotated,True,True,False
374,374:13,laptop,I wish the volume could be louder and the mouse didnt break after only a month.,,MULTIMEDIA_DEVICES#QUALITY,negative,annotated,True,True,False
374,374:13,laptop,I wish the volume could be louder and the mouse didnt break after only a month.,,MOUSE#QUALITY,negative,annotated,True,True,False
349,349:0,laptop,I received this laptop as a gift and let me just tell you that its the worst.,,LAPTOP#GENERAL,negative,annotated,True,True,False
349,349:1,laptop,At first it worked well for a month or so then the system board failed and I send it in to toshiba some complaints and three weeks later I then receive my laptop back only to discover that it still has the same problem so now I have to send it back again to get it fixed again.,,LAPTOP#QUALITY,negative,annotated,True,True,False
349,349:1,laptop,At first it worked well for a month or so then the system board failed and I send it in to toshiba some complaints and three weeks later I then receive my laptop back only to discover that it still has the same problem so now I have to send it back again to get it fixed again.,,MOTHERBOARD#QUALITY,negative,annotated,True,True,False
349,349:1,laptop,At first it worked well for a month or so then the system board failed and I send it in to toshiba some complaints and three weeks later I then receive my laptop back only to discover that it still has the same problem so now I have to send it back again to get it fixed again.,,SUPPORT#QUALITY,negative,annotated,True,True,False
349,349:2,laptop,This computer doesn't do that well with certain games it can't play some and it becomes too hot while playing games.,,LAPTOP#MISCELLANEOUS,negative,annotated,True,True,False
349,349:3,laptop,Oh and if thats not bad enough it doesn't come with a recovery cd so you can make one if you know how to or buy one if you buy it the cost is $25 for two cds.,,LAPTOP#MISCELLANEOUS,negative,annotated,True,True,False
349,349:4,laptop,the whole experiece is horrible so save up and buy a better laptop.,,LAPTOP#GENERAL,negative,annotated,True,True,False
97,97:0,laptop,I bought a HP Pavilion DV4-1222nr laptop and have had so many problems with the computer.,,LAPTOP#GENERAL,negative,annotated,True,True,False
97,97:1,laptop,"The computer is so slow, even after paying staples the extra money to speed it up.",,LAPTOP#OPERATION_PERFORMANCE,negative,annotated,True,True,False
97,97:2,laptop,They said it was a computer error on this type of computer.,,LAPTOP#MISCELLANEOUS,negative,annotated,True,True,False
97,97:3,laptop,"Also, I have alot of trouble with it getting very hot, and not even sitting on anything to make it hot.",,LAPTOP#QUALITY,negative,annotated,True,True,False
97,97:4,laptop,"When the computer has been on for several minutes, it will occasionaly just go off by itself.",,LAPTOP#OPERATION_PERFORMANCE,negative,annotated,True,True,False
97,97:5,laptop,"Also, the battery does not last very long at all.",,BATTERY#OPERATION_PERFORMANCE,negative,annotated,True,True,False
97,97:6,laptop,I would recommend not buying this product.,,LAPTOP#GENERAL,negative,annotated,True,True,False
97,97:7,laptop,I have had no luck with staples or HP to resolve this problem.,,SUPPORT#QUALITY,negative,annotated,True,True,False
97,97:8,laptop,I am stuck with a laptop that I cannot do very much with.,,LAPTOP#GENERAL,negative,annotated,True,True,False
97,97:9,laptop,"Also, I have had alot of trouble with the keys sticking and will not type correctly.",,KEYBOARD#OPERATION_PERFORMANCE,negative,annotated,True,True,False
97,97:10,laptop,"Also, I have had alot of trouble with the shift key to go to other lines.",,KEYBOARD#OPERATION_PERFORMANCE,negative,annotated,True,True,False
97,97:11,laptop,"It gets stuck all of the time you use it, and you have to keep tapping on it to get it to work.",,KEYBOARD#OPERATION_PERFORMANCE,negative,annotated,True,True,False
97,97:11,laptop,"It gets stuck all of the time you use it, and you have to keep tapping on it to get it to work.",,KEYBOARD#USABILITY,negative,annotated,True,True,False
97,97:12,laptop,Sometimes the screen even goes black on this computer.,,DISPLAY#OPERATION_PERFORMANCE,negative,annotated,True,True,False
97,97:13,laptop,Will probably never buy a HP again.,,COMPANY#GENERAL,negative,annotated,True,True,False
145,145:0,laptop,Purchased a Toshiba Lap top it worked good until just after the warrenty went out.,,LAPTOP#QUALITY,neutral,annotated,True,True,False
145,145:0,laptop,Purchased a Toshiba Lap top it worked good until just after the warrenty went out.,,LAPTOP#OPERATION_PERFORMANCE,neutral,annotated,True,True,False
145,145:1,laptop,After the warrenty expired the hard drive went bad and it would have cost more to fix then to replace.,,HARD_DISC#QUALITY,negative,annotated,True,True,False
145,145:1,laptop,After the warrenty expired the hard drive went bad and it would have cost more to fix then to replace.,,SUPPORT#PRICE,negative,annotated,True,True,False
145,145:2,laptop,"Before we got this laptop, had a compaq pasaro for 5 years with no problems.",,,,non_annotated,False,False,False
145,145:3,laptop,After the bad experience with this computer went back to compaq.,,,,non_annotated,False,False,False
230,230:0,laptop,I hate it.,,LAPTOP#GENERAL,negative,annotated,True,True,False
230,230:1,laptop,I have had the luxury (sarcasm) of owning 2 of these laptops.,,LAPTOP#GENERAL,negative,annotated,True,True,False
230,230:2,laptop,The first fell apart right after the 1-year-warranty.,,LAPTOP#QUALITY,negative,annotated,True,True,False
230,230:3,laptop,"During that time, I had to send it back 3 times.",,LAPTOP#QUALITY,negative,annotated,True,True,False
230,230:4,laptop,I paid about 18000 for this laptop because of all the bells and whistles and it kept crapping out on me.,,LAPTOP#DESIGN_FEATURES,negative,annotated,True,True,False
230,230:4,laptop,I paid about 18000 for this laptop because of all the bells and whistles and it kept crapping out on me.,,LAPTOP#QUALITY,negative,annotated,True,True,False
230,230:4,laptop,I paid about 18000 for this laptop because of all the bells and whistles and it kept crapping out on me.,,LAPTOP#PRICE,negative,annotated,True,True,False
230,230:5,laptop,None of the techs at HP knew what they were doing.,,SUPPORT#QUALITY,negative,annotated,True,True,False
230,230:6,laptop,"They would repair one thing, send it back and it would still have the same problem.",,SUPPORT#QUALITY,negative,annotated,True,True,False
230,230:7,laptop,"The processor went on me, the fan went and the motherboard went.",,CPU#QUALITY,negative,annotated,True,True,False
230,230:7,laptop,"The processor went on me, the fan went and the motherboard went.",,FANS_COOLING#QUALITY,negative,annotated,True,True,False
230,230:7,laptop,"The processor went on me, the fan went and the motherboard went.",,MOTHERBOARD#QUALITY,negative,annotated,True,True,False
230,230:8,laptop,"I wanted to purchase the extended warranty and they refused, because they knew it was trouble.",,SUPPORT#QUALITY,negative,annotated,True,True,False
230,230:8,laptop,"I wanted to purchase the extended warranty and they refused, because they knew it was trouble.",,LAPTOP#GENERAL,negative,annotated,True,True,False
230,230:9,laptop,I had something else go wrong and they said it had to be in good working order to be able to buy the warranty.,,SUPPORT#QUALITY,negative,annotated,True,True,False
230,230:10,laptop,I took it to friend who temporarily fixed it and I finally paid about 1500 for the extended warranty.,,WARRANTY#PRICE,neutral,annotated,True,True,False
230,230:11,laptop,I sent it back AND THEY LOST IT.,,SUPPORT#QUALITY,negative,annotated,True,True,False
230,230:12,laptop,I waited and waited and no laptop.,,SUPPORT#QUALITY,negative,annotated,True,True,False
230,230:13,laptop,Finally after months of research the discovered that they mailed it to a Walmart and there probably would be no way to find the box.,,SUPPORT#QUALITY,negative,annotated,True,True,False
230,230:14,laptop,"I waited another month for approval and for them to ""BUILD"" me a new laptop.",,SUPPORT#QUALITY,negative,annotated,True,True,False
230,230:15,laptop,I was psyched.,,,,non_annotated,False,False,False
230,230:16,laptop,I thought all my problems would finally be solved being that my old computer wouldn't go onto our wireless network and I wouldn't have the same problems because it was updated.,,LAPTOP#CONNECTIVITY,negative,annotated,True,True,False
230,230:17,laptop,Here we are another year later and the computer is doing the same thing.,,SUPPORT#QUALITY,negative,annotated,True,True,False
230,230:18,laptop,HP didn't fix it.,,SUPPORT#QUALITY,negative,annotated,True,True,False
230,230:19,laptop,I swear they design these things to go to crap after a year so you are stuck and have to buy a new one.,,LAPTOP#QUALITY,negative,annotated,True,True,False
230,230:20,laptop,"I use my friends and family's $2000 laptops and they are fast and reliable and HP, well, I'll never buy or recommend an HP to anyone!",,,,non_annotated,False,False,False
130,130:0,laptop,bought notebook 07/2009.,,,,non_annotated,False,False,False
130,130:1,laptop,in 5 months the connect quality got worse and worse.,,LAPTOP#CONNECTIVITY,negative,annotated,True,True,False
130,130:1,laptop,in 5 months the connect quality got worse and worse.,,LAPTOP#QUALITY,negative,annotated,True,True,False
130,130:2,laptop,1st time they got it working the next 5 month they had me send it in.,,SUPPORT#QUALITY,negative,annotated,True,True,False
130,130:3,laptop,returned it.,,LAPTOP#GENERAL,negative,annotated,True,True,False
130,130:4,laptop,5 months dead again.,,LAPTOP#QUALITY,negative,annotated,True,True,False
130,130:5,laptop,They say sorry out of warranty.,,SUPPORT#QUALITY,negative,annotated,True,True,False
130,130:6,laptop,Summary: They played games with me for the warranty period.,,SUPPORT#QUALITY,negative,annotated,True,True,False
130,130:7,laptop,Now 17 months later they want (would not say exact amount) $165.00 to $400 to fix the machine.,,SUPPORT#PRICE,negative,annotated,True,True,False
130,130:8,laptop,They had me send in the machine last April returned it to me in May with no documentation on what was done it anything.,,SUPPORT#QUALITY,negative,annotated,True,True,False
130,130:9,laptop,Now the machine won't connect and Toshiba says that they did replace the connection card in May but they only warranty the repair for 30 days and now I'm out of warranty even though this has been a constant 5 month occurance since I bought the netbook.,,LAPTOP#CONNECTIVITY,negative,annotated,True,True,False
130,130:9,laptop,Now the machine won't connect and Toshiba says that they did replace the connection card in May but they only warranty the repair for 30 days and now I'm out of warranty even though this has been a constant 5 month occurance since I bought the netbook.,,SUPPORT#QUALITY,negative,annotated,True,True,False
130,130:10,laptop,So buyer beware when buying Toshiba,,COMPANY#GENERAL,negative,annotated,True,True,False
52,52:0,laptop,I bought this laptop the moment unibody product came to the market.,,,,non_annotated,False,False,False
52,52:1,laptop,"I also bought one for my wife, and 3 for my office.",,,,non_annotated,False,False,False
52,52:2,laptop,"They are wonderful, but very dangerous when it comes to emitting heat.",,LAPTOP#GENERAL,positive,annotated,True,True,False
52,52:2,laptop,"They are wonderful, but very dangerous when it comes to emitting heat.",,LAPTOP#QUALITY,negative,annotated,True,True,False
52,52:3,laptop,"I burned my leg, after lifting it from my desk, and for less than 5 second putting it on my lap to clean my coffee table, so I can place it there.",,LAPTOP#QUALITY,negative,annotated,True,True,False
52,52:4,laptop,"I had to call Apple 19 times (each time 40 to 75 minutes on the phone), and take it to their store for evaluations, and diagnostics, 5 times.",,SUPPORT#QUALITY,negative,annotated,True,True,False
52,52:5,laptop,"This is what they told me: It heats up, and that is the reason we no longer call them laptops, and simply categorize them as portables.",,,,non_annotated,False,False,False
52,52:6,laptop,"You might think, I am new in this game, but I am a gadget lover, and have had more than 2 dozens laptops in the past 15 years, and none gets this hot, that fast.",,,,non_annotated,False,False,False
52,52:7,laptop,I also experience the same with my MacBook Air.,,,,non_annotated,False,False,False
52,52:8,laptop,"So you might ask, what did Apple do for me?",,,,non_annotated,False,False,False
52,52:9,laptop,"For my burn thigh which has put a permanent mark on my skin (it happened 7 months ago) they offered me an ITouch 8Gig (you know it is a bit insulating when a company this rich, offer a loyal customer like me, a bottom of their product line as a gift for events like this).",,COMPANY#GENERAL,negative,annotated,True,True,False
52,52:10,laptop,"Steve Jobs, probably needs help and donations, and cannot afford a reasonable offers for people that truly are trying to support his baby.",,COMPANY#GENERAL,negative,annotated,True,True,False
52,52:11,laptop,"The lesson learned here is: It does not pay to by this loyal to any brand, since all of them are there to simply  to make as much money as possible, as fast as they can, and in this day and age, the customer no longer is right all the times.",,COMPANY#GENERAL,negative,annotated,True,True,False
52,52:12,laptop,Sad very SAD.,,,,non_annotated,False,False,False
235,235:0,laptop,I had meant to purchase the NB205 and bought this one by accident (long story).,,,,non_annotated,False,False,False
235,235:1,laptop,"I am not going to sit here and complain about it not having a cd drive and what not because it is a netbook, it is made to be compact and if you want all the other stuff get a laptop.",,LAPTOP#DESIGN_FEATURES,neutral,annotated,True,True,False
235,235:2,laptop,Anyways I bought this two months ago and when I first brought it home it kept giving me a message about a vibration in the hard drive and it is putting it temporaly in save zone.,,HARD_DISC#QUALITY,negative,annotated,True,True,False
235,235:3,laptop,"So I called customer support (which is good too) and they went through it and it is just a safety feature and it does not affect performance at all, I just chose to hide the message.",,SUPPORT#QUALITY,positive,annotated,True,True,False
235,235:4,laptop,"I have had the netbook for 2 months and I love it, I read some reviews that say netbooks are slow but it does not seem any slower than the other computers I use.",,,,non_annotated,False,False,False
235,235:5,laptop,"Also the speakers are not very loud, But it is a netbook.",,MULTIMEDIA_DEVICES#QUALITY,neutral,annotated,True,True,False
235,235:6,laptop,Would HIGHLY recommend this netbook though.,,LAPTOP#GENERAL,positive,annotated,True,True,False
49,49:0,laptop,"I paid for extra memory and the 17-inch screen, as well as the top of the line DVD and CD burners.",,,,non_annotated,False,False,False
49,49:1,laptop,I custom ordered the machine from HP and could NOT understand the techie due to his accent.,,SUPPORT#QUALITY,negative,annotated,True,True,False
49,49:2,laptop,Finally was able to reach a young lady in California and ordered the machine and was subsequently given a delivery date.,,,,non_annotated,False,False,False
49,49:3,laptop,"The leather carrying case, keyboard and mouse arrived in two days from Memphis warehouse.",,,,non_annotated,False,False,False
49,49:4,laptop,The computer was two weeks late in delivery because HP forgot to complete the required import paperwork.,,SHIPPING#QUALITY,negative,annotated,True,True,False
49,49:5,laptop,"My laptop cost approximately $2,300 and DIED after only 2-years, 10-months and 18-days of use.",,LAPTOP#QUALITY,negative,annotated,True,True,False
49,49:5,laptop,"My laptop cost approximately $2,300 and DIED after only 2-years, 10-months and 18-days of use.",,LAPTOP#PRICE,negative,annotated,True,True,False
49,49:6,laptop,"Although my model was listed as recalled, HP denied my claim.",,SUPPORT#QUALITY,negative,annotated,True,True,False
49,49:7,laptop,"Accordingly, I have decided to NEVER purchase another HP product (my five year old Compaq) lasted 5-years before the hard drive crashed.",,,,non_annotated,False,False,False
49,49:8,laptop,I visited the Apple Store and was impressed with the 17-inch MacBook Pro.,,,,non_annotated,False,False,False
49,49:9,laptop,"The quality, engineering design and warranty are superior--covers damage from dropping the laptop.",,,,non_annotated,False,False,False
49,49:10,laptop,"If the number of patrons in the Apple store are any indication, HP and other PC manufacturers need to take note.",,,,non_annotated,False,False,False
53,53:0,laptop,"This laptop leaves alot to be desired, I have had it only 5 months and have had to send it away to be repaired twice...",,LAPTOP#GENERAL,negative,annotated,True,True,False
53,53:0,laptop,"This laptop leaves alot to be desired, I have had it only 5 months and have had to send it away to be repaired twice...",,LAPTOP#QUALITY,negative,annotated,True,True,False
53,53:1,laptop,"I bought it from HSN because it was ""bundled"" with extra software, but as it turns out, that software just crashes it more often.....",,SOFTWARE#GENERAL,negative,annotated,True,True,False
53,53:1,laptop,"I bought it from HSN because it was ""bundled"" with extra software, but as it turns out, that software just crashes it more often.....",,LAPTOP#DESIGN_FEATURES,neutral,annotated,True,True,False
53,53:1,laptop,"I bought it from HSN because it was ""bundled"" with extra software, but as it turns out, that software just crashes it more often.....",,LAPTOP#OPERATION_PERFORMANCE,negative,annotated,True,True,False
53,53:2,laptop,If you shop around in the current market you can find a much better deal.,,LAPTOP#GENERAL,negative,annotated,True,True,False
53,53:3,laptop,"The repairs were made quickly though I must say, however the second time they shipped it to the incorrect address and it took nearly a week for them to get it to me.",,SUPPORT#QUALITY,positive,annotated,True,True,False
53,53:3,laptop,"The repairs were made quickly though I must say, however the second time they shipped it to the incorrect address and it took nearly a week for them to get it to me.",,SHIPPING#QUALITY,negative,annotated,True,True,False
60,60:0,laptop,Unable to boot up this brand new laptop.,,LAPTOP#QUALITY,negative,annotated,True,True,False
60,60:0,laptop,Unable to boot up this brand new laptop.,,LAPTOP#OPERATION_PERFORMANCE,negative,annotated,True,True,False
60,60:1,laptop,Spent 2 hours on phone with HP Technical Support.,,SUPPORT#QUALITY,negative,annotated,True,True,False
60,60:2,laptop,"They went through asking me open up various components, taking battery out, hard disk apart, and after 2 hours on phone could not fix it.",,SUPPORT#QUALITY,negative,annotated,True,True,False
60,60:3,laptop,They are asking me to ship the unit back to fix it at their site.,,SUPPORT#QUALITY,neutral,annotated,True,True,False
60,60:4,laptop,I am going to go back and return at Store I bought from!,,LAPTOP#GENERAL,negative,annotated,True,True,False
89,89:0,laptop,This computer had exactly the specifications I needed.,,LAPTOP#DESIGN_FEATURES,positive,annotated,True,True,False
89,89:1,laptop,"Small enough to use on a long flight, Light enough to carry through airports and powerful enough to replace my desktop while on long business trips.",,LAPTOP#DESIGN_FEATURES,positive,annotated,True,True,False
89,89:1,laptop,"Small enough to use on a long flight, Light enough to carry through airports and powerful enough to replace my desktop while on long business trips.",,LAPTOP#PORTABILITY,positive,annotated,True,True,False
89,89:1,laptop,"Small enough to use on a long flight, Light enough to carry through airports and powerful enough to replace my desktop while on long business trips.",,LAPTOP#OPERATION_PERFORMANCE,positive,annotated,True,True,False
89,89:2,laptop,The perfect notebook...,,LAPTOP#GENERAL,positive,annotated,True,True,False
89,89:3,laptop,When I finally had everything running with all my software installed I plugged in my droid to recharge and the system crashed.,,LAPTOP#OPERATION_PERFORMANCE,negative,annotated,True,True,False
89,89:4,laptop,The Aspire wont even boot past the Acer screen with a Droid (I have tried both Motorola and HTC) plugged into the USB port.,,LAPTOP#CONNECTIVITY,negative,annotated,True,True,False
89,89:5,laptop,"Called tech support and got the usual Acer ""We don't support software but for $$$ we can help you"" I explained there was no software involved in booting.",,SUPPORT#QUALITY,negative,annotated,True,True,False
89,89:6,laptop,"No, tey don't even support their own bios and it ""could be a problem with the bios"" How can a company that makes a fairly decent product get away with such insanity??!!",,SUPPORT#QUALITY,negative,annotated,True,True,False
89,89:7,laptop,Needless to say a PC that can't support a cell phone is less than useless!,,LAPTOP#CONNECTIVITY,negative,annotated,True,True,False
92,92:0,laptop,"With today's company fighting over marketshare, its a shame that ASUS can get away with the inept staff answering thephone.",,SUPPORT#QUALITY,negative,annotated,True,True,False
92,92:0,laptop,"With today's company fighting over marketshare, its a shame that ASUS can get away with the inept staff answering thephone.",,COMPANY#GENERAL,negative,annotated,True,True,False
92,92:1,laptop,I agree with the previous comment that ASUS TECH SUPPORT IS HORRIBLE WHICH IS A CON IN MY OPINION.,,SUPPORT#QUALITY,negative,annotated,True,True,False
92,92:2,laptop,"Summary: I've had this laptop for 2 months, out of the blue the power adapter stops working.",,POWER_SUPPLY#QUALITY,negative,annotated,True,True,False
92,92:2,laptop,"Summary: I've had this laptop for 2 months, out of the blue the power adapter stops working.",,POWER_SUPPLY#OPERATION_PERFORMANCE,negative,annotated,True,True,False
92,92:3,laptop,"Call tech support, standard email the form and fax it back in to us.",,,,non_annotated,False,False,False
92,92:4,laptop,"I called back to ensure that received it, they had.",,,,non_annotated,False,False,False
92,92:5,laptop,But no one could tell me when my part would be shipped nor could they tell me where to buy it ON THEIR WEBSITE!!!,,SUPPORT#QUALITY,negative,annotated,True,True,False
92,92:6,laptop,Frustrated I hung up and tried to call back 3 days later to be told that it takes 2-3 days for turnaround time.,,SUPPORT#QUALITY,negative,annotated,True,True,False
92,92:7,laptop,This was the 3rd day and part still had not been shipped.,,SUPPORT#QUALITY,negative,annotated,True,True,False
92,92:8,laptop,Asked the customer service rep.,,,,non_annotated,False,False,False
92,92:9,laptop,"If it's not shipped on the next business day, called on a Friday they are closed on weekends, what was the next step.",,,,non_annotated,False,False,False
92,92:10,laptop,"The rep did not even answer my question, I had to ask him, if he understood what I ask or if he spoke english because he didn't even try to acknowledge my question.",,SUPPORT#QUALITY,negative,annotated,True,True,False
92,92:11,laptop,Was searching online for a power supply when I found this site.,,,,non_annotated,False,False,False
92,92:12,laptop,I'm tired of the inept service.,,SUPPORT#QUALITY,negative,annotated,True,True,False
92,92:13,laptop,If you are looking for a netbook pc DO NOT BUY FROM ASUS!!!,,COMPANY#GENERAL,negative,annotated,True,True,False
92,92:14,laptop,Unless you want to be inconvenienced with a non working power supply which you can't find a replacement for because they made the attachment so small.,,POWER_SUPPLY#OPERATION_PERFORMANCE,negative,annotated,True,True,False
92,92:14,laptop,Unless you want to be inconvenienced with a non working power supply which you can't find a replacement for because they made the attachment so small.,,POWER_SUPPLY#DESIGN_FEATURES,negative,annotated,True,True,False
92,92:15,laptop,I'M REALLY FRUSTRATED BY THIS EXPERIENCE.,,LAPTOP#GENERAL,negative,annotated,True,True,False
92,92:16,laptop,HOW DOES THE POWER SUPPLY NOT WORK!!!,,POWER_SUPPLY#OPERATION_PERFORMANCE,negative,annotated,True,True,False
92,92:17,laptop,"I spoke with a service rep at Micro Center and his girlfriend is having the same problem with her power adapter, so it's not just an isolated incident!!!",,,,non_annotated,False,False,False
310,310:0,laptop,Our Apple 13.3 MacBook Pro Notebook Computer (Z0J80001) Notebook and has become such an integral part of completing our daily needs and social networking.,,LAPTOP#MISCELLANEOUS,positive,annotated,True,True,False
310,310:1,laptop,"I do everything on this computer - check email, facebook, shop, check blogs, write papers, listen to music, and we even watch all of our movies on it since we do not have a tv.",,LAPTOP#GENERAL,positive,annotated,True,True,False
310,310:1,laptop,"I do everything on this computer - check email, facebook, shop, check blogs, write papers, listen to music, and we even watch all of our movies on it since we do not have a tv.",,LAPTOP#MISCELLANEOUS,positive,annotated,True,True,False
310,310:2,laptop,"It pretty much does everything we could ever need, and looks great to boot.",,LAPTOP#OPERATION_PERFORMANCE,positive,annotated,True,True,False
310,310:2,laptop,"It pretty much does everything we could ever need, and looks great to boot.",,LAPTOP#DESIGN_FEATURES,positive,annotated,True,True,False
310,310:3,laptop,"Apple is always great about the aesthetics of things, they always come up with good looking products.",,LAPTOP#DESIGN_FEATURES,positive,annotated,True,True,False
310,310:3,laptop,"Apple is always great about the aesthetics of things, they always come up with good looking products.",,COMPANY#GENERAL,positive,annotated,True,True,False
310,310:4,laptop,It didn't take me long to get switched over to the Mac computer programs and navigation - it's been just fine and like the way this laptop functions much better.,,SOFTWARE#USABILITY,positive,annotated,True,True,False
310,310:4,laptop,It didn't take me long to get switched over to the Mac computer programs and navigation - it's been just fine and like the way this laptop functions much better.,,LAPTOP#OPERATION_PERFORMANCE,positive,annotated,True,True,False
310,310:5,laptop,"So, if you're thinking of a laptop, I would heartily recommend theApple 13.3 MacBook Pro Notebook Computer (Z0J80001) Notebook for all your needs!",,LAPTOP#GENERAL,positive,annotated,True,True,False
310,310:6,laptop,"It's great and we will always stick with Apple computers, we have been so happy with them.",,LAPTOP#GENERAL,positive,annotated,True,True,False
310,310:6,laptop,"It's great and we will always stick with Apple computers, we have been so happy with them.",,COMPANY#GENERAL,positive,annotated,True,True,False
41,41:0,laptop,"I know that everyone thinks Macs are overpriced and overrated, but once you get past the initial expense you'll find that they're worth every penny (besides, there's always the financing plan that Best Buy offers).",,,,non_annotated,False,False,False
41,41:1,laptop,"The 13"" MacBook Pro is portable, durable, and very capable.",,LAPTOP#QUALITY,positive,annotated,True,True,False
41,41:1,laptop,"The 13"" MacBook Pro is portable, durable, and very capable.",,LAPTOP#PORTABILITY,positive,annotated,True,True,False
41,41:1,laptop,"The 13"" MacBook Pro is portable, durable, and very capable.",,LAPTOP#OPERATION_PERFORMANCE,positive,annotated,True,True,False
41,41:2,laptop,"It has a 10 hour battery life when you're doing web browsing and word editing, making it perfect for the classroom or office, and in terms of gaming and movie playing it'll have a battery life of just over 5 hours.",,BATTERY#OPERATION_PERFORMANCE,positive,annotated,True,True,False
41,41:2,laptop,"It has a 10 hour battery life when you're doing web browsing and word editing, making it perfect for the classroom or office, and in terms of gaming and movie playing it'll have a battery life of just over 5 hours.",,LAPTOP#MISCELLANEOUS,positive,annotated,True,True,False
41,41:3,laptop,"It's also very energy efficient, running on a quarter of the power it takes to run a 60 Watt lightbulb.",,LAPTOP#OPERATION_PERFORMANCE,positive,annotated,True,True,False
41,41:4,laptop,"It's graphics aren't bad at all, for the lower end of the MacBook Pro spectrum, easily capable of running StarCraft II and other games with comparable graphics.",,GRAPHICS#GENERAL,positive,annotated,True,True,False
41,41:4,laptop,"It's graphics aren't bad at all, for the lower end of the MacBook Pro spectrum, easily capable of running StarCraft II and other games with comparable graphics.",,LAPTOP#MISCELLANEOUS,positive,annotated,True,True,False
41,41:5,laptop,It's also very capable of doing moderate video editing (although you may need the performance boost of the larger MacBook Pros for heavy duty mobile video editing).,,,,non_annotated,False,False,False
41,41:6,laptop,"The operating system and user interface is very intuitive, and the large multi-touch track pad is amazing.",,OS#USABILITY,positive,annotated,True,True,False
41,41:6,laptop,"The operating system and user interface is very intuitive, and the large multi-touch track pad is amazing.",,MOUSE#DESIGN_FEATURES,positive,annotated,True,True,False
41,41:7,laptop,"Typically, when I purchase a new laptop I always end up using an external mouse for convenience.",,,,non_annotated,False,False,False
41,41:8,laptop,"However, the multi-touch gestures and large tracking area make having an external mouse unnecessary (unless you're gaming).",,MOUSE#DESIGN_FEATURES,positive,annotated,True,True,False
41,41:8,laptop,"However, the multi-touch gestures and large tracking area make having an external mouse unnecessary (unless you're gaming).",,MOUSE#USABILITY,positive,annotated,True,True,False
41,41:9,laptop,"Still, this laptop is perfect for all day use at school and work.",,LAPTOP#MISCELLANEOUS,positive,annotated,True,True,False
41,41:10,laptop,They also have a longer service life than other computers (I have several friends who still use the older Apple PowerBooks).,,LAPTOP#QUALITY,positive,annotated,True,True,False
42,42:0,laptop,Me and my boyfriend bought the Gateway NV78 in nov of 09.,,,,non_annotated,False,False,False
42,42:1,laptop,Bought with a credit card.,,,,non_annotated,False,False,False
42,42:2,laptop,Probbly the worst decision we ever made!,,LAPTOP#GENERAL,negative,annotated,True,True,False
42,42:3,laptop,It has bein into the shop to get a new hardrive 2 times and to fix the touch control buttons on the keyboard!,,KEYBOARD#QUALITY,negative,annotated,True,True,False
42,42:3,laptop,It has bein into the shop to get a new hardrive 2 times and to fix the touch control buttons on the keyboard!,,HARD_DISC#QUALITY,negative,annotated,True,True,False
42,42:4,laptop,the place we bought it from said that after they send it out to gateway 4 times they would give us a new one.,,,,non_annotated,False,False,False
42,42:5,laptop,the last time we took it to get fixed the guy said that most likely it is a reppative problem and will keep happeneing so hopefully we can get a new one very soon!,,,,non_annotated,False,False,False
42,42:6,laptop,pretty much everything else about the computer is good it just stops working out of no were.,,LAPTOP#GENERAL,positive,annotated,True,True,False
42,42:6,laptop,pretty much everything else about the computer is good it just stops working out of no were.,,LAPTOP#OPERATION_PERFORMANCE,negative,annotated,True,True,False
42,42:7,laptop,i love the size of the computer since i play games on it.,,LAPTOP#DESIGN_FEATURES,positive,annotated,True,True,False
42,42:8,laptop,i also love having the extra calculator number set up on the keyboard which most laptops do not have.,,KEYBOARD#DESIGN_FEATURES,positive,annotated,True,True,False
42,42:9,laptop,also the keyboard does not liht up so unless your sitting in a room with some light you cant see anything and thats bad for me because my boyfriend tends to watch tv in the dark at night which leaves me with no way of seeing the keyboard.,,KEYBOARD#DESIGN_FEATURES,negative,annotated,True,True,False
42,42:9,laptop,also the keyboard does not liht up so unless your sitting in a room with some light you cant see anything and thats bad for me because my boyfriend tends to watch tv in the dark at night which leaves me with no way of seeing the keyboard.,,KEYBOARD#USABILITY,negative,annotated,True,True,False
42,42:10,laptop,So i would not reccomend anyone buying this computer,,LAPTOP#GENERAL,negative,annotated,True,True,False
6,6:0,laptop,"First, it does not have a push button to open the lid.",,LAPTOP#DESIGN_FEATURES,negative,annotated,True,True,False
6,6:1,laptop,It is held in place magnetically.,,LAPTOP#DESIGN_FEATURES,neutral,annotated,True,True,False
6,6:2,laptop,There is a little indent to help open it - but good luck with that.,,LAPTOP#DESIGN_FEATURES,neutral,annotated,True,True,False
6,6:2,laptop,There is a little indent to help open it - but good luck with that.,,LAPTOP#USABILITY,negative,annotated,True,True,False
6,6:3,laptop,"Once open, the leading edge is razor sharp.",,LAPTOP#DESIGN_FEATURES,negative,annotated,True,True,False
6,6:4,laptop,This is the complete opposite to an ergonomic design.,,LAPTOP#DESIGN_FEATURES,negative,annotated,True,True,False
6,6:4,laptop,This is the complete opposite to an ergonomic design.,,LAPTOP#USABILITY,negative,annotated,True,True,False
6,6:5,laptop,Using this machine is like a mild form of torture.,,LAPTOP#USABILITY,negative,annotated,True,True,False
6,6:6,laptop,"In the shop, these MacBooks are encased in a soft rubber enclosure - so you will never know about the razor edge until you buy it, get it home, break the seal and use it (very clever con).",,,,non_annotated,False,False,False
6,6:7,laptop,The much lauded combined touch pad and clicker is a nightmare.,,MOUSE#DESIGN_FEATURES,negative,annotated,True,True,False
6,6:8,laptop,I lost two items I was working on until I figured out what was happening.,,MOUSE#OPERATION_PERFORMANCE,negative,annotated,True,True,False
6,6:8,laptop,I lost two items I was working on until I figured out what was happening.,,MOUSE#USABILITY,negative,annotated,True,True,False
6,6:9,laptop,"Also, the space bar makes a noisy click every time you use it.",,KEYBOARD#QUALITY,negative,annotated,True,True,False
6,6:10,laptop,"I hate to say this, but if I could take this back to the shop and get my money back, then I would.",,LAPTOP#GENERAL,negative,annotated,True,True,False
6,6:11,laptop,"It is absolutely horrible to use, despite all its so called advanced features.",,LAPTOP#USABILITY,negative,annotated,True,True,False
6,6:11,laptop,"It is absolutely horrible to use, despite all its so called advanced features.",,LAPTOP#DESIGN_FEATURES,neutral,annotated,True,True,False
6,6:12,laptop,I regret buying it before understanding how awful it is to use.,,LAPTOP#GENERAL,negative,annotated,True,True,False
6,6:12,laptop,I regret buying it before understanding how awful it is to use.,,LAPTOP#USABILITY,negative,annotated,True,True,False
6,6:13,laptop,"Buy this if you like being tortured, teased, frustrated and wasting twice as much time as you spent using your old Mac.",,,,non_annotated,False,False,False
6,6:14,laptop,It's a bummer and one out of five is being kind.,,LAPTOP#GENERAL,negative,annotated,True,True,False
6,6:15,laptop,My Mac has gone from being a trusted friend to an adversary.,,LAPTOP#GENERAL,negative,annotated,True,True,False
6,6:16,laptop,I'm going to try and keep my old G4 on the road for as long as possible.,,,,non_annotated,False,False,False
6,6:17,laptop,"In due course, I'll remove the hard disc from this new MacBook Pro and dump it where it belongs - in the trash.",,LAPTOP#GENERAL,negative,annotated,True,True,False
68,68:0,laptop,"This is the first time that I tried and owning a netbook although I have used 3 different laptops in the past 10 years, I find not much difference except of course for the screen size.",,,,non_annotated,False,False,False
68,68:1,laptop,But the screen size is not that bad for email and web browsing.,,DISPLAY#DESIGN_FEATURES,neutral,annotated,True,True,False
68,68:2,laptop,I like this machine because its very lightweight...,,LAPTOP#DESIGN_FEATURES,positive,annotated,True,True,False
68,68:3,laptop,very convenient when you travel and the battery life is excellent...,,BATTERY#OPERATION_PERFORMANCE,positive,annotated,True,True,False
68,68:3,laptop,very convenient when you travel and the battery life is excellent...,,LAPTOP#PORTABILITY,positive,annotated,True,True,False
68,68:4,laptop,10 hours of battery life is really something else....,,BATTERY#OPERATION_PERFORMANCE,positive,annotated,True,True,False
68,68:5,laptop,I highly recommend that you buy this product.,,LAPTOP#GENERAL,positive,annotated,True,True,False
7,7:0,laptop,"I've owned every ""Pro"" model Apple laptop for the last 8 years, this is BY FAR the WORST one I've ever had.",,,,non_annotated,False,False,False
7,7:1,laptop,"It crashes, and when it goes flat, it just DIES (like a PC, maybe worse) and I loose all my open documents!",,LAPTOP#OPERATION_PERFORMANCE,negative,annotated,True,True,False
7,7:2,laptop,I Hate it!,,LAPTOP#GENERAL,negative,annotated,True,True,False
70,70:0,laptop,It is the easiest computer I have ever used,,LAPTOP#USABILITY,positive,annotated,True,True,False
70,70:1,laptop,I have had some excellent computer and have found I had no idea what to do with them,,,,non_annotated,False,False,False
70,70:2,laptop,"I saw this one, and I have the most difficult time trying to use them, they've made great dust collectors, I hate putting this computer down",,,,non_annotated,False,False,False
70,70:3,laptop,I LOVE IT!,,LAPTOP#GENERAL,positive,annotated,True,True,False
70,70:4,laptop,I can't say enough good for it!,,LAPTOP#GENERAL,positive,annotated,True,True,False
72,72:0,laptop,It's A MAC!!,,LAPTOP#GENERAL,positive,annotated,True,True,False
72,72:1,laptop,"I fine Apple MC373LL/A 2.66GHz 15"" Macboook Pro Notebook meets all my needs for a laptop computer when on the go.",,LAPTOP#GENERAL,positive,annotated,True,True,False
72,72:2,laptop,I like to use it at the race track to handiecap the horse races.,,LAPTOP#MISCELLANEOUS,positive,annotated,True,True,False
72,72:3,laptop,It's face and depanable.,,LAPTOP#QUALITY,positive,annotated,True,True,False
72,72:4,laptop,As a graphic arts a retired instructor I still love to play with the graphic with photos and clip art .....,,LAPTOP#MISCELLANEOUS,positive,annotated,True,True,False
72,72:5,laptop,it's just a great toy to have around.,,LAPTOP#GENERAL,positive,annotated,True,True,False
73,73:0,laptop,very very slow laptop.,,LAPTOP#OPERATION_PERFORMANCE,negative,annotated,True,True,False
73,73:1,laptop,tons of bloatware and junk programs.,,LAPTOP#DESIGN_FEATURES,negative,annotated,True,True,False
73,73:1,laptop,tons of bloatware and junk programs.,,SOFTWARE#GENERAL,negative,annotated,True,True,False
73,73:2,laptop,can't reinstall with standard os cd because of proprietary hardware drivers.,,LAPTOP#USABILITY,negative,annotated,True,True,False
73,73:2,laptop,can't reinstall with standard os cd because of proprietary hardware drivers.,,SOFTWARE#GENERAL,negative,annotated,True,True,False
73,73:3,laptop,keys are all in weird places and is way too large for the way it is designed.,,KEYBOARD#DESIGN_FEATURES,negative,annotated,True,True,False
73,73:3,laptop,keys are all in weird places and is way too large for the way it is designed.,,LAPTOP#DESIGN_FEATURES,negative,annotated,True,True,False
73,73:4,laptop,lots of extra space but the keyboard is ridiculously small.,,KEYBOARD#DESIGN_FEATURES,negative,annotated,True,True,False
73,73:4,laptop,lots of extra space but the keyboard is ridiculously small.,,LAPTOP#DESIGN_FEATURES,neutral,annotated,True,True,False
266,266:0,laptop,Amazing machine.,,LAPTOP#GENERAL,positive,annotated,True,True,False
266,266:1,laptop,"It is a big big, but since it has a 18.4"" screen what would you expect!",,LAPTOP#DESIGN_FEATURES,neutral,annotated,True,True,False
266,266:2,laptop,It is truly a Desktop Replacement.,,LAPTOP#MISCELLANEOUS,positive,annotated,True,True,False
266,266:3,laptop,Very fast and efficient!,,LAPTOP#OPERATION_PERFORMANCE,positive,annotated,True,True,False
266,266:4,laptop,Does a great job with video shot on a Canon 5D MKII.,,LAPTOP#MISCELLANEOUS,positive,annotated,True,True,False
266,266:5,laptop,Very happy with my 7th Toshiba laptop!,,LAPTOP#GENERAL,positive,annotated,True,True,False
259,259:0,laptop,"The touchpad is very intuitive, so much so that I never want to use buttons to click again!",,MOUSE#USABILITY,positive,annotated,True,True,False
259,259:1,laptop,"The computer loads in about a 1/10th of the time that my PC did, and I have all of the programs that were on my PC.",,,,non_annotated,False,False,False
259,259:2,laptop,"Of course, I also have several great software packages that came for free including iWork, GarageBand, and iMovie.",,SOFTWARE#GENERAL,positive,annotated,True,True,False
259,259:2,laptop,"Of course, I also have several great software packages that came for free including iWork, GarageBand, and iMovie.",,LAPTOP#DESIGN_FEATURES,positive,annotated,True,True,False
259,259:3,laptop,I especially appreciate the fact that it has almost zero viruses and spyware problems!,,LAPTOP#QUALITY,positive,annotated,True,True,False
259,259:4,laptop,"The only drawback for me is how dirty the screen gets, and rather quickly too.",,DISPLAY#QUALITY,negative,annotated,True,True,False
259,259:5,laptop,I'm hoping that I can find a really quick way to clean it without it getting too gross.,,,,non_annotated,False,False,False
259,259:6,laptop,I also enjoy the fact that my MacBook Pro laptop allows me to run Windows 7 on it by using the VMWare program.,,LAPTOP#USABILITY,positive,annotated,True,True,False
259,259:7,laptop,Now I have the best of both worlds with all of the power and ease of the Mac!,,LAPTOP#OPERATION_PERFORMANCE,positive,annotated,True,True,False
259,259:7,laptop,Now I have the best of both worlds with all of the power and ease of the Mac!,,LAPTOP#GENERAL,positive,annotated,True,True,False
259,259:7,laptop,Now I have the best of both worlds with all of the power and ease of the Mac!,,LAPTOP#USABILITY,positive,annotated,True,True,False
259,259:8,laptop,"I also got the added bonus of a 30"" HD Monitor, which really helps to extend my screen and keep my eyes fresh!",,LAPTOP#MISCELLANEOUS,positive,annotated,True,True,False
100,100:0,laptop,I never have had a good result with this computer.,,LAPTOP#GENERAL,negative,annotated,True,True,False
100,100:1,laptop,"I was told by many  that it was a great computer, but we got one of these, and it worked  great for one year, and as soon as the warrenty was up, then it got  really bad.",,LAPTOP#QUALITY,negative,annotated,True,True,False
100,100:2,laptop,"They told me it was my loss even though it was the computer, not  what I've done.",,SUPPORT#QUALITY,negative,annotated,True,True,False
100,100:3,laptop,"The hard drive crashed as well, and I had to buy a new  power cord.",,HARD_DISC#QUALITY,negative,annotated,True,True,False
100,100:3,laptop,"The hard drive crashed as well, and I had to buy a new  power cord.",,POWER_SUPPLY#QUALITY,negative,annotated,True,True,False
100,100:4,laptop,"They told me to reprogram the computer, and I didn't need  to do that, and I lost pictures of my oldests first 2 years of her  life.",,SUPPORT#QUALITY,negative,annotated,True,True,False
100,100:5,laptop,"I don't like this company nor the toshiba brand, and I'll never  buy another one because I've put more into it then it is worth.",,COMPANY#GENERAL,negative,annotated,True,True,False
100,100:5,laptop,"I don't like this company nor the toshiba brand, and I'll never  buy another one because I've put more into it then it is worth.",,LAPTOP#GENERAL,negative,annotated,True,True,False
100,100:6,laptop,I would  rather spend my money on a computer that costs more then a Toshiba that  isn't good at all.,,COMPANY#GENERAL,negative,annotated,True,True,False
147,147:0,laptop,I just bought this laptop 3 days ago.,,,,non_annotated,False,False,False
147,147:1,laptop,The right speaker did not work.,,MULTIMEDIA_DEVICES#QUALITY,negative,annotated,True,True,False
147,147:1,laptop,The right speaker did not work.,,MULTIMEDIA_DEVICES#OPERATION_PERFORMANCE,negative,annotated,True,True,False
147,147:2,laptop,I took it back to the store and exchanged it for another one.,,,,non_annotated,False,False,False
147,147:3,laptop,"Again, the same problem, the right speaker did not work.",,MULTIMEDIA_DEVICES#QUALITY,negative,annotated,True,True,False
147,147:3,laptop,"Again, the same problem, the right speaker did not work.",,MULTIMEDIA_DEVICES#OPERATION_PERFORMANCE,negative,annotated,True,True,False
147,147:4,laptop,I returned the 2nd laptop for a full refund.,,LAPTOP#GENERAL,negative,annotated,True,True,False
149,149:0,laptop,the mouse pad and buttons are the worst i've ever seen.,,MOUSE#GENERAL,negative,annotated,True,True,False
149,149:1,laptop,sometimes you will be moving your finger and the pointer will not even move.,,MOUSE#OPERATION_PERFORMANCE,negative,annotated,True,True,False
149,149:2,laptop,the mouse buttons are hard to push.,,MOUSE#USABILITY,negative,annotated,True,True,False
149,149:3,laptop,i cant believe HP put this out.,,COMPANY#GENERAL,negative,annotated,True,True,False
149,149:3,laptop,i cant believe HP put this out.,,LAPTOP#GENERAL,negative,annotated,True,True,False
149,149:4,laptop,do not buy you will be disappointed.,,LAPTOP#GENERAL,negative,annotated,True,True,False
149,149:5,laptop,i'm returning mine,,LAPTOP#GENERAL,negative,annotated,True,True,False
150,150:0,laptop,dell is a decently made pc.,,LAPTOP#GENERAL,neutral,annotated,True,True,False
150,150:1,laptop,although its windows vista compared to windows xp sucks.,,,,non_annotated,False,False,False
150,150:2,laptop,the graphics are awful and the wireless switch it at the top rather than the side which I am used to it being on the side.,,GRAPHICS#GENERAL,negative,annotated,True,True,False
150,150:2,laptop,the graphics are awful and the wireless switch it at the top rather than the side which I am used to it being on the side.,,LAPTOP#DESIGN_FEATURES,negative,annotated,True,True,False
150,150:2,laptop,the graphics are awful and the wireless switch it at the top rather than the side which I am used to it being on the side.,,LAPTOP#USABILITY,negative,annotated,True,True,False
150,150:3,laptop,with the switch being at the top you need to memorize the key combination rather than just flicking a switch.,,LAPTOP#DESIGN_FEATURES,negative,annotated,True,True,False
150,150:3,laptop,with the switch being at the top you need to memorize the key combination rather than just flicking a switch.,,LAPTOP#USABILITY,negative,annotated,True,True,False
150,150:4,laptop,so in a brief summary i would have to say that i would not recommend dell vostro 1000 to anyone due to it being a down right awful setup so in my opinion you should steer clear of them if you want a decent laptop.,,LAPTOP#GENERAL,negative,annotated,True,True,False
275,275:0,laptop,"I love HP,, it's the only computer/printer we will buy.",,COMPANY#GENERAL,positive,annotated,True,True,False
275,275:0,laptop,"I love HP,, it's the only computer/printer we will buy.",,LAPTOP#GENERAL,positive,annotated,True,True,False
275,275:1,laptop,Got this for a graduation gift for my daughter for her to use at college.,,,,non_annotated,False,False,False
275,275:2,laptop,This is perfect for her field.,,LAPTOP#MISCELLANEOUS,positive,annotated,True,True,False
104,104:0,laptop,"At first when I got this product, I loved it.",,LAPTOP#GENERAL,positive,annotated,True,True,False
104,104:1,laptop,"The computer itself was fast, ran smoothly, and had no problems.",,LAPTOP#OPERATION_PERFORMANCE,positive,annotated,True,True,False
104,104:1,laptop,"The computer itself was fast, ran smoothly, and had no problems.",,LAPTOP#GENERAL,positive,annotated,True,True,False
104,104:2,laptop,"Then, within 5 months, the charger crapped out on me.",,POWER_SUPPLY#QUALITY,negative,annotated,True,True,False
104,104:3,laptop,"So I called Compaq, and after being on the phone for 3 hours, i finally got a replacement which I shouldn't have had a problem getting since it was under warranty.",,SUPPORT#QUALITY,negative,annotated,True,True,False
104,104:4,laptop,"2 months later, the battery went.",,BATTERY#QUALITY,negative,annotated,True,True,False
104,104:5,laptop,"They gave me a hard time yet again, but their was a malfunction in the battery itself, it didn't die.",,BATTERY#OPERATION_PERFORMANCE,negative,annotated,True,True,False
104,104:5,laptop,"They gave me a hard time yet again, but their was a malfunction in the battery itself, it didn't die.",,SUPPORT#QUALITY,negative,annotated,True,True,False
104,104:6,laptop,"THEN, one month after the warranty expired, the replacement charger went.",,POWER_SUPPLY#MISCELLANEOUS,negative,annotated,True,True,False
104,104:7,laptop,I had to pay $100 for a universal charger for this cheap $300 laptop.,,LAPTOP#MISCELLANEOUS,negative,annotated,True,True,False
104,104:8,laptop,Not worth it one bit.,,LAPTOP#GENERAL,negative,annotated,True,True,False
104,104:9,laptop,"The people are frustrating to work with, the product itself is very cheaply made, and the accessories are less than satisfactory.",,LAPTOP#DESIGN_FEATURES,negative,annotated,True,True,False
104,104:9,laptop,"The people are frustrating to work with, the product itself is very cheaply made, and the accessories are less than satisfactory.",,LAPTOP#QUALITY,negative,annotated,True,True,False
104,104:9,laptop,"The people are frustrating to work with, the product itself is very cheaply made, and the accessories are less than satisfactory.",,SUPPORT#QUALITY,negative,annotated,True,True,False
104,104:10,laptop,"Also, my sister got the exact same laptop (since they were so cheap) and after 8 months, the screen split in half just from everyday use.",,DISPLAY#QUALITY,negative,annotated,True,True,False
104,104:10,laptop,"Also, my sister got the exact same laptop (since they were so cheap) and after 8 months, the screen split in half just from everyday use.",,LAPTOP#PRICE,positive,annotated,True,True,False
104,104:11,laptop,"Apparently under the screen there are 2 little screws and when the screen gets moved back and forth, they come loose.",,LAPTOP#QUALITY,negative,annotated,True,True,False
104,104:12,laptop,And it is impossible to get them back in.,,LAPTOP#QUALITY,negative,annotated,True,True,False
122,122:0,laptop,Strengths:Well-shaped,,LAPTOP#DESIGN_FEATURES,positive,annotated,True,True,False
122,122:1,laptop,Weaknesses:A bad videocard!,,GRAPHICS#GENERAL,negative,annotated,True,True,False
122,122:2,laptop,"Posted Nov 8, 2010 -",,,,non_annotated,False,False,False
122,122:3,laptop,Two weeks ago I bought this notebook.,,,,non_annotated,False,False,False
122,122:4,laptop,What can I say.,,,,non_annotated,False,False,False
122,122:5,laptop,The first programm I switched on was a game for my children.,,,,non_annotated,False,False,False
122,122:6,laptop,After 20-30 min the screen of the notebook switched off.,,DISPLAY#OPERATION_PERFORMANCE,negative,annotated,True,True,False
122,122:7,laptop,"It was still working, but there was nothing on the screen.",,DISPLAY#OPERATION_PERFORMANCE,negative,annotated,True,True,False
122,122:8,laptop,I was said it's videocard.,,GRAPHICS#GENERAL,negative,annotated,True,True,False
122,122:9,laptop,Very disappointed!,,LAPTOP#GENERAL,negative,annotated,True,True,False
122,122:10,laptop,Didn't expect to repair it at once!,,LAPTOP#QUALITY,negative,annotated,True,True,False
122,122:11,laptop,Going to bring it to service today.,,,,non_annotated,False,False,False
122,122:12,laptop,Don't buy this model.,,LAPTOP#GENERAL,negative,annotated,True,True,False
124,124:0,laptop,An absolutely hateful machine that no one should get of their own free will.,,LAPTOP#GENERAL,negative,annotated,True,True,False
124,124:1,laptop,I just can't fathom that the celebrated Dell would last a week in environment of free competition with normal products - it only survives b/c its substandard laptops are forced onto captive students and employees through question-raising programs.,,,,non_annotated,False,False,False
124,124:2,laptop,"Mine came at $1,700 w/o a DVD burner (!).",,LAPTOP#DESIGN_FEATURES,negative,annotated,True,True,False
124,124:2,laptop,"Mine came at $1,700 w/o a DVD burner (!).",,LAPTOP#PRICE,negative,annotated,True,True,False
124,124:3,laptop,Enough said.,,,,non_annotated,False,False,False
124,124:4,laptop,"The screen is framed by half- to a full-inch margin that is obviously unnecessary, reduces the screen size and increases the bulk.",,DISPLAY#DESIGN_FEATURES,negative,annotated,True,True,False
124,124:5,laptop,"The 4 USB ports are nice, but the two on the side only work now and then.",,LAPTOP#DESIGN_FEATURES,positive,annotated,True,True,False
124,124:5,laptop,"The 4 USB ports are nice, but the two on the side only work now and then.",,PORTS#QUALITY,negative,annotated,True,True,False
124,124:5,laptop,"The 4 USB ports are nice, but the two on the side only work now and then.",,PORTS#OPERATION_PERFORMANCE,negative,annotated,True,True,False
124,124:6,laptop,Keyboard could use some trimming.,,KEYBOARD#DESIGN_FEATURES,negative,annotated,True,True,False
124,124:7,laptop,"Did I mention everything about it, from size to weight to keyboard screams BULK?",,KEYBOARD#GENERAL,negative,annotated,True,True,False
124,124:7,laptop,"Did I mention everything about it, from size to weight to keyboard screams BULK?",,LAPTOP#DESIGN_FEATURES,negative,annotated,True,True,False
124,124:7,laptop,"Did I mention everything about it, from size to weight to keyboard screams BULK?",,LAPTOP#GENERAL,negative,annotated,True,True,False
263,263:0,laptop,I'm glad I made the choice to switch and buy this MAC.,,LAPTOP#GENERAL,positive,annotated,True,True,False
263,263:1,laptop,The benefits were immediate!,,LAPTOP#GENERAL,positive,annotated,True,True,False
263,263:2,laptop,Awesome graphics!,,GRAPHICS#GENERAL,positive,annotated,True,True,False
263,263:3,laptop,Applications respond immediately (not like the tired MS applications).,,,,non_annotated,False,False,False
263,263:4,laptop,"I can actually get work done with this MAC, and not fight with it like my tired old PC laptop.",,,,non_annotated,False,False,False
263,263:5,laptop,The magnetic plug-in power charging power cord is great (I even put it to the test by accident)- excellent innovation!,,POWER_SUPPLY#DESIGN_FEATURES,positive,annotated,True,True,False
263,263:6,laptop,"The Apple applications (ex.iPhoto) are fun, easy, and really cool to use (unlike the competition)!",,,,non_annotated,False,False,False
263,263:7,laptop,"After doing CAD work all day at work, using a higher end PC, I couldn't come home and settle for the use of a lower end computer.",,,,non_annotated,False,False,False
263,263:8,laptop,This laptop rocks (only wish it could run SolidWorks CAD - which Apple doesn't support)!,,LAPTOP#GENERAL,positive,annotated,True,True,False
263,263:8,laptop,This laptop rocks (only wish it could run SolidWorks CAD - which Apple doesn't support)!,,LAPTOP#USABILITY,negative,annotated,True,True,False
263,263:9,laptop,"I've saved a lot of time and headaches so far, using my new MacBook Pro.",,LAPTOP#GENERAL,positive,annotated,True,True,False
263,263:10,laptop,"I am definitely sold, and not going back to PCs for home use!",,,,non_annotated,False,False,False
257,257:0,laptop,I previously owned an HP desktop and a Dell laptop.,,,,non_annotated,False,False,False
257,257:1,laptop,Both computers started acting extremely slow within the first year of owning them.,,,,non_annotated,False,False,False
257,257:2,laptop,"I have never had any issues or problems with my MacBook Pro so far, and it is still as fast as it was when I first bought it.",,LAPTOP#GENERAL,positive,annotated,True,True,False
257,257:2,laptop,"I have never had any issues or problems with my MacBook Pro so far, and it is still as fast as it was when I first bought it.",,LAPTOP#QUALITY,positive,annotated,True,True,False
257,257:2,laptop,"I have never had any issues or problems with my MacBook Pro so far, and it is still as fast as it was when I first bought it.",,LAPTOP#OPERATION_PERFORMANCE,positive,annotated,True,True,False
257,257:3,laptop,I especially like the backlit keyboard.,,KEYBOARD#DESIGN_FEATURES,positive,annotated,True,True,False
257,257:4,laptop,It makes doing schoolwork at night so much easier.,,LAPTOP#USABILITY,positive,annotated,True,True,False
257,257:5,laptop,"It is also very lightweight, making transporting this computer very easy.",,LAPTOP#DESIGN_FEATURES,positive,annotated,True,True,False
257,257:5,laptop,"It is also very lightweight, making transporting this computer very easy.",,LAPTOP#PORTABILITY,positive,annotated,True,True,False
257,257:6,laptop,The graphics on this computer are also stellar - very clear and vivid.,,GRAPHICS#QUALITY,positive,annotated,True,True,False
257,257:7,laptop,"The applications are also very easy to find and maneuver, much easier than any other computer I have ever owned.",,,,non_annotated,False,False,False
257,257:8,laptop,"I use iphoto all the time, which is a great program for anyone who is into photography - amateurs and experts alike.",,SOFTWARE#GENERAL,positive,annotated,True,True,False
257,257:8,laptop,"I use iphoto all the time, which is a great program for anyone who is into photography - amateurs and experts alike.",,SOFTWARE#MISCELLANEOUS,positive,annotated,True,True,False
257,257:9,laptop,The program came with the computer and works beautifully.,,SOFTWARE#OPERATION_PERFORMANCE,positive,annotated,True,True,False
257,257:10,laptop,I definitely will buy a Mac again if and when this computer ever fails.,,LAPTOP#GENERAL,positive,annotated,True,True,False
257,257:10,laptop,I definitely will buy a Mac again if and when this computer ever fails.,,COMPANY#GENERAL,positive,annotated,True,True,False
102,102:0,laptop,My hp G60-244dx died after only 16 months.,,LAPTOP#QUALITY,negative,annotated,True,True,False
102,102:1,laptop,It started out getting hot after only a few months.,,LAPTOP#QUALITY,negative,annotated,True,True,False
102,102:2,laptop,I should have sent it back to them then.,,,,non_annotated,False,False,False
102,102:3,laptop,At 16 months it started shutting off after only 5 or 10 minutes.,,LAPTOP#OPERATION_PERFORMANCE,negative,annotated,True,True,False
102,102:4,laptop,I use a cooling pad but it doesn't help.,,LAPTOP#MISCELLANEOUS,negative,annotated,True,True,False
102,102:5,laptop,I took it to the shop and they said It would cost too much to repair it.,,SUPPORT#PRICE,negative,annotated,True,True,False
102,102:6,laptop,I had a toshiba for 10 years.,,,,non_annotated,False,False,False
102,102:7,laptop,I'll stick to Tashiba.,,,,non_annotated,False,False,False
11,11:0,laptop,I will have to say that I love my MacBook Pro!,,LAPTOP#GENERAL,positive,annotated,True,True,False
11,11:1,laptop,It fires up in the morning in less than 30 seconds and I have never had any issues with it freezing.,,LAPTOP#OPERATION_PERFORMANCE,positive,annotated,True,True,False
11,11:2,laptop,I have used different laptops in the past and I have to rate this one way above the rest.,,,,non_annotated,False,False,False
11,11:3,laptop,This is now my 3rd MacBook Pro and I really honestly love it!,,LAPTOP#GENERAL,positive,annotated,True,True,False
11,11:4,laptop,"The newer black keyboard took a little bit away from the previous gray one which looked really slick, but it is still a great notebook!",,,,non_annotated,False,False,False
11,11:5,laptop,The MacBook Pro is very sturdy and versatile.,,LAPTOP#QUALITY,positive,annotated,True,True,False
11,11:5,laptop,The MacBook Pro is very sturdy and versatile.,,LAPTOP#USABILITY,positive,annotated,True,True,False
11,11:6,laptop,I love it!,,LAPTOP#GENERAL,positive,annotated,True,True,False
11,11:7,laptop,"I even got my teenage son one, because of the features that it offers, like, iChat, Photobooth, garage band and more!",,LAPTOP#DESIGN_FEATURES,positive,annotated,True,True,False
11,11:8,laptop,We are addicted to the Mac.,,LAPTOP#GENERAL,positive,annotated,True,True,False
11,11:9,laptop,This is a great laptop and I would recommend it to anyone.,,LAPTOP#GENERAL,positive,annotated,True,True,False
11,11:10,laptop,The OS takes some getting used to especially after being a Windows user for so long but the learning curve is so worth it!,,OS#USABILITY,positive,annotated,True,True,False
11,11:11,laptop,Great laptop that offers many great features!,,LAPTOP#DESIGN_FEATURES,positive,annotated,True,True,False
11,11:11,laptop,Great laptop that offers many great features!,,LAPTOP#GENERAL,positive,annotated,True,True,False
11,11:12,laptop,Lightweight and the screen is beautiful!,,DISPLAY#GENERAL,positive,annotated,True,True,False
11,11:12,laptop,Lightweight and the screen is beautiful!,,LAPTOP#DESIGN_FEATURES,positive,annotated,True,True,False
13,13:0,laptop,I have had my new Macbook Pro i5 for a couple of days and have recycled ALL of my old PC laptops.,,,,non_annotated,False,False,False
13,13:1,laptop,It is easy to operate and I have already ordered more software and gadgets for my new Rolls Royce of laptops.,,LAPTOP#USABILITY,positive,annotated,True,True,False
13,13:1,laptop,It is easy to operate and I have already ordered more software and gadgets for my new Rolls Royce of laptops.,,LAPTOP#GENERAL,positive,annotated,True,True,False
13,13:2,laptop,"Before i bought my new i5, I did my research for about 2 weeks and determined to move for HP to Apple for reliability, dependable, and long lasting operations.",,,,non_annotated,False,False,False
13,13:3,laptop,"Buy it, love it, and I promise you won't regret it.",,LAPTOP#GENERAL,positive,annotated,True,True,False
148,148:0,laptop,This computer is good for 10 days then it sucks for the rest of your life.,,LAPTOP#QUALITY,negative,annotated,True,True,False
148,148:1,laptop,"Don't waste their money, save it and but a mac.",,,,non_annotated,False,False,False
148,148:2,laptop,You will regret it if you buy any dell.,,COMPANY#GENERAL,negative,annotated,True,True,False
148,148:3,laptop,Dell sucks,,COMPANY#GENERAL,negative,annotated,True,True,False
154,154:0,laptop,The only pro to this computer is it was under $600!,,LAPTOP#GENERAL,negative,annotated,True,True,False
154,154:0,laptop,The only pro to this computer is it was under $600!,,LAPTOP#PRICE,positive,annotated,True,True,False
154,154:1,laptop,Everything is falling apart internally and externally.,,LAPTOP#QUALITY,negative,annotated,True,True,False
154,154:2,laptop,"I am not much of a computer techie, so I can understand some of the internal problems, though I do have trend micro as an antiviral program.",,,,non_annotated,False,False,False
154,154:3,laptop,With in weeks of purchasing my computer is began to slow down.,,LAPTOP#QUALITY,negative,annotated,True,True,False
154,154:3,laptop,With in weeks of purchasing my computer is began to slow down.,,LAPTOP#OPERATION_PERFORMANCE,negative,annotated,True,True,False
154,154:4,laptop,"I am constantly trying to uninstall programs, clean cookies, and delete unused files.",,LAPTOP#USABILITY,negative,annotated,True,True,False
154,154:5,laptop,Nightly my computer defrags itself and runs a virus scan.,,LAPTOP#OPERATION_PERFORMANCE,negative,annotated,True,True,False
154,154:6,laptop,"More times that not the screen pops up saying I have a bad internet connection, or the page can't be displayed.",,LAPTOP#OPERATION_PERFORMANCE,negative,annotated,True,True,False
154,154:7,laptop,"It takes me approximately 3 tries to get to each site, then after closing the browser and reopening it it actually works.",,SOFTWARE#OPERATION_PERFORMANCE,negative,annotated,True,True,False
154,154:8,laptop,"I have Vista, so I am unable to install and uninstall  some programs.",,OS#GENERAL,negative,annotated,True,True,False
154,154:8,laptop,"I have Vista, so I am unable to install and uninstall  some programs.",,LAPTOP#USABILITY,negative,annotated,True,True,False
154,154:9,laptop,I can't even install one of the 3 printers I have in my house so I am unable to print.,,LAPTOP#USABILITY,negative,annotated,True,True,False
154,154:9,laptop,I can't even install one of the 3 printers I have in my house so I am unable to print.,,LAPTOP#CONNECTIVITY,negative,annotated,True,True,False
154,154:10,laptop,"Externally the keys on my keyboard are falling off, after a few uses the paint is rubbing off the button below the mouse pad and where the heals of my hands sit, and the screen has a terrible glare.",,KEYBOARD#QUALITY,negative,annotated,True,True,False
154,154:10,laptop,"Externally the keys on my keyboard are falling off, after a few uses the paint is rubbing off the button below the mouse pad and where the heals of my hands sit, and the screen has a terrible glare.",,MOUSE#QUALITY,negative,annotated,True,True,False
154,154:10,laptop,"Externally the keys on my keyboard are falling off, after a few uses the paint is rubbing off the button below the mouse pad and where the heals of my hands sit, and the screen has a terrible glare.",,DISPLAY#QUALITY,negative,annotated,True,True,False
154,154:11,laptop,In short I would never buy a Compaq again.,,COMPANY#GENERAL,negative,annotated,True,True,False
154,154:12,laptop,"My last computer, a Toshiba, cost only $400, and worked like a charm for many years.",,,,non_annotated,False,False,False
183,183:0,laptop,I bought this laptop on Saturday and am completely in love with it!,,LAPTOP#GENERAL,positive,annotated,True,True,False
183,183:1,laptop,It was super easy to set up and Is really easy to get used to.,,LAPTOP#USABILITY,positive,annotated,True,True,False
183,183:2,laptop,The online tutorial videos make it super easy to learn if you have always used a PC.,,LAPTOP#USABILITY,positive,annotated,True,True,False
183,183:3,laptop,I now travel with this laptop and my work PC.,,,,non_annotated,False,False,False
183,183:4,laptop,I love the Mac so much better than my work PC!,,,,non_annotated,False,False,False
183,183:5,laptop,I will never go back to Windows!,,,,non_annotated,False,False,False
195,195:0,laptop,"Never any doubt I would get a MacBook, just wasn't sure which one.",,,,non_annotated,False,False,False
195,195:1,laptop,"After talking it over with the very knowledgeable sales associate, I chose the MacBook Pro over the white MacBook.",,,,non_annotated,False,False,False
195,195:2,laptop,The performance is awesome.,,LAPTOP#OPERATION_PERFORMANCE,positive,annotated,True,True,False
195,195:3,laptop,I will never complain about the price since I believe you get what you pay for and my MacBook Pro was worth every dollar.,,LAPTOP#GENERAL,positive,annotated,True,True,False
195,195:3,laptop,I will never complain about the price since I believe you get what you pay for and my MacBook Pro was worth every dollar.,,LAPTOP#PRICE,positive,annotated,True,True,False
22,22:0,laptop,"With all the goodies inside this machine, it is a value.",,LAPTOP#DESIGN_FEATURES,positive,annotated,True,True,False
22,22:0,laptop,"With all the goodies inside this machine, it is a value.",,LAPTOP#GENERAL,positive,annotated,True,True,False
22,22:1,laptop,It is very well built.,,LAPTOP#QUALITY,positive,annotated,True,True,False
22,22:2,laptop,The keyboard is top notch.,,KEYBOARD#QUALITY,positive,annotated,True,True,False
22,22:3,laptop,The touch pad is among the best.,,MOUSE#GENERAL,positive,annotated,True,True,False
22,22:4,laptop,"The screen is huge and coloful, but no LED backlighting.",,DISPLAY#DESIGN_FEATURES,negative,annotated,True,True,False
22,22:4,laptop,"The screen is huge and coloful, but no LED backlighting.",,DISPLAY#DESIGN_FEATURES,positive,annotated,True,True,False
22,22:5,laptop,"The video card is great for media, and above average for gaming, but not a gamers first choice.",,GRAPHICS#MISCELLANEOUS,positive,annotated,True,True,False
22,22:5,laptop,"The video card is great for media, and above average for gaming, but not a gamers first choice.",,GRAPHICS#MISCELLANEOUS,negative,annotated,True,True,False
22,22:6,laptop,The problem I had with this unit was unresolvable.,,LAPTOP#GENERAL,negative,annotated,True,True,False
22,22:7,laptop,"It had a cooling system malfunction after 10 minutes of general use, and would not move past this error.",,FANS_COOLING#QUALITY,negative,annotated,True,True,False
22,22:7,laptop,"It had a cooling system malfunction after 10 minutes of general use, and would not move past this error.",,FANS_COOLING#OPERATION_PERFORMANCE,negative,annotated,True,True,False
22,22:8,laptop,"I realize that not every unit has this issue, but the ones that do cannot be repaired.",,,,non_annotated,False,False,False
22,22:9,laptop,"I acually believe the issue is with the Nvidia grafics card, but still requires a return.",,GRAPHICS#GENERAL,neutral,annotated,True,True,False
22,22:9,laptop,"I acually believe the issue is with the Nvidia grafics card, but still requires a return.",,LAPTOP#GENERAL,negative,annotated,True,True,False
22,22:10,laptop,"Instead of taking another chance on Toshiba, I went with an Asus G73JH-x3.",,,,non_annotated,False,False,False
22,22:11,laptop,"They offer the best warranty in the business, and don't 3rd party it out like Toshiba.",,,,non_annotated,False,False,False
22,22:12,laptop,"For the same price, you get a lot more in the Asus....1920x1080 res./ awesome cooling system/ much better grafics card (ATI 5870) / 8GB RAM/ LED backlit screen...",,,,non_annotated,False,False,False
22,22:13,laptop,"Sorry Toshiba, but 1st impressions do count for something.",,COMPANY#GENERAL,negative,annotated,True,True,False
164,164:0,laptop,I got the black MacBook two years ago and have never regretted it.,,LAPTOP#GENERAL,positive,annotated,True,True,False
164,164:1,laptop,It was a hard decision for me since the MacBook Pro looked so appealing.,,,,non_annotated,False,False,False
164,164:2,laptop,"But to be honest, I don't use my computer for anything like graphics editing and complex data analysis and gaming.",,,,non_annotated,False,False,False
164,164:3,laptop,So this was great for me.,,LAPTOP#GENERAL,positive,annotated,True,True,False
164,164:4,laptop,It has just enough RAM to run smoothly and enough memory to satisfy my needs.,,LAPTOP#OPERATION_PERFORMANCE,positive,annotated,True,True,False
164,164:4,laptop,It has just enough RAM to run smoothly and enough memory to satisfy my needs.,,MEMORY#DESIGN_FEATURES,positive,annotated,True,True,False
164,164:5,laptop,Plus it is small and reasonably light so I can take it with me to and from work.,,LAPTOP#DESIGN_FEATURES,positive,annotated,True,True,False
164,164:5,laptop,Plus it is small and reasonably light so I can take it with me to and from work.,,LAPTOP#PORTABILITY,positive,annotated,True,True,False
164,164:6,laptop,I also travel with it and it never gives me any problems.,,LAPTOP#PORTABILITY,positive,annotated,True,True,False
164,164:6,laptop,I also travel with it and it never gives me any problems.,,LAPTOP#GENERAL,positive,annotated,True,True,False
164,164:7,laptop,It was also cheaper than the Pro which made it even more appealing to me.,,,,non_annotated,False,False,False
164,164:8,laptop,"Sadly Apple has discontinued this MacBook, I think it was never super popular since it fell somewhere in between the cheapest white model and the smaller Pros.",,,,non_annotated,False,False,False
164,164:9,laptop,But I am glad to have gotten mine right before they stopped making it.,,LAPTOP#GENERAL,positive,annotated,True,True,False
164,164:10,laptop,"I look forward to years of use, it has held up well over the years and it fits my needs very well.",,LAPTOP#QUALITY,positive,annotated,True,True,False
164,164:10,laptop,"I look forward to years of use, it has held up well over the years and it fits my needs very well.",,LAPTOP#GENERAL,positive,annotated,True,True,False
367,367:0,laptop,I bought this laptop about a month ago to replace my compaq laptop.,,,,non_annotated,False,False,False
367,367:1,laptop,I paid about the same for my Toshiba as I did for the compaq a few years back.,,,,non_annotated,False,False,False
367,367:2,laptop,The difference is the Toshiba had a lot more memory and hard drive space.,,MEMORY#DESIGN_FEATURES,positive,annotated,True,True,False
367,367:2,laptop,The difference is the Toshiba had a lot more memory and hard drive space.,,HARD_DISC#DESIGN_FEATURES,positive,annotated,True,True,False
367,367:3,laptop,It's super fast and a great value for the price!,,LAPTOP#GENERAL,positive,annotated,True,True,False
367,367:3,laptop,It's super fast and a great value for the price!,,LAPTOP#OPERATION_PERFORMANCE,positive,annotated,True,True,False
367,367:3,laptop,It's super fast and a great value for the price!,,LAPTOP#PRICE,neutral,annotated,True,True,False
367,367:4,laptop,I would definitely recommend checking out this laptop if you are in the market for one.,,LAPTOP#GENERAL,positive,annotated,True,True,False
105,105:0,laptop,"no complaints with their desktop, and maybe because it just sits on your desktop, and you don't carry it around, which could jar the hard drive, or the motherboard.",,,,non_annotated,False,False,False
105,105:1,laptop,Bought this gateway M-50 or 150 early 2007.,,,,non_annotated,False,False,False
105,105:2,laptop,"A MONTH LATER, we reinstall the OS (Vista).",,OS#QUALITY,negative,annotated,True,True,False
105,105:3,laptop,"A coupla months later, they change my hard drive.",,HARD_DISC#QUALITY,negative,annotated,True,True,False
105,105:4,laptop,"A month or so ago, the freaking motherboard just died.",,MOTHERBOARD#QUALITY,negative,annotated,True,True,False
105,105:5,laptop,Went silently.,,MOTHERBOARD#QUALITY,negative,annotated,True,True,False
105,105:6,laptop,"One night I turned the freaking thing off after using it, the next day I turn it on, no GUI, screen all dark, power light steady, hard drive light steady and not flashing as it usually does.",,LAPTOP#OPERATION_PERFORMANCE,negative,annotated,True,True,False
105,105:7,laptop,THE MOTHERBOARD IS DEAD !,,MOTHERBOARD#QUALITY,negative,annotated,True,True,False
105,105:8,laptop,"And I'm still paying the bloody financing, for a product which didn't last me at least three years !",,LAPTOP#QUALITY,negative,annotated,True,True,False
128,128:0,laptop,"I initially purchased my Macbook Pro 13"" in April, and I loved it.",,LAPTOP#GENERAL,positive,annotated,True,True,False
128,128:1,laptop,I had never owned a Mac before;,,,,non_annotated,False,False,False
128,128:2,laptop,I had always used PCs and been constantly frustrated by the crashing and the poorly designed operating systems that were never very intuitive.,,,,non_annotated,False,False,False
128,128:3,laptop,I was so happy with my new Mac.,,LAPTOP#GENERAL,negative,annotated,True,True,False
128,128:4,laptop,for 2 months.,,,,non_annotated,False,False,False
128,128:5,laptop,Then the hard drive failed;,,HARD_DISC#QUALITY,negative,annotated,True,True,False
128,128:6,laptop,"my information was all lost (my fault, I know, but I never thought I would need to back up my information on a brand new Mac, the paragon of all computers!",,LAPTOP#MISCELLANEOUS,negative,annotated,True,True,False
128,128:7,laptop,"So, after Apple replaced the hard drive I enjoyed another 4 months of my new computer, until it froze this morning--completely.",,LAPTOP#OPERATION_PERFORMANCE,negative,annotated,True,True,False
128,128:8,laptop,I can't even turn it off.,,LAPTOP#OPERATION_PERFORMANCE,negative,annotated,True,True,False
128,128:9,laptop,It's catatonic.,,LAPTOP#OPERATION_PERFORMANCE,negative,annotated,True,True,False
128,128:10,laptop,"Even if Apple replaces whatever needs replacing I wonder if, since I seem to be doubling the amount of time I get out of it each time it's ""like new,"" I might have 8 months next time.",,LAPTOP#QUALITY,negative,annotated,True,True,False
128,128:11,laptop,"Oh, boy!",,,,non_annotated,False,False,False
128,128:12,laptop,"I would rate this computer at 5 stars, but considering it has a short life span I can only give it 1 and implore anyone looking at laptops to stay away from this machine.",,LAPTOP#QUALITY,negative,annotated,True,True,False
128,128:12,laptop,"I would rate this computer at 5 stars, but considering it has a short life span I can only give it 1 and implore anyone looking at laptops to stay away from this machine.",,LAPTOP#GENERAL,negative,annotated,True,True,False
128,128:13,laptop,I'm going back to PC.,,,,non_annotated,False,False,False
128,128:14,laptop,At least those computers didn't just die on me like this one.,,,,non_annotated,False,False,False
171,171:0,laptop,"Great battery, speed, display.",,BATTERY#GENERAL,positive,annotated,True,True,False
171,171:0,laptop,"Great battery, speed, display.",,LAPTOP#OPERATION_PERFORMANCE,positive,annotated,True,True,False
171,171:0,laptop,"Great battery, speed, display.",,DISPLAY#GENERAL,positive,annotated,True,True,False
171,171:1,laptop,It WORKS!,,LAPTOP#OPERATION_PERFORMANCE,positive,annotated,True,True,False
171,171:2,laptop,I always swore by PCs and would never consider a MAC.,,,,non_annotated,False,False,False
171,171:3,laptop,"As it turns out, I just didn't know any better.",,,,non_annotated,False,False,False
171,171:4,laptop,My house is now 100% Macbook.,,LAPTOP#GENERAL,positive,annotated,True,True,False
171,171:4,laptop,My house is now 100% Macbook.,,COMPANY#GENERAL,positive,annotated,True,True,False
171,171:5,laptop,"The Macbook starts fast, doesn't crash, has a fantastic display, is small and light (I have the 13.3"" model), and isn't always complaining about updates, lost connections, errors, blue screens, etc.",,DISPLAY#GENERAL,positive,annotated,True,True,False
171,171:5,laptop,"The Macbook starts fast, doesn't crash, has a fantastic display, is small and light (I have the 13.3"" model), and isn't always complaining about updates, lost connections, errors, blue screens, etc.",,LAPTOP#OPERATION_PERFORMANCE,positive,annotated,True,True,False
171,171:5,laptop,"The Macbook starts fast, doesn't crash, has a fantastic display, is small and light (I have the 13.3"" model), and isn't always complaining about updates, lost connections, errors, blue screens, etc.",,LAPTOP#DESIGN_FEATURES,positive,annotated,True,True,False
171,171:6,laptop,THIS is what a laptop is supposed to be.,,LAPTOP#GENERAL,positive,annotated,True,True,False
21,21:0,laptop,I thought the price was great for the specs.,,LAPTOP#PRICE,positive,annotated,True,True,False
21,21:0,laptop,I thought the price was great for the specs.,,LAPTOP#DESIGN_FEATURES,positive,annotated,True,True,False
21,21:1,laptop,"But after using it a couple of weeks, the overall operation is poor.",,LAPTOP#OPERATION_PERFORMANCE,negative,annotated,True,True,False
21,21:2,laptop,I hate the display screen and I have done everything I could do the change it.,,DISPLAY#GENERAL,negative,annotated,True,True,False
21,21:3,laptop,The keyboard is too slick.,,KEYBOARD#QUALITY,negative,annotated,True,True,False
21,21:4,laptop,"I really don't like it, but I am stuck.",,LAPTOP#GENERAL,negative,annotated,True,True,False
228,228:0,laptop,Dell Latitude d620 is not a reliable machine.,,LAPTOP#QUALITY,negative,annotated,True,True,False
228,228:1,laptop,"The battery never held a charge longer than one hour and within two months, stopped holding a charge for more than ten minutes.",,BATTERY#OPERATION_PERFORMANCE,negative,annotated,True,True,False
228,228:1,laptop,"The battery never held a charge longer than one hour and within two months, stopped holding a charge for more than ten minutes.",,BATTERY#QUALITY,negative,annotated,True,True,False
228,228:2,laptop,Later it held zero charge and its replacement worked for less than three months.,,BATTERY#QUALITY,negative,annotated,True,True,False
228,228:2,laptop,Later it held zero charge and its replacement worked for less than three months.,,BATTERY#MISCELLANEOUS,negative,annotated,True,True,False
228,228:3,laptop,The machine is slow to boot up and occasionally crashes completely.,,LAPTOP#OPERATION_PERFORMANCE,negative,annotated,True,True,False
234,234:0,laptop,This is the first Apple product that I have purchased.,,,,non_annotated,False,False,False
234,234:1,laptop,VERY disappointing:,,LAPTOP#GENERAL,negative,annotated,True,True,False
234,234:2,laptop,I was not aware that this product cannot display websites that contain Flash.,,LAPTOP#DESIGN_FEATURES,negative,annotated,True,True,False
234,234:3,laptop,About 1/2 of the sites I need to visit because of my work contain some type of Flash.,,,,non_annotated,False,False,False
234,234:4,laptop,"Web access through the 3G network is so slow, it's very frustrating and VERY DISAPPOINTING.",,LAPTOP#CONNECTIVITY,negative,annotated,True,True,False
234,234:5,laptop,One of the primary reasons why I purchased an IPad was to store photographs so that I could show to my customers.,,,,non_annotated,False,False,False
234,234:6,laptop,"After purchasing this thing, I find out that I need a special interface device to connect my camera, and that it cannot be purchased at the store - only on line.",,LAPTOP#CONNECTIVITY,negative,annotated,True,True,False
234,234:7,laptop,"I go to purchase it on line, and I find out that the device will not be available until almost two months later!",,,,non_annotated,False,False,False
234,234:8,laptop,I now realize that my $900 would have been better spent on a Windows laptop.,,,,non_annotated,False,False,False
139,139:0,laptop,"HP Pavilion DV9000 Notebook PC      When I first got this computer, it really rocked.",,LAPTOP#GENERAL,positive,annotated,True,True,False
139,139:1,laptop,But as time went on I found it almost impossible to keep the thing on-line through wi-fi.,,LAPTOP#CONNECTIVITY,negative,annotated,True,True,False
139,139:2,laptop,Eventually the screen went blank and the computer would not turn on.,,DISPLAY#OPERATION_PERFORMANCE,negative,annotated,True,True,False
139,139:2,laptop,Eventually the screen went blank and the computer would not turn on.,,LAPTOP#OPERATION_PERFORMANCE,negative,annotated,True,True,False
139,139:3,laptop,HP said it was out of warranty.,,,,non_annotated,False,False,False
139,139:4,laptop,Guess I'll stay away from HP.,,COMPANY#GENERAL,negative,annotated,True,True,False
196,196:0,laptop,My MacBook is probably the best investment I have ever made.,,LAPTOP#GENERAL,positive,annotated,True,True,False
196,196:1,laptop,I have had it for almost four years now and I have only had a few problems with it.,,LAPTOP#QUALITY,positive,annotated,True,True,False
196,196:2,laptop,"The most recent being that my Safari internet browser is freaking out on me, but I have just been using firefox instead.",,SOFTWARE#OPERATION_PERFORMANCE,negative,annotated,True,True,False
196,196:3,laptop,"If you had PC for four years I can almost gaurentee that something would of gone wrong by now, maybe even forcing you to replace your entire computer.",,,,non_annotated,False,False,False
196,196:4,laptop,I love this computer.,,LAPTOP#GENERAL,positive,annotated,True,True,False
196,196:5,laptop,"Its small enough where I can take it pretty much anywhere, but still has a big enough screen to get everything done.",,DISPLAY#DESIGN_FEATURES,positive,annotated,True,True,False
196,196:5,laptop,"Its small enough where I can take it pretty much anywhere, but still has a big enough screen to get everything done.",,LAPTOP#DESIGN_FEATURES,positive,annotated,True,True,False
196,196:5,laptop,"Its small enough where I can take it pretty much anywhere, but still has a big enough screen to get everything done.",,LAPTOP#PORTABILITY,positive,annotated,True,True,False
196,196:6,laptop,"Everything is so easy to use, Mac software is just so much simpler than Microsoft software.",,,,non_annotated,False,False,False
196,196:7,laptop,The only thing that I don't like about my mac is that sometimes there are programs that I want to be able to run and I am not able to.,,SOFTWARE#USABILITY,negative,annotated,True,True,False
196,196:8,laptop,Games being the main issue.,,LAPTOP#MISCELLANEOUS,negative,annotated,True,True,False
196,196:9,laptop,It drives me crazy when I want to download a game or something of that nature and I can't play it because its not compatable with the software.,,SOFTWARE#USABILITY,negative,annotated,True,True,False
196,196:10,laptop,I feel that enough people have Macs these days and that companies need to start making things more compatable than they used to be.,,,,non_annotated,False,False,False
196,196:11,laptop,Other than that I don't have one complaint in the world!,,LAPTOP#GENERAL,positive,annotated,True,True,False
